Entitas,Label
ketua dpr ri,NOR
puan maharani,PER
iran,GPE
puan duka,PER
pemimpin iran,NOR
ayatollah ali khamenei pu,PER
sidang persidangan iv,EVT
kompleks parlemen senayan jakarta,LOC
iran,GPE
amerika serikat,GPE
israel,GPE
pu,NOR
pbb,NOR
dpr,NOR
presiden amerika serikat as,NOR
donald trump,PER
iran,GPE
trump washington,PER
trump,PER
cbs news,ORG
as,GPE
israel,GPE
iran,GPE
februari,DAT
trump,PER
cbs news,ORG
dora,LOC
##l,GPE
florida,GPE
iran,GPE
angkatan,NOR
laut komunikasi,ORG
angkatan udara rudal,ORG
##rud,PRD
##al,ORG
dronedrone,PRD
dro,PRD
trump,PER
ilyas fadilah,PER
detik,ORG
minyak dunia,PRD
us,MON
barel,QTY
selat hormuz,LOC
iran,GPE
amerika serikat israel,GPE
iran,GPE
kapal tanker,PRD
kapal tanker,PRD
juru bicara kementerian negeri iran,NOR
esmail baghaei,PER
detikfinance baghae,PER
iran,GPE
amerika serikat,GPE
israel,GPE
juru bicara kementerian negeri iran,NOR
esmail baghaei,PER
kapal tanker,PRD
selat hormuz,LOC
minyak mentah,PRD
barel,QTY
selat hormuz,LOC
kapal tanker,PRD
bagh,PER
cn,NOR
##bc,ORG
iran,NOR
amerika serikat,GPE
israel,GPE
bagh,PER
bagh,PER
##aei,ORG
iran,GPE
pemimpin,NOR
moj,PER
##tab,NOR
##a khamenei,PER
juru bicara kementerian negeri iran,NOR
esmail baghaei,PER
kapal tanker,PRD
selat hormuz,LOC
minyak mentah,PRD
barel,QTY
selat hormuz,LOC
kapal tanker,PRD
bagh,PER
cn,NOR
##bc,ORG
iran,NOR
amerika serikat,GPE
israel,GPE
bagh,PER
bagh,PER
##aei,ORG
iran,GPE
pemimpin,NOR
moj,PER
##tab,NOR
##a khamenei,PER
bayu baskoro,PER
detik,ORG
australia,GPE
timnas putri iran,ORG
piala asia,EVT
presiden amerika serikat as,NOR
donald trump,PER
australia,GPE
perdana menteri australia,NOR
anthony albanese,PER
timnas putri iran,ORG
trump,PER
wib,ORG
detiksp,ORG
trump trump,PER
timnas putri iran,ORG
australia,GPE
timnas putri iran,ORG
piala asia,EVT
donald trump,PER
iran,EVT
piala asia wanita australia,EVT
marziyeh jafari,PER
grup a,ORG
iran,GPE
filipina,GPE
iran,GPE
kepolisian federal australia,NOR
otoritas,ORG
fatemeh pasandideh zahra ghanbari zahra sarbali atefeh ramazanzadeh mona hamoudi,PER
perang,NOR
amerika,GPE
serikat,NOR
as,GPE
israel,GPE
iran,GPE
minyak dunia,PRD
presiden as,NOR
donald trump,PER
detik,ORG
##com as israel,NOR
iran,GPE
ayatollah ali khamene,PER
iran,GPE
iran,GPE
drone rudal,PRD
militer,NOR
as,GPE
fasilitas,NOR
as,GPE
negara,NOR
asia barat qatar irak bahrain,GPE
arab saudi,GPE
iran,GPE
israel,GPE
asi,NOR
##s,PER
##rael,NOR
iran,GPE
kapalkapal pengangkut minyak,PRD
selat hormuz,LOC
donald trump,PER
timnas putri iran,ORG
piala asia wanita,ORG
australia,GPE
iran,GPE
grup piala asia wanita,ORG
marziyeh jafari,PER
grup a,ORG
filipina,GPE
iran,GPE
filipina,GPE
piala asia wanita,EVT
skuad iran,ORG
korea,GPE
selatan,ORG
pemimpin,NOR
iran,GPE
ayatollah ali khamenei,PER
mojtaba khamene,PER
ali khamenei,PER
pemimpin,NOR
iran,NOR
al jaz,PER
##eer,ORG
iran,GPE
ali khamenei,PER
amerika serikat,GPE
israel,GPE
mojtaba khamenei,PER
ali khamenei,PER
iran,GPE
pemimpin,NOR
ayatollah mojtaba khamenei,PER
ayatollah ali khamenei al jazeera,PER
mojtab,PER
##a,NOR
ketiga,ORD
iran,GPE
amerika serikat,GPE
as,GPE
israel,GPE
mojtaba,PER
mojtaba khamenei,PER
korps garda,ORG
revolusi,NOR
islam irgc,ORG
mojtaba khamenei,PER
pemimpin tertinggi iran,NOR
ayatollah ali khamenei,PER
mojtaba khamenei,PER
ali khamenei aljazeera,PER
ali khamenei,PER
as,GPE
israel,GPE
mojtaba,PER
pemimpin,NOR
iran,NOR
pemilihan mojtab,EVT
korps garda,ORG
revolusi,NOR
islam irgc,ORG
mojtaba,ORG
presiden amerika serikat as,NOR
donald trump,PER
iran,GPE
iran,GPE
as,GPE
israel,GPE
detik,ORG
##com,ORG
trump,PER
iran,GPE
trump,PER
dro,PRD
iran,GPE
iran,GPE
angkatan laut komunikasi,ORG
angkatan udara rudalrudal,ORG
dronedrone,PRD
drone beb,PRD
trump,PER
cbs news,ORG
florida,GPE
presiden amerika serikat as,NOR
donald trump,PER
iran,GPE
cbs news,ORG
trump,PER
iran,GPE
timur,EVT
as,GPE
israel,GPE
iran,GPE
februari,DAT
trump,PER
cbs news,ORG
dora,ORG
florida,GPE
iran,GPE
angkatan laut komunikasi,ORG
angkatan udara rudalrudal,ORG
dronedrone,PRD
dr,PRD
pemimpin tertinggi iran,NOR
ayatollah mojtaba khamenei iran,PER
rudal,PRD
israel,GPE
moj,PER
##tab,NOR
##a,PER
stasiun televisi pemerintah iran,NOR
rudal,PRD
israel,GPE
ali khamenei,PER
iran,GPE
ayatollah seyyed mojtaba khamene,PER
korps garda revolusi islam,NOR
ayatollah seyyed mojtaba kham,PER
##enei garda revolusi,NOR
pakar,ORG
ayatollah seyyed mojtaba khamene,PER
iran,NOR
mojtaba,PER
ali khamene,PER
israel,GPE
ali khamene,PER
menteri pertahanan menhan israel israel,NOR
pemimpin,NOR
iran,GPE
ali khamenei,PER
iran,GPE
stasiun televisi pemerintah iran,NOR
rudal gelombang,PRD
israel,GPE
ali khamenei,PER
iran,GPE
ayatollah seyyed mojtaba khamenei,PER
your command,WOA
sayyid,PER
mojtaba,PER
ayatollah seyyed mojtaba khamene,PER
pemimpin tertinggi iran,NOR
mojtaba,PER
ali khamenei,PER
israel,GPE
mojtaba khamenei,PER
majelis ahli pemimpin,NOR
ayatollah ali khamene,PER
pemerintah iran,NOR
televisi nasional,NOR
majelis,NOR
ahli,ORG
majelis,NOR
ahli,ORG
majelis,NOR
ahli badan ulama,ORG
allahu akbar allahu,REG
ayatollah mojtaba khemenei,PER
pemimpin tertinggi iran,NOR
moj,PER
##taba,NOR
ali khamenei aljazeera,PER
ali khamenei,PER
as,GPE
israel,GPE
majelis pakar moj,ORG
##tab,NOR
##a,ORG
pemimpin tertinggi iran,NOR
mojtaba khamenei,PER
korps garda,ORG
revolusi,NOR
islam irgc,ORG
mojtaba,NOR
pemimpin tertinggi iran,NOR
houthi berm,ORG
houthi,PER
mojtaba khamenei houthi,PER
amerika serikat,GPE
as,GPE
israel,GPE
iran,GPE
republik islam iran,NOR
sayyid mojtaba khamene,PER
revolusi islam,NOR
telegram houthi,ORG
mojtaba khamene,PER
garda revolusi iran,NOR
revolusi,EVT
islam,REG
republik islam,NOR
pakar,NOR
ayatollah seyyed,PER
mojtaba khamenei,PER
wilda hayatun nufus detikbali ayatollah mojtaba khamene,PER
pemimpin tertinggi iran,NOR
iran,GPE
israel,GPE
stasiun televisi pemerintah iran,NOR
rudal,PRD
israel,GPE
putra,PER
ali khamene,PER
iran,GPE
ayatollah seyyed mojtaba khamene,PER
your co,PRD
aljazeera,PER
ali khamenei,PER
as,GPE
israel,GPE
majelis,NOR
pakar,ORG
mojtaba,NOR
pemimpin tertinggi iran,NOR
mojtaba khamenei,PER
korps garda,ORG
revolusi islam ir,NOR
##g,ORG
##c,NOR
mojtaba khamene,PER
pahlav,NOR
revolusi,EVT
islam,REG
israel,GPE
tim detikbali presiden amerika serikat as,NOR
donald trump,PER
mojtaba khamene,PER
pemimpin tertinggi iran,NOR
trump,PER
senator senior as partai republik,NOR
ayatollah ali khamene,PER
pemimpin,NOR
iran,NOR
trump,PER
mojtaba khamene,PER
fox news,ORG
brian kilmeade kilmeade trump,PER
iran,GPE
mojtaba khamene,PER
pemimpin,NOR
kilmeade,PER
trump,PER
trump,PER
moj,PER
iran,GPE
rudal,PRD
israel,GPE
negeri mullah,GPE
mojtaba khamene,PER
iran,NOR
israel,GPE
iran,PRD
ayatollah seyyed mojtaba khamene,PER
your command,WOA
moj,PER
sayyid mojtab,PER
##a,NOR
majelis pakar iran,NOR
mojtaba khamene,PER
presiden amerika serikat as,NOR
donald trump,PER
ayatollah mojtaba khamene,PER
pemimpin tertinggi iran,NOR
mojtaba khamene,PER
ali khamenei,PER
as,GPE
israel,GPE
teheran,GPE
februari,DAT
al jaz,PER
##eera,NOR
fox news,ORG
brian kilmeade kilmeade trump,PER
iran,GPE
mojtaba khamene,PER
trump,PER
ayatollah seyyed mojtaba khamene,PER
ayatollah ali khamenei,PER
mojtaba khamenei,PER
mojtaba khamenei,PER
pemimpin tertinggi iran,NOR
ayatollah ali khamenei,PER
amerika serikat,GPE
asisrael,PER
iran,GPE
mojtab,PER
##a,NOR
moj,PER
##taba,NOR
kota,GPE
teheran,GPE
alunalun vanak,LOC
iran,GPE
mojtaba khamene,PER
sora,PER
##ks,NOR
##ora,PER
yelyel,PER
majelis pakar iran,NOR
mojtaba khamene,PER
ayatollah ali khamenei,PER
amerika serikat,GPE
asisrae,PER
februari,DAT
iran,GPE
ali khamenei,PER
amerika serikat,GPE
israel,GPE
teheran,GPE
iran,GPE
the guardian maret,ORG
lembaga ulama assembly of experts,ORG
pemimpin,NOR
iran,NOR
ali khamenei,PER
mojtaba khamene,PER
pemimpin tertinggi republik islam iran,NOR
pemerintah,NOR
badan ulama,NOR
iran,GPE
ayatollah seyyed mojtaba hosseini khamenei,PER
ayatollah ali khamenei,PER
majelis pakar iran,NOR
amerika serikat,GPE
israel,GPE
majelis,NOR
pakar,ORG
iran,NOR
mojtab,NOR
##a ulama,ORG
iran,GPE
khamenei,PER
majelis,NOR
pakar,ORG
iran,NOR
mohsen heidari alekasir,PER
khamene,PER
ayatollah ali khamenei,PER
mojtaba khamenei,PER
pemimpin tertinggi iran,NOR
iran,NOR
majelis pakar iran,NOR
iran,GPE
mojtaba khamene,PER
majelis badan ulama,NOR
pemimpin,NOR
negara,NOR
iran,GPE
mojtaba,PER
kota mashhad timur laut,GPE
iran,GPE
iran,GPE
mojtaba,PER
iran,GPE
pemimpin,NOR
iran,NOR
senator senior amerika serikat as,NOR
lindsey graham,PER
partai republik,NOR
mojtaba khamene,PER
ayatollah ali khamene,PER
pemimpin tertinggi iran,NOR
mojtaba,PER
graham al jazeera,PER
iran,GPE
khamenei,PER
graham,PER
senator south carolina,NOR
x,PER
graham,PER
as,GPE
iran,GPE
as,GPE
wall street journal ws,ORG
##j,TIM
graham,PER
perdana menteri pm israel,NOR
benjamin netanyahu,PER
presiden as,NOR
donald trump,PER
ayatollah seyyed mojtaba hosseini khamenei,PER
ayatollah ali khamenei,PER
majelis pakar iran,NOR
amerika serikat,GPE
israel,GPE
majelis,NOR
pakar,ORG
iran,NOR
mojtab,NOR
##a ulama,ORG
iran,GPE
khamenei,PER
majelis,NOR
pakar,ORG
iran,NOR
mohsen heidari alekasir,PER
khamene,PER
presiden amerika serikat,NOR
donald trump,PER
pemimpin tertinggi iran,NOR
fox news,ORG
brian kilmeade al jazeera kilmeade,PER
presiden as,NOR
iran,GPE
mojtaba khamene,PER
trump,PER
mojtab,PER
trump,PER
khamenei,PER
abc news,ORG
iran,NOR
mojtaba trump,PER
pemimpin,NOR
iran,NOR
al arabiya ayatollah,PER
seyyed,PER
mojtaba,PER
hosseini khamenei,PER
ayatollah,PER
perdana menteri pm israel,NOR
benjamin netanyahu,PER
iran,GPE
teheran,GPE
ana,PER
netanyahu,PER
iran,GPE
pm israel,NOR
bibi,PER
iran,GPE
iran,GPE
netanyahu,PER
novi christiastuti,PER
detikbali iran,ORG
ayatollah seyyed mojtaba hosseini khamenei,PER
ayatollah ali khamenei,PER
majelis,NOR
pakar,ORG
iran,NOR
moj,ORG
##tab,NOR
##a,ORG
amerika serikat as,GPE
israel,GPE
ulama,REG
iran,GPE
majelis,NOR
pakar,ORG
iran,NOR
ulama,NOR
moj,ORG
##tab,NOR
##a,ORG
khamene,PER
perdana menteri pm israel,NOR
benjamin netanyahu,PER
iran,GPE
netanyahu,PER
tel aviv,GPE
teheran,GPE
netanyahu,PER
anadolu agency,ORG
israel,GPE
iran,GPE
netanya,PER
##hu,NOR
israel,GPE
iran,GPE
iran,GPE
netanyahu,PER
ayatollah seyyed mojtaba hosseini khamenei,PER
ayatollah ali khamenei,PER
majelis pakar iran,NOR
amerika serikat as israel,GPE
mojtaba,NOR
majelis,NOR
pakar,ORG
iran,NOR
mojtab,PER
##a,ORG
ulama,PER
iran,GPE
khamenei,PER
majelis pakar iran,NOR
mohsen heidari alekasir,PER
khamenei,PER
maret,DAT
iran,GPE
majelis,NOR
pakar,ORG
iran,NOR
mojtaba khamenei,PER
ayatollah ali khamene,PER
majelis,NOR
ayatollah seyyed mojtaba hosseini khamene,PER
ketiga sistem suci republik islam iran majelis,NOR
moj,PER
##taba,NOR
iran,GPE
mojtab,PER
iran,NOR
ali khamenei,PER
israel,GPE
amerika serikat as,NOR
khamenei,PER
mojtaba khamenei,PER
pemimpin tertinggi iran,NOR
mojtaba,PER
khamenei aljazeera,PER
majelis pakar moj,ORG
##taba,NOR
pemimpin tertinggi iran,NOR
mojtaba khamenei,PER
korps garda revolusi islam irgc,NOR
mojtaba khamenei,PER
mojtaba khamenei,PER
majelis pakar iran pemimpin tertinggi iran,NOR
ayatollah ali khamenei,PER
amerika serikat,GPE
asisrael mojtaba,PER
kawasan,LOC
the bishop avenue inggris,LOC
frankfurt,GPE
dubai,LOC
mojtaba,PER
the strait times,ORG
teluk persia,LOC
pemerintah amerika serikat,NOR
kedutaan,NOR
arab saudi,GPE
iran,GPE
washington,GPE
israel,GPE
departemen negeri as,NOR
pemerintah as,NOR
pemerintah as,NOR
arab saudi,GPE
iran,GPE
presiden as,NOR
donald trump,PER
teheran,GPE
amerika serikat,GPE
pemimpin tertinggi iran,NOR
ayatollah seyyed mojtaba hosseini khamenei,PER
london,GPE
inggris,GPE
kedutaan kedubes israel,NOR
mojtaba khamenei,PER
kens,GPE
##ington,ORG
lantai enam tujuh gedung istana kensington,LOC
juta pound sterling,MON
rp triliun,MON
kedutaan israel,NOR
london,GPE
##oll,ORG
supreme leader iran,NOR
ali khamenei,PER
amerika serikat as,GPE
israel,GPE
teheran,NOR
ali khamenei,PER
pemimpin,NOR
iran,GPE
negara struktur pemerintahan iran,NOR
leader,ORG
pemilihan pemilu presiden,EVT
iran,NOR
masoud pezeshkian,PER
encyclopaedia britannica supreme leader,ORG
republik,GPE
islam iran,NOR
republik islam iran,NOR
kedubes iran,LOC
jakarta,GPE
kedu,LAW
##bes,LOC
iran,GPE
operasi janji setia,EVT
va,PER
##deh,EVT
sadeg,PER
ayat,NOR
##ollah seyyed mojtaba khamene,PER
##i wilayahwilaya,NOR
pemerintah china,NOR
iran,GPE
mojtaba khamene,PER
china,GPE
china,GPE
israel,GPE
pemimpin tertinggi iran,NOR
ayatollah ali khamenei,PER
amerika serikat,GPE
israel,GPE
iran,GPE
presiden as,NOR
donald trump,PER
mojtaba khamene,PER
pemimpin iran,NOR
juru bicara kementerian negeri china,NOR
guo jiakun,PER
iran,GPE
pemimpin iran,NOR
ayatollah ali khamenei,PER
asi,ORG
##s,LOC
##rae,PRD
iran,GPE
khamene,PER
badan,NOR
ulama,ORG
khamenei,PER
majelis pakar,NOR
ahmad alamolhoda mehr iran,PER
iran,ORG
asi,PER
##srae,ORG
##l,PER
teheran,GPE
alamolhoda sekreta,ORG
iran,GPE
ayatollah ali khamenei,PER
khamene,PER
badan,NOR
ulama,ORG
khamene,PER
majelis pakar,NOR
ahmad alamolhoda mehr iran,PER
israel,GPE
badan,NOR
ulama,ORG
ayatollah ali khamenei,PER
perang timur,EVT
majelis,NOR
pakar,ORG
ahmad alamolhoda mehr iran alamolhoda,PER
sekretariat badan,ORG
israel,GPE
majelis,NOR
pakar,ORG
depot,LOC
minyak pusat transportasi produk minyak bumi,ORG
teheran,NOR
alborz,ORG
pesawat,PRD
perusahaan distribusi produk minyak nasional,ORG
iran,NOR
veyskarami,ORG
televisi pemerintah iran,NOR
truk tangki minyak,PRD
veys,LOC
##kara,ORG
iran,GPE
al,GPE
jaz,ORG
##eera,NOR
teheran,GPE
iran,GPE
israel,GPE
israel,GPE
angkatan bersenjata iran,NOR
pemerintah,NOR
iran,GPE
infrastruktur,LOC
republik,GPE
islam,NOR
depot minyak selatan teheran,LOC
amerika serikat,GPE
zionis,GPE
ir,NOR
##na depot,ORG
minyak kawasan kilang minyak utama ilna,LOC
perdana menteri,NOR
benjamin netanya,PER
##hu,NOR
israel,GPE
amerika,NOR
serikat,GPE
iran,GPE
teheran,GPE
iran,GPE
net,GPE
##anya,NOR
israel,GPE
amerika serikat,GPE
iran,GPE
pemimpin tertinggi iran,NOR
ayatollah ali khamenei,PER
pemerintah,NOR
netanya,PER
israel,GPE
pe,EVT
televisi,NOR
pemerintah,NOR
iran,GPE
iran,GPE
iran,GPE
garda revolusi iran,NOR
enam,CRD
amerika serikat,GPE
israel,GPE
juru bicara garda revolusi,NOR
ali mohammad naini iran,PER
rudal generasi rudal jarak canggih,PRD
presiden iran,NOR
rum,LOC
rezim,NOR
iran,GPE
net,NOR
##anyahu,NOR
israel,GPE
amerika serikat,GPE
iran,GPE
pemimpin tertinggi iran,NOR
ayatollah ali khamenei,PER
pemerintah,NOR
net,NOR
israel,GPE
israel,GPE
amerika,GPE
iran,GPE
iran,GPE
israel,GPE
presiden iran,NOR
masoud pezeshkia,PER
iran,GPE
iran,GPE
detikcom,ORG
iran,GPE
presiden iran,NOR
pangkalan militer,NOR
as,GPE
iran,GPE
iran,GPE
televisi,NOR
pemerintah iran,NOR
dewan kepemimpinan,NOR
presiden amerika serikat as,NOR
donald trump,PER
iran,GPE
israel,GPE
trump,PER
iran,GPE
trump,PER
iran,GPE
as,GPE
israel,GPE
iran,GPE
pemimpin tertinggi iran,NOR
ali khamenei,PER
as,GPE
garda revolusi iran,NOR
pesawat nirawak drone armada drone,PRD
israel,GPE
amerika serikat,GPE
##is,NOR
##rae,EVT
iran,GPE
pemimpin tertinggi iran,NOR
ali khamenei,PER
presiden iran,NOR
masoud pezeshkia,PER
iran,GPE
amerika serikat,GPE
presiden rusia,NOR
vladimir putin,PER
peze,PER
##sh,GPE
##kia,NOR
amerika serikat israel as israel,GPE
iran,GPE
februari,DAT
ayatollah seyyed ali khamenei,PER
iran,GPE
rudal drone,PRD
israel,GPE
##pangkalan,FAC
militer,NOR
as,GPE
negara,NOR
##negara,ORG
regional pezeshkia,NOR
##n,ORG
m,NOR
iran,GPE
trump,PER
trump,PER
trump,PER
iran,GPE
iran,GPE
as,GPE
israel,GPE
iran,GPE
iran,GPE
rezim iran,NOR
pemimpin tertinggi iran,NOR
ali khamenei,PER
asisrael,ORG
perang timur,EVT
rezim pusat teheran,NOR
rezim iran pusat komando darurat aman militer israel israel,NOR
israel,GPE
iran,GPE
kham,PER
israel,GPE
iran,GPE
khamene,PER
##aring,EVT
rezim iran militer israel militer,NOR
israel,GPE
jalan,LOC
teheran,GPE
ali khamenei,PER
asis,ORG
yogi ernes detikbali,PER
pemimpin tertinggi iran,NOR
ali khamenei,PER
amerika serikat,GPE
israel,GPE
teheran,GPE
pemerintah iran,NOR
kota,LOC
mashhad,GPE
far,PER
##s,ORG
pemerintah iran,NOR
khamenei,PER
mash,LOC
##had,GPE
kompleks imam reza,LOC
mass,GPE
##had,ORG
iran,GPE
kompleks suci imam reza makam imam kedelapan,LOC
penganut,REG
syiah,REG
yogi ernes detikbali,PER
pemimpin tertinggi iran,NOR
ali khamenei,PER
amerika serikat,GPE
israel,GPE
teheran,GPE
pemerintah iran,NOR
kota,LOC
mashhad,GPE
far,PER
##s,ORG
pemerintah iran,NOR
khamenei,PER
mash,LOC
##had,GPE
kompleks imam reza,LOC
mass,GPE
##had,ORG
iran,GPE
kompleks suci imam reza makam imam kedelapan,LOC
penganut,REG
syiah,REG
iran,GPE
fars,NOR
pemerintah iran,NOR
khamenei ali khamenei,PER
##had,GPE
makam imam reza masshad,LOC
iran,GPE
kompleks,LOC
imam reza,LOC
syiah,REG
umat,REG
syiah,REG
upacara perpisahan,EVT
teheran,GPE
revolusi,NOR
pemerintah,NOR
iran,GPE
khamenei khamene,PER
as,GPE
israel,GPE
iran,GPE
khame,PER
iran,GPE
pemimpin tertinggi iran,NOR
ayatollah ali khamenei,PER
amerika serikat,GPE
as,NOR
israel,GPE
republik islam,NOR
khamenei,PER
pemimpin tertinggi iran,NOR
ayatollah ali khamenei,PER
israel,GPE
amerika serikat as,NOR
guru hukum internasional universitas indonesia hikmahanto juwana,ORG
pemimpin,NOR
iran,GPE
khamenei,PER
ali khameini,PER
iran,GPE
ayat,PER
##h,PER
ma seo,PER
wakil,PER
mullah hikmahanto,PER
hikmah,PER
pemimpin,NOR
iran,GPE
as,GPE
israel,GPE
khamenei,PER
iran,GPE
pemimpin tertinggi iran,NOR
ayatollah ali khamenei,PER
amerika serikat as,GPE
israel,GPE
aljaze,PER
ulama iran,NOR
khamene,PER
majelis pakar,ORG
khamene,PER
badan,NOR
ulama,ORG
republik,NOR
islam,ORG
khamene,PER
ayatollah ruhollah kh,PER
rumah,PRD
iran,GPE
ayatollah ali khamenei,PER
amerika serikat as,GPE
israel,GPE
teheran,GPE
iran,GPE
abc news,ORG
satelit hitam,PRD
kompleks,LOC
rumah khamene,LOC
business,ORG
kompleks,LOC
hangus khamene,LOC
as,GPE
israel,GPE
iran,GPE
israel,GPE
as,NOR
perwakilan pentagon,NOR
pasukan pertahanan israel,NOR
pemimpin tertinggi iran,NOR
ayatollah ali khamenei,PER
amerika,GPE
serikat as israel,NOR
presiden as,NOR
donald trump,PER
iran,GPE
trump,PER
as,GPE
new york times,ORG
nyt gulf news,ORG
iran,GPE
as,GPE
israel,GPE
teheran,GPE
##ayah,LOC
iran,GPE
trump ny,PER
iran,GPE
khamenei,PER
trump,PER
ketiga,CRD
khamene,PER
trump,PER
jaringan media social truth,ORG
as,GPE
israel,GPE
iran,GPE
iran,GPE
kham,GPE
##ene,NOR
teheran,GPE
ali khamene,LOC
jaringan channel,ORG
israel,GPE
perdana menteri israel,NOR
benjamin netanyahu,PER
israel,GPE
iran,GPE
netanyahu,PER
khamene,PER
diktator,PER
ali khamene,PER
##i,GPE
iran,GPE
ali khamenei,PER
amerika serikat israel,GPE
pemerintah pemimpin tertinggi iran,NOR
##bes,LOC
tasnim fars al jazeera,PER
kota,GPE
teheran,GPE
israel,GPE
kham,PER
##ene,GPE
perdana menteri israel,NOR
benjamin netanyahu,PER
ali khamenei,PER
israel,GPE
amerika serikat,GPE
pemerintah iran,NOR
pemimpin,NOR
iran,NOR
pemimpin,NOR
iran,GPE
stasiun penyiaran negara internasional al jazeera,ORG
tasnim fars,PER
ali khamenei,PER
israel,GPE
as,GPE
iran,GPE
as,GPE
israel,GPE
iran,GPE
as,GPE
israel,GPE
khamene,PER
teheran,GPE
ali khamenei,PER
han,LOC
pemimpin,NOR
iran,GPE
stasiun,ORG
penyiaran,NOR
negara internasional al jazeera,ORG
tasnim fars,PER
ali khamenei,PER
israel,GPE
as,GPE
iran,GPE
as,GPE
israel,GPE
iran,NOR
as,GPE
israel,GPE
khamenei,PER
teheran,GPE
ali khamene,PER
teheran,GPE
perdana menteri israel,NOR
benjamin netanyahu,PER
israel,GPE
as,GPE
khamene,PER
##i,LOC
netanyahu,PER
khamene,PER
k,PER
presiden amerika serikat,NOR
donald trump,PER
pemimpin tertinggi iran,NOR
ayatollah ali khamenei,PER
trump,PER
truth social,PRD
februari,DAT
trump,PER
iran,GPE
israel,GPE
presiden amerika serikat as,NOR
donald trump,PER
pemimpin tertinggi iran,NOR
ali khamenei,PER
khamene,PER
as,GPE
israel,GPE
teheran,GPE
khamene,PER
trump,PER
media social truth,ORG
as,GPE
israel,GPE
iran,GPE
iran,GPE
kediaman,LOC
kham,GPE
##enei teheran,LOC
as,GPE
israel,GPE
ali,LOC
khamene,PER
israel,GPE
perdana menteri israel,NOR
benjamin netanya,PER
##hu,NOR
israel,GPE
iran,GPE
netanya,PER
##hu,NOR
pemimpin tertinggi iran,NOR
ayatollah ali khamenei,PER
amerika serikat as,GPE
israel,GPE
garda revolusi iran,NOR
garda revolusi,NOR
khamenei,PER
angkatan bersenjata republik islam iran,NOR
pangkalan teroris,NOR
amerika,GPE
korps garda revolusi islam,NOR
pemerintah iran,NOR
iran,GPE
ayatollah ali khamenei,PER
amerika,GPE
serikat as,NOR
israel,GPE
khamene,PER
pemimpin,NOR
iran,GPE
penyiaran,ORG
al jazeera tasnim fars,PER
ali khamenei,PER
israel,GPE
as,GPE
iran,GPE
pemerintah iran,NOR
irna fars,PER
khamene,PER
pemerintah iran,NOR
pemimpin tertinggi iran,NOR
ayatollah ali khamenei,PER
israel,GPE
amerika serikat,GPE
pemimpin,NOR
iran,GPE
penyiaran,ORG
kanal utama,ORG
iran,GPE
al,PER
jaz,ORG
##eera tasnim fars,PER
ali khamenei,PER
teheran,GPE
amerika,GPE
serikat,NOR
israel,GPE
khamene,PER
yogi ernes detikbali,PER
presiden amerika serikat as,NOR
donald trump,PER
pemimpin tertinggi iran,NOR
ali khamenei trump khamene,PER
khamene,PER
as,GPE
israel,GPE
teheran,GPE
khamene,PER
trump,PER
media social truth,ORG
as,GPE
israel,GPE
iran,GPE
iran,GPE
kediaman khamenei teheran,LOC
kompleks ali khamenei,LOC
jaringan channel,LOC
israel,GPE
perdana menteri israel,NOR
benja,PER
amerika serikat as,GPE
israel,GPE
iran,GPE
presiden as,NOR
donald trump,PER
pemimpin tertinggi iran,NOR
ali khamenei,PER
as,GPE
israel,GPE
ibukota iran teheran,GPE
ali khamenei,PER
ali khamenei,LOC
jaringan channel israel,ORG
donald trump,PER
ali khamene,PER
trump,PER
ali khamenei khamene,PER
trump,PER
jaringan media social tr,ORG
pemimpin tertinggi iran,NOR
ayatollah ali khamenei,PER
amerika serikat israel,GPE
khamene,PER
pemimpin,NOR
iran,NOR
stasiun penyiaran negara internasional,ORG
ayatollah ali khamenei,PER
iran,GPE
ayatollah ali khamene,PER
iran,GPE
khameneii,PER
mash,REG
##had,LOC
amerika serikat,GPE
as,GPE
iran,GPE
pemimpin tertinggi iran,NOR
ali khamenei,PER
operasi epic fury,EVT
nbc,NOR
news,ORG
menteri pertahanan as,NOR
pete hegseth,PER
as,GPE
iran,GPE
operasi epic fury,EVT
iran,GPE
iran,GPE
amerika,GPE
trump,PER
hegset,PER
x,PRD
ali khamenei,PER
pemimpin tertinggi republik islam iran,NOR
april kota suci,DAT
mashhad iran,GPE
sayyed javad khamenei,PER
ulama,REG
khamenei,PER
alquran,REG
islam,REG
seminari teologi,ORG
mashhad,FAC
yurisprudensi,REG
islam,REG
ulama,REG
khamene,PER
revolusi islam iran,REG
pemimpin tertinggi iran,NOR
ali khamenei,PER
israel,GPE
fars,PER
pemerintah iran,NOR
ali khamenei aljaze,PER
israel,GPE
amerika serikat,GPE
teheran,GPE
khamenei fars,PER
pemimpin tertinggi iran,NOR
khamene,PER
ali khamene,PER
kota suci mashhad,GPE
april,PER
khamene,PER
iran,GPE
sayyed javad khamene,PER
perdana menteri israel,NOR
benjamin netanyahu,PER
iran,GPE
netanya,PER
##hu,NOR
pemimpin tertinggi iran,NOR
ali khamenei,PER
netanyahu,PER
iran,GPE
ali khamene,PER
teheran,GPE
netanyahu,PER
israel,GPE
amerika serikat,GPE
khamene,PER
dpp pkb,NOR
pemimpin tertinggi iran,NOR
ali khamenei,PER
teheran,GPE
israel,GPE
amerika serikat,GPE
iran,GPE
ketua deplu kerjasama internasional dpp pkb,NOR
luluk nur hamidah,PER
dpp pkb jakarta,NOR
lu,PER
israel,GPE
amerika serikat,GPE
pemimpin tertinggi iran,NOR
ayatollah ali khamenei,PER
pemerintah iran,NOR
amerika serikat,GPE
israel,GPE
republik islam iran,NOR
presiden as,NOR
donald trump,PER
truth,PRD
iran,GPE
khamene,PER
trump,PER
indonesia,GPE
al jaz,ORG
##eera,NOR
pemerintah,NOR
yogi ernes detikbali,PER
pemimpin tertinggi iran,NOR
ayatollah ali khamenei,PER
tentara,NOR
israel,GPE
amerika serikat as teheran,NOR
khamenei,PER
israel,GPE
as,GPE
iran,GPE
iran,GPE
fars,PER
iran,GPE
khamenei,PER
pemerintah iran,NOR
khamene,PER
haris fadhil detikbali,PER
pemimpin tertinggi iran,NOR
ayatollah ali khamenei,PER
khamene,NOR
iran,GPE
israel,GPE
khamene,PER
televisi,NOR
pemerintah,NOR
iran,GPE
kham,PER
##ene,GPE
udara,EVT
israel,GPE
komandan iran,NOR
nuklir iran,NOR
pemerintah,NOR
ashura scroll,EVT
continue,EVT
doa,REG
khamene,PER
khamene,PER
surah,LAW
assaff,REG
iran,GPE
israel,GPE
pemimpin tertinggi iran,NOR
ayatollah ali khamenei,PER
iran,GPE
izin,EVT
allah swt,REG
juni ali khamenei,PER
allah,REG
republik islam,REG
zionis,REG
ayatollah khamenei,PER
islam,REG
surah assaff ayat,REG
presiden amerika serikat,NOR
donald trump,PER
israel,GPE
pemimpin tertinggi iran,NOR
ayatollah ali khamenei trump,PER
as,GPE
nuklir,PRD
iran,GPE
perdana menteri israel,NOR
benjamin netanyahu,PER
iran,GPE
iran,GPE
israel,GPE
netanyahu,PER
iran,GPE
iran,GPE
iran,GPE
iran,GPE
ayatollah,PER
pemimpin iran,NOR
ayatollah ali khamenei,PER
revolusi,EVT
islam,REG
iran,EVT
imam khomeini,PER
revolusi iran,NOR
shah,PER
republik islam,NOR
ayatollah ayatullah,PER
syiah,REG
ali khamenei,PER
pemimpin,NOR
iran,NOR
imam khomeini,PER
britannica,ORG
ayatollah ali khomenei rahbar,PER
pemimpin,NOR
iran,GPE
imam khomeini,PER
ayatollah ali khamene,PER
net,GPE
##anyahu,NOR
presiden as,NOR
donald trump,PER
israel,GPE
iran,GPE
##rae,PER
net,PER
##anyahu,NOR
iran,GPE
israel,GPE
iran,GPE
israel,GPE
israel,GPE
teheran,GPE
pemimpin tertinggi iran,NOR
ayatollah ali khamenei,PER
israel,GPE
iran,GPE
israel,GPE
pemimpin tertinggi iran,NOR
ayatollah ali khamene,PER
republik,REG
islam,NOR
allah swt,REG
ayatollah ali khamene,PER
ali khamenei,PER
alquran surah as saff,REG
pertolongan allah,REG
republik,NOR
islam,REG
zionis,NOR
allah,REG
ali khamenei,PER
allah,REG
##ine,EVT
##t conquest holy quran,EVT
the islamic republic,ORG
iran,GPE
israel,GPE
pemimpin tertinggi iran,NOR
ayatollah ali khamene,PER
republik,REG
islam,NOR
allah swt,REG
ayatollah ali khamene,PER
ali khamenei,PER
alquran surah as saff,REG
pertolongan allah,REG
republik,NOR
islam,REG
zionis,NOR
allah,REG
ali khamenei,PER
allah,REG
##ine,EVT
##t conquest holy quran,EVT
the islamic republic,ORG
farih maulana,PER
detik,ORG
israel,GPE
pemimpin tertinggi iran,NOR
ayatollah ali khamenei,PER
presiden amerika serikat as,NOR
donald trump,PER
israel,GPE
israel,GPE
pemimpin,NOR
iran,NOR
presiden trump,PER
israel,GPE
as,GPE
perdana menteri pm israel,NOR
benjamin netanyahu,PER
trump,PER
israel,GPE
khamene,PER
netanya,PER
##hu fox news,ORG
amerika serikat amerika serikat,GPE
presiden amerika serikat as,NOR
donald trump,PER
israel,GPE
pemimpin tertinggi iran,NOR
ayatollah ali khamenei,PER
as,GPE
israel,GPE
pemimpin tertinggi iran,NOR
presiden,PER
trump,PER
israel,GPE
as,GPE
perdana menteri pm israel,NOR
benjamin netanyahu,PER
trump,PER
israel,GPE
khamene,PER
netanya,PER
fox news,ORG
amerika serikat amerika serikat,GPE
israel,GPE
iran,GPE
pemimpin tertinggi iran,NOR
ayatollah ali khamene,PER
israel,GPE
iran,GPE
israel,GPE
israel,GPE
ap,NOR
presiden amerika serikat,NOR
donald trump,PER
ayatollah ali khamene,PER
israel,GPE
trump,PER
khamene,PER
israel,GPE
trump,PER
israel,GPE
ap,PER
as,GPE
ayatollah ali khamene,PER
iran,GPE
timur,NOR
maret,DAT
##hari,DAT
februari,DAT
amerika serikat,GPE
israel,GPE
teheran,GPE
teheran,GPE
jet tempur siluman dent,PRD
rudal jelajah,PRD
sandi epic fury pentagon,EVT
pasukan pertahanan,NOR
israel,GPE
id,ORG
invasi,NOR
darat konvensional,EVT
amerika serikat,GPE
israel,GPE
perang,EVT
irak,GPE
amerika israel,GPE
mojtaba khamene,PER
pemimpin,NOR
iran,NOR
ayatollah ali khamenei,PER
mojtaba khamenei,PER
ayatollah ali khamenei,PER
pemimpin,NOR
iran,GPE
amerika serikat,GPE
israel,GPE
ketiga,ORD
republik,GPE
islam iran,NOR
ulama,REG
iran,GPE
ana,PER
##lu ajans,PER
mojtaba khamenei,PER
majelis ahli iran lembaga,NOR
ulama konstitusional,NOR
ay,PER
pemimpin,NOR
iran,NOR
ali khamenei,PER
februari,DAT
amerika serikat israel,GPE
presiden republik indonesia ketua pdi perjuangan,NOR
pemerintah rakyat iran,NOR
##kuiii,LAW
dewan pimpinan pusat pdi perjuangan kedutaan iran jakarta,NOR
keadilan,PRD
megawati,PER
iran,GPE
kham,PER
wakil presiden gibran,NOR
rakabuming raka,PER
pemimpin tertinggi iran,NOR
ayatollah ali khamene,PER
amerika serikat,GPE
israel,GPE
februari,DAT
indonesia,GPE
cek fakta foto,ORG
artificial,PRD
intelligence ai,ORG
ayatollah ali khamene,PER
facebo,PRD
gibran ali kha,PER
pemimpin tertinggi iran,NOR
ayatollah ali khamenei,PER
ayatollah khamenei,PER
israel,GPE
iran,GPE
as,GPE
israel,GPE
ali khamenei,PER
ali khamene,PER
facebook,PRD
sayid ayatulloh ali khamenei,PER
firda,EVT
maret,DAT
america,ORG
donald trump,PER
amerika,GPE
israel,GPE
iran,GPE
amerika,GPE
maine california,GPE
operation epic fury,EVT
iran,GPE
ali khamenei,PER
bensin,PRD
amerika,GPE
ayatollah seyed mojtaba khamenei,PER
pemimpin tertinggi iran,NOR
ayatollah seyed ali khamenei,PER
amerika serikat,GPE
##israel,EVT
februari,DAT
tasmin,PER
mojtaba,NOR
majelis,NOR
ahli,ORG
iran,NOR
ali khamenei,PER
iran,GPE
mojtaba khamene,PER
pemimpin,NOR
iran,GPE
majelis ahli,NOR
ali khamenei,PER
asi,NOR
##srael lembaga menge,ORG
mojtaba khamenei,PER
ayatollah ali khamenei,PER
pemimpin tertinggi iran,NOR
asisrael,EVT
perang asisrael,EVT
khamenei khamenei,PER
iran,GPE
mojtaba khamenei,PER
iran,GPE
khamene,PER
jakarta,GPE
presiden ri,NOR
prabowo subianto,PER
pemimpin tertinggi iran,NOR
ayatollah ali khamene,PER
menteri negeri menlu,NOR
sugiono,PER
duta republik islam,NOR
mohammad boroujerd,PER
sugiono,PER
masoud pezesh,PER
pemimpin tertinggi iran,NOR
sugiono,PER
dubes iran,NOR
prabowo,PER
as,GPE
dubes boroujerd,NOR
sugiono,PER
timur,GPE
teheran,GPE
pemimpin tertinggi iran,NOR
ayatollah ali khamenei,PER
iran,GPE
amerika serikat as,GPE
pemerintah,NOR
komandan angkatan darat,NOR
trump,PER
iran as,GPE
trump,PER
perjanjian perdamaian nuklir,EVT
iran,GPE
trump,PER
teheran,GPE
senjata nuklir,PRD
trump gedung p,LOC
pemimpin tertinggi iran,NOR
ayatollah ali khamenei,PER
ali khamenei,PER
facebook,PRD
ali khamene,PER
iran,GPE
##u tanah,NOR
arab,GPE
ali khamenei imam khamenei,PER
teheran,GPE
pemimpin tertinggi republik islam iran,NOR
ayatollah ali khamenei,PER
pemimpin de facto myanmar,NOR
aung san suu kyi,PER
krisis khamene,EVT
teheran,GPE
times,ORG
suu kyi,PER
rohingya khamene,PER
islam,REG
rakhin,GPE
umat buddha umat muslim banglades myanmar,NOR
rohingya,GPE
teheran,GPE
pemimpin tertinggi iran,NOR
mojtaba khamenei,PER
ali larijani,PER
x,ORG
mojtab,NOR
lari,PER
amerika serikat,GPE
israel,GPE
larijani morteza,PER
ana,PER
iran,GPE
qatar,GPE
lari,PER
teheran,GPE
amerika serikat,GPE
##israel,PER
pemimpin tertinggi iran,NOR
ayatollah ali khamenei,PER
khamene,PER
iran,GPE
iran,GPE
islam,REG
iran,GPE
majelis,NOR
pakar badan ulama,ORG
delapan,CRD
khamenei khamenei,PER
hizbullah,NOR
as,GPE
israel,GPE
al jazeera,PER
ali khamene,PER
mo,PER
teheran,GPE
pemimpin spiritual iran,NOR
ayatollah ali khamenei,PER
donald trump,PER
as,GPE
amerika,GPE
khamene,PER
pemerintahan as,NOR
khamene,PER
iran,GPE
as,GPE
trump,PER
tujuh,CRD
iran,GPE
amerika,GPE
khamene,PER
khamene,PER
pekanbaru,GPE
kabupaten kampar,GPE
provinsi riau,GPE
ali khamenei,PER
pemimpin tertinggi negara iran,NOR
ali khamenei,PER
israel,GPE
##amerika,NOR
serikat,GPE
februari,DAT
ali khamenei,PER
kabupaten bayi kampar,GPE
ali khamene,PER
##bes iran,NOR
arsa,PER
ali khamene,PER
ali khamenei arsa,PER
pemimpin tertinggi iran,NOR
ayatollah ali khamenei,PER
israel,GPE
kham,PER
khamene,PER
facebook,ORG
khamene,PER
iran,GPE
usa,NOR
israel,GPE
pemimpin,NOR
pemimpin agung iran,NOR
ayatollah ali khamenei,PER
arab saudi,GPE
ulama syiah,REG
stasiun televisi pemerintah iran,NOR
ali khamene,PER
sheikh nimr alnimr,PER
ulama,REG
agama,REG
khamene,PER
khamene,PER
pemerintah saudi,NOR
nimr alnim,PER
shabnam,PER
von,ORG
hein,PER
##dw indonesia,ORG
teheran,NOR
israel,GPE
israel,GPE
palestina,GPE
pasukan proksi lebanon irak suriah,NOR
yaman,GPE
palestina,GPE
israel,GPE
hamas,GPE
israel,GPE
oktober,DAT
israel,GPE
hamas gaza,GPE
lebanon suriah yaman,GPE
iran,GPE
juni,DAT
as,GPE
israel,GPE
februari,GPE
as,GPE
pemimpin tertinggi iran,NOR
ayatollah ali khamenei,PER
israel,GPE
serikat,GPE
as,NOR
khamenei,PER
israel,GPE
khamenei,PER
khamene,PER
##r khamene,PER
kota,GPE
suci mash,LOC
##had,GPE
provinsi khurasan iran,GPE
tionghoa,PER
chindo,PER
indonesia,GPE
khamene,PER
mohammad,PER
dasar,ORG
alfabet,REG
alquran,REG
sekolah,REG
islam,REG
pemimpin agung iran,NOR
ayatollah ali khamenei,PER
arab saudi,GPE
ulama syiah,REG
stasiun televisi pemerintah iran,NOR
ali khamene,PER
sheikh nimr alnimr,PER
ulama,REG
agama,REG
khamene,PER
khamene,PER
pemerintah saudi,NOR
nimr alnim,PER
jakarta,GPE
wakil presiden,NOR
jusuf kalla,PER
jk,PER
pemimpin tertinggi iran,NOR
ayatollah ali khamenei khamenei,PER
israel,GPE
amerika serikat as,GPE
iran,GPE
sby,PER
trump khamenei,PER
as,GPE
iran,GPE
iran,NOR
jk,PER
jalan brawijaya raya pulo kebayoran jakarta selatan,LOC
jk,PER
iran,GPE
pemerintah,NOR
ketiga,CRD
presiden as,NOR
donald trump,PER
pemimpin tertinggi iran,NOR
ayatollah ali khamenei,PER
trump,PER
truth,PRD
social,ORG
israel,GPE
amerika serikat,GPE
rudal,PRD
iran,GPE
iran,GPE
rudal drone,PRD
ali khamenei,PER
juru bicara kementerian negeri iran,NOR
esmail baghaei ana,PER
iran,NOR
tasnim news agency,ORG
as,GPE
israel,NOR
teheran,GPE
ali larijani,PER
dewan keamanan nasional tertinggi iran,NOR
israel,GPE
teheran,GPE
ali khamenei perang larijan,PER
iran,GPE
iran,GPE
panglima pasukan garda revolusi iran,NOR
irgc qassem soleim,PER
amerika serikat,GPE
as,GPE
baghdad,GPE
januari,GPE
as,GPE
drone kamikaze lucas,PRD
kw,PER
shah,PER
##ed,NOR
iran,PER
larijan,PER
pemimpin tertinggi iran,NOR
ayatollah ali khamenei,PER
amerika serikat israel,GPE
ali khamanei,PER
kota,GPE
iran teheran,GPE
khamene,PER
khamene,PER
ali khamenei,PER
artificial intelligence ai,PRD
hive mod,PRD
pemimpin tertinggi iran,NOR
ayatollah ali khamenei,PER
amerika serikat,GPE
israel,GPE
iran,GPE
ayatolla,PER
garda revolusi,NOR
asisrael iran,NOR
uss abraham lincoln,PER
rudal,PRD
konstitusi,LAW
iran,GPE
iran,GPE
pemimpin tertinggi iran,NOR
ayatollah ali khamenei,PER
israel,GPE
amerika serikat teheran,GPE
pemerintah iran,NOR
pemerintah iran,NOR
as,NOR
pemerintah,NOR
tasnim news agency,ORG
pemimpin tertinggi iran,NOR
ayatollah ali khamenei,PER
truth social,ORG
khamene,PER
trump,PER
timnas iran,ORG
piala dunia,EVT
ali khamenei,PER
amerika serikat iran,GPE
ibukota iran teheran,GPE
amerika serikat kanada,GPE
amerika serikat,GPE
israel,GPE
iran teheran,GPE
amerika serikat,GPE
ayatollah ali khamenei,PER
iran,GPE
the new york times,ORG
teherankompascom pemimpin tertinggi iran,NOR
ayatollah ali khamenei,PER
palestina,GPE
islam,REG
yerusalem,GPE
pemerintah khamenei,NOR
perancis,GPE
khamene,PER
##i,GPE
arab saudi,GPE
amerika serikat as,GPE
presiden iran,NOR
khamene,PER
nowruz,PER
iran,GPE
palestina,GPE
wakil presiden gibran,NOR
rakabuming raka,PER
pemimpin tertinggi iran,NOR
ayatollah ali khamenei,PER
amerika serikat,GPE
israel,GPE
februari,DAT
gibran,PER
ali khamenei,PER
maret,DAT
gibran,PER
khamenei,PER
indonesia,GPE
gibran,PER
ali khamenei,PER
iran,GPE
helikopter,PRD
teheran,GPE
pemimpin tertinggi iran,NOR
ayatollah ali khamenei,PER
iran,GPE
amerika serikat as,GPE
persatuan nasional,NOR
khamene,GPE
teheran,GPE
teheran,GPE
israel,GPE
iran,GPE
dewan pertahanan nasional khamenei,NOR
israel,GPE
as,GPE
juni,DAT
iran,GPE
israel,GPE
agenagen ame,ORG
riyadh,GPE
mahkota arab saudi,NOR
pangeran mohammed bin salman,PER
pemimpin tertinggi iran,NOR
ayatollah ali khamenei hitler,PER
pemimpin tertinggi hitler timur,NOR
the new york times,ORG
eropa,GPE
hitler,PER
iran,GPE
eropa timur,GPE
iran,GPE
yaman,GPE
bandara riyadh,FAC
november,DAT
macro,PER
putra mahkota,NOR
arab saudi,GPE
houthi,ORG
iran,GPE
pemimpin tertinggi iran,NOR
ayatollah ali khamene,PER
maret,DAT
cek fakta,ORG
artificial intelligence ai konteks,ORG
februari,DAT
israel,GPE
amerika serikat,GPE
pemimpin,NOR
iran,NOR
facebook,PRD
ali khamene,PER
iran,GPE
pemimpin tertinggi iran,NOR
ayatollah ali khamene,PER
israel,GPE
amerika serikat,GPE
facebook,PRD
ali khamenei,PER
rumah sakit iran ayat,FAC
##u,ORG
teheran,GPE
pemimpin tertinggi iran,NOR
ayatollah ali khamenei mansoureh khojasteh bagherzadeh,PER
pemerintah press tv,ORG
bagherzadeh,PER
amerika,GPE
serikat,NOR
##israel teheran press tv,ORG
khamenei,PER
iran,GPE
rudal hipersonik kh,PRD
##eibar,PER
khamenei,PER
pemerintah tas,NOR
##nim,PER
fars,ORG
ayatollah alireza arafi,PER
israel,GPE
amerika serikat as,GPE
februari,DAT
pemimpin tertinggi iran,NOR
ayatollah ali khamene,PER
khamene,PER
rumah,ORG
khamene,PER
facebook instagram,PRD
pemimpin iran,NOR
ayatollah ali khamene,PER
as,GPE
israel,GPE
ayatollah ali khamene,PER
pemimpin spiritual,NOR
islam,REG
syiah,NOR
pemimpin,REG
teheran,GPE
iran,GPE
duta perancis,NOR
pemimpin tertinggi negara,NOR
ayatollah ali khamenei,PER
charlie hebdo majalah mingguan,ORG
republik,GPE
islam,REG
desember,DAT
iran,GPE
september,DAT
iran,GPE
campur,EVT
kementerian negeri iran,NOR
duta perancis,NOR
nicolas roche,PER
perancis,GPE
muslim,REG
departemen pertahanan amerika serikat pentagon,NOR
pemimpin tertinggi iran,NOR
ayatollah ali khamenei,PER
april khamenei,PER
teheran,GPE
israel,GPE
amerika serikat,GPE
februari,DAT
ayatolla,PER
april,PER
facebook,PRD
khamene,PER
pentagon,NOR
pemimpin,NOR
iran,NOR
al jazeera,ORG
cek fakta,ORG
teheran,GPE
iran,GPE
upacara pemakaman,EVT
pemimpin tertinggi,NOR
ayatollah ali khamene,PER
umat islam,REG
masjid agung imam khomenei teheran,LOC
dewan,NOR
koordinasi pembangunan islam,ORG
ir,PER
##na,ORG
kham,PER
##ene,NOR
##i,ORG
mash,GPE
##had,LOC
timur laut iran,GPE
operation genesis,EVT
khamene,PER
asi,ORG
##s,PER
##rae,ORG
khamene,PER
khamene,PER
presiden amerika serikat,NOR
donald trump,PER
iran,GPE
pemimpin tertinggi iran,NOR
ayatollah ali khamenei trump,PER
washington,GPE
teheran,GPE
trump,PER
truth social,EVT
gabungan,NOR
as,GPE
israel,GPE
iran,NOR
ali khamenei,PER
presiden iran,NOR
iran,GPE
trump,PER
asis,PER
##rael,NOR
iran,GPE
israel,GPE
april,DAT
rudal balistik,PRD
drone,PRD
iran,GPE
israel,GPE
khamene,PER
amerika serikat,GPE
kham,WOA
the most powerful man,WOA
iran,GPE
forbes,ORG
april,DAT
iran,GPE
teheran,GPE
twitter,ORG
tw,LAW
pemimpin tertinggi iran,NOR
ayatollah ali khamenei,PER
vaksin virus corona as inggris,PRD
vaksin,PRD
as,GPE
inggris,GPE
khamene,GPE
twitter,PRD
donald trump,PER
perancis,GPE
perancis,PRD
pemimpin twit tagar coronavaccine twitter,ORG
tw,PRD
tw,PER
##it,PRD
twitter,ORG
teheran,GPE
pemimpin tertinggi iran,NOR
ayatollah ali khamenei,PER
israel,GPE
serikat,GPE
khamene,PER
rakyat iran,NOR
mulia ayatollah agung imam sayyid ali khamenei,PER
revolusi islam,NOR
as,GPE
zionis,NOR
februari,DAT
serangan,PRD
asisrae,ORG
khamene,PER
khamene,PER
asis,ORG
##rae,EVT
iran,GPE
khamene,PER
teheran,GPE
##kan berk,EVT
teheran,GPE
sekretaris dewan keamanan nasional iran,NOR
ali larijani,PER
ayatollah ali khamenei,PER
amerika,GPE
serikatisrael,NOR
al,PER
jaz,ORG
##eera,PER
ali larijani,PER
khamene,PER
iran,GPE
konstitusi,LAW
iran,GPE
khamenei,PER
iran,GPE
lari,PER
iran,GPE
presiden rusia,NOR
vladimir putin,PER
moskwa,NOR
teluk b,LOC
wakil menteri kesehatan iran,NOR
alireza raisi,PER
alire,PER
pemerintah,NOR
iran,GPE
china,GPE
penasihat pemimpin tertinggi iran,NOR
ali khamenei mohammad mirmohammad,PER
radio pemerintah iran,NOR
mirmohammadi,PER
middle east eye,ORG
mirmohammadi,PER
iran,GPE
pekanbaru,GPE
ap,PER
perwakilan kedutaan iran,NOR
ap,NOR
kabupaten,GPE
kampar riau,NOR
kedubes iran,NOR
ali khamenei ap,PER
ali khamenei,PER
asis,PER
##bes iran,NOR
iran,GPE
kedu,ORG
##bes rumah,NOR
teheran,GPE
pemimpin tertinggi iran,NOR
ayatollah ali khamenei,PER
israel,GPE
amerika serikat as,GPE
iran,GPE
amerika serikat,GPE
israel,GPE
iran,GPE
iran,GPE
khamene,PER
teheran,GPE
teheran,GPE
hou,ORG
##thi,NOR
yaman,GPE
hiz,NOR
##bullah,ORG
lebanon,GPE
hamas,NOR
palestina,GPE
perang israelhamas,EVT
presiden iran,NOR
masoud pezeshkian,PER
pemimpin tertinggi iran,NOR
ayatollah ali khamenei,PER
amerika serikat,GPE
israel,GPE
pemerintah,NOR
pemimpin tertinggi iran,NOR
stasiun televisi pemerintah iran,NOR
khamenei,PER
satelit airbus asap hitam,PRD
kota,GPE
teheran,GPE
gaza,GPE
hamas,NOR
pemimpin tertinggi iran,NOR
ayatollah ali khamenei,PER
palestina,GPE
hamas,NOR
amerika serikat,GPE
israel,GPE
hamas,NOR
ayatolla,PER
hamas,NOR
iran,NOR
khamene,PER
hamas,GPE
amerika serikat,GPE
pemerintah,NOR
israel,GPE
amerika serikat,GPE
israe,PER
dubai,GPE
pemimpin tertinggi iran,NOR
ayatollah ali khamenei,PER
amerika serikat as,GPE
khamene,PER
pemerintah as,NOR
washington,GPE
khamene,PER
teheran,GPE
as,GPE
iran,GPE
miliar,MON
dolar,MON
presiden iran,NOR
masoud pezeshkian,PER
khamene,PER
teheran,GPE
pemimpin tertinggi iran,NOR
ayatollah ali khamenei farideh moradkhani,PER
pemerintah asing,NOR
pemerintah iran,NOR
kejaksaan,NOR
tw,EVT
mahmoud moradkhani,PER
mahmoud moradkhani,PER
farideh moradkhani,PER
pemerintah,NOR
iran,GPE
pemerintah asing,NOR
iran,GPE
washington dc,GPE
presiden amerika serikat,NOR
donald trump,PER
perdana menteri pm israel,NOR
benjamin netanyahu,PER
iran,GPE
netanyahu,PER
trump,PER
iran,GPE
trump,PER
pemimpin,NOR
iran,NOR
teheran,GPE
trump,PER
iran,GPE
bom,PRD
jepang,GPE
decapitation strike s,EVT
pemimpin tertinggi iran,NOR
ayatollah ali khamene,PER
senjata,EVT
israel,GPE
televisi,ORG
pemerintah iran,NOR
perdana,EVT
juni,NOR
israel,GPE
trump,PER
amerikan serikat,GPE
as,GPE
israel,GPE
khamene,PER
iran,GPE
##rae,PER
iran,GPE
as,GPE
khamene,PER
donald trump,PER
as,GPE
iran,GPE
jakarta,GPE
prabowo subianto,PER
pemimpin tertinggi iran,NOR
ayatollah ali khamenei ali khamenei,PER
israel,GPE
amerika serikat as,GPE
sekretaris kabinet,NOR
teddy indra wijaya,PER
pemimpin,NOR
iran,NOR
maret,DAT
teddy,PER
instagram kabinet,PRD
prabowo,PER
ayatollah ali khamenei teddy,PER
prabowo,PER
menteri negeri menlu,NOR
sugion,PER
reza pahlavi,PER
ayatollah ali khamenei,PER
amerika serikat,GPE
as,GPE
israel,GPE
iran,GPE
ali khamene,PER
pahlavi,NOR
iran,GPE
as,GPE
israel,GPE
reza pahlavi,PER
shah iran,NOR
mohammad reza pahlavi,PER
teheran,GPE
pemimpin tertinggi iran,NOR
ayatollah ali khamenei,PER
amerika serikat,GPE
israel,GPE
teheran,GPE
februari,DAT
khamenei,PER
##icial intelligence,PRD
ai,ORG
foto,PRD
foto ai generatif,PRD
teheran,GPE
pemimpin tertinggi iran,NOR
ayatollah ali khamenei,PER
perancis,GPE
pemerintah eropa,NOR
nabi muhammad,REG
nabi,REG
muhammad khamenei,PER
perancis,GPE
pemerintah,NOR
khamenei,PER
al jazeera,PER
pemimpin,NOR
perancis,GPE
eropa,GPE
washington dc,GPE
amerika serikat as,GPE
israel iran,GPE
pemimpin tertinggi iran,NOR
ayatollah ali khamene,PER
presiden as,NOR
donald trump,PER
trump,PER
iran,GPE
trump,PER
ali khamenei,PER
reza pahlav,PER
##i,NOR
iran,GPE
trump,PER
iran,GPE
senjata nuklir,PRD
pemimpin tertinggi iran,NOR
ayatollah ali khamenei,PER
israel,GPE
operasi rising lion,EVT
khamene,PER
iran,GPE
israel,GPE
amerika serikat,GPE
khamene,PER
trump,PER
israel,GPE
iran,GPE
amerika,GPE
khamene,PER
israel,GPE
as,GPE
nuklir,LOC
iran,GPE
khamene,PER
donald trump,PER
as,NOR
washington dc,GPE
presiden amerika serikat as,NOR
donald trump,PER
perdana menteri pm israel,NOR
benjamin netanyahu,PER
iran,GPE
trump,PER
iran,GPE
trump,PER
pemimpin tertinggi iran,NOR
ali khamenei,PER
teheran,GPE
trump,PER
iran,GPE
ir,LOC
##g,GPE
##c,LOC
selat hormuz,LOC
jakarta,GPE
duta republik islam iran indonesia,NOR
mohammad boroujerdi iran,PER
dewan kepemimpinan pemimpin tertinggi iran,NOR
ayatollah ali khamenei,PER
amerika serikat,GPE
asisrael,PER
boroujerd,PER
menteng,FAC
jakarta,GPE
pusat,LOC
borouj,PER
dewan kepemimpinan anggota presiden republik islam iran,NOR
masoud pezeshkia,PER
ketua kekuasaan yudikatif iran,NOR
ketiga,CRD
dewan ahli,NOR
dewan penjaga konstitusi dubes iran,NOR
prabowo,PER
timur,GPE
pemerintah iran,NOR
ayatollah ali khamenei khamene,PER
amerika serikat,GPE
israel,GPE
kota,GPE
teheran,GPE
iran,GPE
islam,GPE
iran,GPE
pemerintah iran,NOR
reza pahlavi,PER
pahlavi,GPE
pemerintahan,NOR
republik,GPE
islam,NOR
pemimpin,NOR
iran,NOR
ayatollah ali khamenei,PER
amerika serikat as,GPE
israel teheran,GPE
iran,GPE
washington,GPE
teheran,GPE
trump,PER
khamenei,PER
iran,GPE
pemimpin tertinggi iran,NOR
ayatollah ali khamenei,PER
asisrael,PER
reza pahlavi,PER
teheran,GPE
revolusi,EVT
pah,GPE
##lav,EVT
##i,GPE
rezim,NOR
republik islam,NOR
reza pahlavi,PER
iran,GPE
as,GPE
israel,GPE
pemerintahan demokratis iran,NOR
pahlavi,PER
pemimpin,NOR
iran,NOR
ayatollah ali khamenei,PER
amerika serikat,GPE
israel,GPE
februari,DAT
islam,REG
pah,PER
##lav,NOR
iran,GPE
israel as,GPE
netanya,PER
iran,GPE
reza kha,PER
iran,GPE
ayatollah ali khamenei,PER
amerika serikat,GPE
as,NOR
israel,GPE
presiden iran,NOR
dewan wali iran,NOR
dewan wali,NOR
konstitusi iran,LAW
iran,GPE
ayatollah ali khamene,PER
iran,GPE
asisrae,PER
pemimpin tertinggi iran,NOR
ayatollah ali khamene,PER
amerika serikat,GPE
israel,GPE
republik islam iran,NOR
iran,GPE
negosiasi nuklir,LOC
iran,GPE
ayatollah ali khamenei,PER
ana,PER
##lu,PER
ali khamenei,PER
reza pahlavi,PER
iran,GPE
teheran,GPE
pemimpin tertinggi iran,NOR
ayatollah ali khamenei,PER
as,GPE
februari,DAT
kamera pengawas cctv,PRD
khamene,PER
mojtaba,LOC
khamene,PER
cia,NOR
mossad wion,PER
perang timur,EVT
lebanon,GPE
al,PER
maya,ORG
##deen,EVT
teheran,GPE
khamene,PER
al quran,REG
pemerintah,NOR
jakarta,GPE
ketua dpr ri,NOR
puan maharani,PER
pemimpin tertinggi republik islam iran,NOR
ayatollah ali khamenei,PER
rapat paripurna pembukaan sidang iv kompleks parlemen jakarta,EVT
dpr ri,NOR
ayatolla,PER
pimpinan tertinggi republik islam iran,NOR
israel,GPE
amerika serikat,GPE
iran,GPE
indonesia,NOR
china,GPE
moj,EVT
pemimpin tertinggi iran,NOR
ayatollah ali khamenei,PER
maret,DAT
februari,DAT
ali khamenei,PER
maret,DAT
facebook,PRD
ali khamenei,PER
alhamdulillah,REG
pemimpin agung,NOR
ali khamenei,PER
maret,PER
ali khamenei,PER
iran,GPE
ayatollah ali khamenei,PER
israel,GPE
khamene,PER
khamene,PER
tim cek fakta,ORG
khamene,PER
facebook,PRD
iran,GPE
tim cek fakta,ORG
stasiun televisi pemerintah iran,NOR
pemimpin tertinggi,NOR
ayatollah ali khamenei khamenei,PER
amerika serikat,GPE
israel,GPE
teheran,GPE
iran,GPE
iran,GPE
selat hormuz,LOC
instagram,PRD
shah,PER
iran,NOR
republik,GPE
islam,NOR
reza pahlavi,PER
amerika serikat,GPE
iran,GPE
khamene,PER
pemimpin tertinggi iran,NOR
ayatollah ali khamenei,PER
iran,GPE
tasnim far,PER
the new york times,ORG
satelit airbus defence and space,PRD
israel,GPE
amerika serikat,GPE
beite rahbari,PER
ali khamenei,PER
reza pahlavi,PER
iran,GPE
langsung,PER
khamene,PER
iran,GPE
ali khamenei,PER
bunker teheran,LOC
as,GPE
amerika serikat,GPE
as,NOR
israel,GPE
iran,GPE
komando strategi,ORG
lokasi,NOR
iran,GPE
pemimpin tertinggi iran,NOR
pemerintahan militer iran,NOR
islamic republic news agency irna,ORG
khamene,PER
khamene,PER
presiden iran,NOR
masoud pezeshkian,PER
khamene,PER
deklarasi perang terbuka umat,EVT
islam,REG
teheran,GPE
pemimpin tertinggi iran,NOR
ayatollah ali khamenei,PER
iran,GPE
israel,GPE
khamene,PER
shalat,REG
teheran,EVT
kali khamene,PER
iran,GPE
israel,GPE
hizbullah,NOR
israel,GPE
lebanon,GPE
pemimpin,NOR
iran,NOR
nasrallah,PER
lebanon,GPE
setahun,QTY
palestina,GPE
hamas,NOR
israel,GPE
oktober,DAT
israel,GPE
mui,NOR
ali khamenei,PER
israel,GPE
majelis ulama indonesia mui,NOR
pemimpin tertinggi iran,NOR
ali khamenei,PER
israel,GPE
februari,DAT
mui esk,NOR
israel,GPE
iran,GPE
ah,PER
##ad tau,REG
surat nomor kepdpmuiiii,LAW
ketua mui,NOR
kh anwar iskandar,PER
sekjen mui,NOR
buya amirsyah tamb,PER
mui,NOR
mui desak ri board of,NOR
iran,GPE
amerika serikat as israel,GPE
republik islam,NOR
iran,GPE
islamic republic news agency irna,ORG
ayatollah ali khamene,PER
asisrael iran,NOR
ri,NOR
khamene,PER
masoud pezeshkia,PER
ayatollah ali khamenei,PER
pemimpin,NOR
iran menjabat,NOR
iran,GPE
ali khamenei,PER
forbes,ORG
presiden negaranya iran,NOR
kapal tanker minyak,PRD
israel,GPE
iran,GPE
presiden iran,NOR
revolusi,NOR
iran,GPE
pah,PER
##lavi,NOR
mohammad reza shah pahlavi,PER
ruhollah khomeini,PER
partai republik islam,NOR
ayatollah ali khamenei,PER
amerika serikat,GPE
presiden amerika serikat,NOR
donald trump,PER
kepemimpinan iran,NOR
pidatonya ibadah shalat universitas,EVT
teheran,ORG
khamenei,GPE
mahmoud ahmadinejad,PER
mir hossein mousavi,PER
khamenei khamenei,PER
iran,GPE
pemimpin tertinggi iran,NOR
ayatollah ali khamenei,PER
israel,GPE
teheran,NOR
##kompascom pemimpin tertinggi iran,NOR
ayatollah khamenei,PER
pemilu presiden teheran,EVT
khamenei,PER
mahmoud ahmadinejad,PER
##ut,PER
khamene,PER
khamene,PER
mir hossein mousavi,PER
mousavi,PER
pemilu,EVT
khamene,PER
universitas teheran,ORG
polisi,NOR
israel,GPE
khamenei,GPE
ayatollah ali khamene,PER
amerika,GPE
serikat,NOR
israel,GPE
teheran,GPE
iran,GPE
komando,PER
khamenei,NOR
republik,GPE
islam,NOR
bertahun,LOC
iran,GPE
khamene,GPE
ri,GPE
##l,NOR
palestina,GPE
miliar dollar as,MON
pemimpin,NOR
iran,NOR
ayatollah ali khamene,PER
amerika serikat,GPE
israel,GPE
kapal induk as,PRD
israel,GPE
iran,GPE
indonesia,GPE
washington,GPE
pemimpin,NOR
iran,NOR
ayatollah ali khamenei,PER
pemilihan iran,EVT
juni,DAT
khamene,PER
ulamaulama,PER
akbar hashemi rafsanjani,PER
abbas milani,PER
universitas stanford kongres as,ORG
washington,NOR
iran,GPE
rafsanjan,PER
mahmoud ahmadinejad,PER
iran,GPE
majelis tertinggi iran,NOR
ali khamene,PER
israel,GPE
ayatollah ali khamenei,PER
louisville,GPE
jalan kota louisville kentucky,LOC
ali,PER
sembilan,CRD
ali,PER
lon,PER
ali,PER
ali,PER
ali,PER
muhammad ali boulevard,LOC
teheran,GPE
pemimpin tertinggi iran,NOR
ayatollah ali khamenei,PER
teheran,GPE
senjata nuklir,PRD
republik islam,NOR
senjata nuklir,PRD
senjata nuklir,PRD
senjata nuklir,PRD
khamene,PER
iran,GPE
iran,GPE
enam,CRD
teheran,GPE
teheran,GPE
pemilihan presiden iran,EVT
ayatollah ali khamene,PER
mir houssein mousavi,PER
mehdi karroubi,PER
teheran,GPE
khamene,PER
allahu akbar,REG
dewan pengawal revolusi,NOR
facebook,ORG
mousavi zahra rahnavard,PER
asisten karroubi,NOR
bbc,ORG
pemimpin tertinggi iran,NOR
ayatollah ali khamenei,PER
as,GPE
pemimpin tertinggi iran,NOR
ayatollah ali khamenei,PER
houthi yaman,ORG
kapal induk as laut merah,PRD
israel,GPE
pemimpin tertinggi iran,NOR
ayatollah ali khamenei,PER
teheran,GPE
komandan angkatan laut garda revolusi,NOR
alireza tangsir,PER
israel,GPE
as,GPE
israel,GPE
republik,GPE
islam iran,NOR
iran,GPE
trump,PER
iran,GPE
as,GPE
nato,GPE
iran,GPE
februari,DAT
iran press tv,ORG
tasnim fars,PER
pemimpin tertinggi iran,NOR
ayatollah ali khamenei,PER
presiden amerika serikat as,NOR
donald trump,PER
ali khamenei,PER
asisrael,ORG
khamene,PER
iran,GPE
khamene,PER
as,GPE
israel,GPE
presiden as,NOR
donald trump,PER
pemimpin tertinggi iran,NOR
ayatollah ali khamene,PER
amerika,GPE
serikat israel trump,NOR
perdamaian timur,EVT
##az felix siauw,PER
perang dunia iii,EVT
pemimpin tertinggi iran,NOR
ayatollah ali khamene,PER
amerika serikat,GPE
israel,GPE
presiden amerika serikat,NOR
donald trump,PER
teheran,GPE
komandan angkatan laut garda revolusi,NOR
alireza tangsir,PER
israel,GPE
as,GPE
israel,GPE
republik,GPE
islam iran,NOR
iran,GPE
trump,PER
iran,GPE
as,GPE
nato,GPE
iran,GPE
februari,DAT
tribunpal,ORG
##uc,NOR
##om,ORG
pemimpin tertinggi iran,NOR
ali khamenei,PER
amerika,GPE
serikat israel,NOR
rudal presisi,PRD
khamene,PER
iran,GPE
central intelligence agency cia,NOR
teheran,GPE
pemimpin tertinggi iran,NOR
ali khamenei,PER
israel,GPE
##amerika,NOR
serikat,GPE
kham,ORG
pemerintahan iran irinn,NOR
barat,NOR
pemerintahan republik islam,NOR
tujuh,CRD
kham,PER
tv,ORG
pemerintah iran,NOR
irinn,ORG
khamene,PER
alquran,REG
pemerintah iran,NOR
as,GPE
iran,GPE
kham,PER
republik islam,NOR
khamane,PER
teheran,GPE
pemimpin tertinggi iran,NOR
mojtaba khamenei,PER
iran,GPE
ali larijani,PER
amerika serikat,GPE
israel,GPE
mojtab,ORG
##a,PER
larijani,PER
mort,PER
##eza larijan,PER
mojtaba khamenei,PER
anadolu mojtaba,PER
ali larijani,PER
ali khamenei,PER
khamene,PER
islam,REG
syiah teheran,NOR
khamene,PER
khamene,PER
iran,GPE
tujuh,CRD
iran,GPE
teheran,NOR
iran,GPE
ir,PER
##na,PER
pemerintah iran,NOR
pemimpin tertinggi iran,NOR
ayatollah ali khamenei,PER
amerika serikat,GPE
israel,NOR
tasnim,PER
fars news agency,ORG
khamenei,PER
pemerintah iran,NOR
tujuh,CRD
teheran,NOR
pemerintah iran,NOR
pemimpin tertinggi iran,NOR
ayatollah ali khamenei,PER
amerika serikat,GPE
israel tas,GPE
##nim,PER
iran,GPE
bangsa iran,NOR
ayatollah agung ali khamene,PER
pemimpin tertinggi revolusi islam,NOR
amerika serikat,GPE
zionis,GPE
pemerintah,NOR
iran,GPE
khamene,PER
ayatollah ali khamenei,PER
israel,GPE
amerika serikat,GPE
khamene,PER
teheran,GPE
televisi,NOR
pemerintah iran,NOR
ali khamenei,PER
iran,GPE
israel,GPE
khamene,PER
kham,PER
presiden as,NOR
donald trump,PER
perdana menteri israel,NOR
benjamin netanyahu,PER
kham,PER
operation epic fury,EVT
as,GPE
israel,GPE
iran,GPE
fasilitas,FAC
nuklir,ORG
sistem,PRD
pemerintah,NOR
teheran,GPE
isfahan mashhad,PER
pemerintah iran,NOR
tujuh libur nasional,EVT
pemimpin tertinggi iran,NOR
ayatollah ali khamenei,PER
vi,PER
##ory,PRD
enam,CRD
polisi,NOR
konsulat as,NOR
jembatan zona hijau bagdad,LOC
gedunggedung,FAC
pemerintahan irak,NOR
kedutaan amerika serikat,NOR
amir mousa,PER
reza pahlavi,PER
khamene,PER
pahlav,PER
amerika serikat,GPE
revolusi,EVT
iran,GPE
iran,GPE
polisi,NOR
reza pahlavi,PER
monarki iran,NOR
pemimpin tertinggi iran,NOR
ayatollah ali khamenei,PER
as,GPE
israel,GPE
pahlavi,PER
konsulat as karachi,NOR
utara,GPE
pakistan,GPE
tribunvideocomtribunnewscomviory,ORG
tribunnewscom,ORG
pakistan,GPE
khamene,PER
vioryvideo,ORG
us,PRD
consul,EVT
##ate,ORG
chaos,EVT
##st nine,EVT
karachi,GPE
erupt,EVT
kham,GPE
##ene,PER
konsulat as pakistan,NOR
ali khamenei,PER
iran,NOR
tribunjakartacom,ORG
iran,GPE
pemimpin,NOR
ayatollah ali khamenei,PER
israel,GPE
amerika,GPE
serikat as,NOR
khamene,PER
televisi,NOR
pemerintah iran,NOR
pemerintah iran irna,NOR
iran,GPE
pemerintah,NOR
khamene,PER
ayatollah khamene,PER
revolusi islam,NOR
zionis,NOR
amerika serikat,GPE
kabinet,NOR
pemimpin revolusi irna,NOR
israel,GPE
iran,GPE
fasilitas,PRD
pemimpin tertinggi iran,NOR
ali khamenei,PER
iran,GPE
teheran,GPE
amerika serikat,GPE
israel,GPE
komando pusat as united,NOR
states central command centcom platform x,ORG
as,GPE
indonesia,GPE
timur,NOR
iran,GPE
amerika serikat,GPE
iran,GPE
iran,GPE
khamene,PER
isa,PER
iran,GPE
khamene,PER
ali khamenei,PER
khamene,PER
islam,REG
syiah teheran,NOR
khamene,PER
khamene,PER
iran,GPE
tujuh,CRD
iran,GPE
teheran,NOR
iran,GPE
ir,PER
##na,PER
iran,GPE
teheran,GPE
pemimpin,NOR
ayatollah,PER
ali khamenei,PER
asisrael,NOR
pemerintah,NOR
khamene,PER
iran,GPE
teheran,GPE
pemimpin,NOR
ayatollah,PER
ali khamenei,PER
asisrael,NOR
teheran,ORG
k,PER
teheran,GPE
pemimpin tertinggi republik islam iran,NOR
ayatollah ali khamenei,PER
amerika serikat as,GPE
israel iran,GPE
televisi,NOR
pemerintah iran,NOR
as,GPE
khamenei,PER
teheran,GPE
pemimpin tertinggi presiden as,NOR
perdana menteri israel,NOR
benjamin netanyahu,PER
presiden amerika serikat,NOR
donald,PER
israel,GPE
iran,GPE
as,PRD
kapal fregat samudera hindia,PRD
lari,PER
iran,GPE
angkatan laut angkatan darat republik islam,NOR
kapal den,PRD
lari,PER
menteri pertahanan israel israel,NOR
katz,PER
fisip unsoed purwokerto,ORG
dr agus haryanto,PER
pemimpin,NOR
iran,NOR
ayatollah ali khamenei,PER
khamene,PER
hizbullah yaman,NOR
iran,NOR
indonesia,GPE
board of peace bop gaza tribunbanyumascom purwokerto,ORG
pemimpin,NOR
iran,NOR
ayatollah ali khamenei,PER
fakultas ilmu sosial ilmu politik fisip universita,ORG
trump,PER
pemerintah amerika serikat,NOR
teheran,GPE
trump,PER
iran,GPE
trump,PER
trump,PER
iran,GPE
trump,PER
iran,GPE
teheran,GPE
pemerintah iran korps garda revolusi islam ir,NOR
##gc,ORG
pemimpin tertinggi iran,NOR
ali khamenei,PER
amerika serikat israel,GPE
ir,PER
##gc,ORG
pemimpin syuhada revolusi,NOR
islam,REG
ayat alqur ’ an,REG
ali ‘ imran,PER
allah,REG
tuhan,REG
khamene,PER
suci,REG
ramadan,REG
ir,PER
##gc,ORG
unit,NOR
angkatan bersenjata iran,NOR
amerika serikat as israel,GPE
iran,GPE
pemerintah iran,NOR
ali khamene,PER
amerika serikat,GPE
israel,GPE
februari,DAT
ali khamene,PER
##i teheran,LOC
amerika serikat,GPE
israel,GPE
ali khamene,PER
israel,GPE
israel,GPE
pemerintah iran,NOR
pemimpin tertinggi revolusi islam,NOR
amerika serikat,GPE
israel,GPE
khamene,PER
iran,GPE
islam,REG
pemerintah,NOR
khamene,PER
fars,PER
fars,PER
khamene,PER
khamene,PER
istana khamenei,LOC
kawasan tribunvideocom,LOC
israel,GPE
iran,GPE
as,PRD
kapal fregat samudera hindia,PRD
lari,PER
iran,GPE
angkatan laut angkatan darat republik islam,NOR
kapal den,PRD
lari,PER
menteri pertahanan israel israel,NOR
katz,PER
presiden iran,NOR
masoud pezeshkia,PER
pemerintahan iran,NOR
amerika serikat as,GPE
israel,GPE
pemerintahan iran,NOR
pemerintahan pusat,NOR
pemimpin iran,NOR
ali khamenei pazeh,PER
pemerintahan iran,NOR
pemerintah pusat,NOR
pemerintah daerah pemerintah pusat iran,NOR
gubernur iran pemerintahan iran,NOR
pazeh,PER
khamene,PER
teheran,GPE
televisi,NOR
pemerintah iran,NOR
ali khamenei,PER
iran,GPE
israel,GPE
khamene,PER
kham,PER
presiden as,NOR
donald trump,PER
perdana menteri israel,NOR
benjamin netanyahu,PER
kham,PER
operation epic fury,EVT
as,GPE
israel,GPE
iran,GPE
fasilitas,FAC
nuklir,ORG
sistem,PRD
teheran,GPE
pemerintah iran korps garda revolusi islam ir,NOR
##gc,ORG
pemimpin tertinggi iran,NOR
ali khamenei,PER
amerika serikat israel,GPE
ir,PER
##gc,ORG
pemimpin syuhada revolusi,NOR
islam,REG
ayat alqur ’ an,REG
ali ‘ imran,PER
allah,REG
tuhan,REG
khamene,PER
suci,REG
ramadan,REG
ir,PER
##gc,ORG
ali khamenei,PER
iran,GPE
ayatollah agung naser makarem shirazi,PER
komando jihad,NOR
global,ORG
makar,PER
##em,NOR
shirazi,PER
khamene,PER
fardhu,REG
muslim,REG
khamene,PER
tribunnewscom,ORG
iran,GPE
ayatollah agung naser makarem shirazi,PER
komando jihad,NOR
global,ORG
pemimpin tertinggi iran,NOR
ali khamenei febru,PER
teheran,GPE
pemimpin tertinggi republik islam iran,NOR
ayatollah ali khamenei,PER
amerika serikat as,GPE
israel iran,GPE
televisi,NOR
pemerintah iran,NOR
as,GPE
khamenei,PER
teheran,GPE
pemimpin tertinggi presiden as,NOR
perdana menteri israel,NOR
benjamin netanyahu,PER
presiden amerika serikat,NOR
donald,PER
pemimpin tertinggi iran,NOR
ayatollah ali khamenei,PER
vi,PER
##ory,PRD
enam,CRD
polisi,NOR
konsulat as,NOR
jembatan zona hijau bagdad,LOC
gedunggedung,FAC
pemerintahan irak,NOR
kedutaan amerika serikat,NOR
amir mousa,PER
pe,ORG
##ze,NOR
##shkian warning,ORG
amerika serikat israel,GPE
khamene,PER
islam,REG
syiah,REG
ali khamenei,PER
zionis,GPE
amerika,GPE
islam,REG
syiah,REG
amerika,GPE
pe,PER
##zeshkia,NOR
teheran,GPE
pe,PER
konsulat as karachi,NOR
utara,GPE
pakistan,GPE
tribunvideocomtribunnewscomviory,ORG
tribunnewscom,ORG
pakistan,GPE
khamene,PER
vioryvideo,ORG
us,PRD
consul,EVT
##ate,ORG
chaos,EVT
##st nine,EVT
karachi,GPE
erupt,EVT
kham,GPE
##ene,PER
konsulat as pakistan,NOR
ali khamenei,PER
iran,NOR
israel,GPE
iran,GPE
as,PRD
kapal fregat samudera hindia,PRD
lari,PER
iran,GPE
angkatan laut angkatan darat republik islam,NOR
kapal den,PRD
lari,PER
menteri pertahanan israel israel,NOR
katz,PER
iran,GPE
ayatollah ali khamenei,PER
as,GPE
maret,DAT
israel,GPE
iran,GPE
pemimpin,NOR
iran,NOR
ali khamenei,PER
iran,GPE
teheran,GPE
amerika serikat,GPE
israel,GPE
kawasan timur komando,LOC
pusat as,NOR
united states central com,ORG
pemerintah iran,NOR
pemimpin tertinggi iran,NOR
ali khamenei,PER
amerika serikat,GPE
israel,GPE
kham,PER
laki,PER
pemerintah iran,NOR
jenderal iran,NOR
trump,PER
pemimpin tertinggi iran,NOR
ali khamenei,PER
israel,GPE
trump,PER
teheran,NOR
presiden as,NOR
israel,GPE
as,GPE
pemimpin tertinggi iran,NOR
ali khamenei,PER
rudal,PRD
istana kepresidenan,FAC
iran,NOR
israel,GPE
pemimpin,NOR
iran,NOR
israel,GPE
pemimpin,NOR
iran,GPE
presiden as,NOR
donald trump,PER
iran,GPE
israel,GPE
khamene,PER
benjamin netanyahu,PER
khamene,PER
khamene,PER
as,GPE
israel,GPE
khamene,PER
iran,GPE
tujuh libur,EVT
tribunvideocom artikel,ORG
tribunnewscom,ORG
pemimpin,NOR
ayatollah khamenei,PER
asisrael,PER
iran,NOR
tribunbanyumascom teheran,ORG
iran,GPE
tasnim fars,PER
pemimpin tertinggi iran,NOR
ayatollah ali khamenei,PER
teheran,GPE
amerika serikat,GPE
israel,GPE
pemerintah iran,NOR
tujuh,CRD
teheran,GPE
pe,ORG
##ze,NOR
##shkian warning,ORG
amerika serikat israel,GPE
khamene,PER
islam,REG
syiah,REG
ali khamenei,PER
zionis,GPE
amerika,GPE
islam,REG
syiah,REG
amerika,GPE
pe,PER
##zeshkia,NOR
teheran,GPE
pe,PER
pemerintah iran,NOR
pemimpin tertinggi,NOR
ayatollah ali khamenei,PER
asi,NOR
##s,PER
##rael,NOR
khamene,PER
iran,GPE
tujuh,CRD
perdana menteri israel,NOR
benjamin netanyahu,PER
khamene,PER
teheran,GPE
iran,GPE
pemimpin,NOR
ali khamenei,PER
khamene,PER
as,GPE
israel,GPE
khamene,GPE
iran,GPE
tujuh,CRD
komp,LOC
kham,LOC
##ene,PER
khamene,PER
tribun,NOR
##ne,ORG
##wscom jakarta pemerintah iran korps garda revolusi iran irgc,NOR
pemimpin tertinggi iran,NOR
ayatullah ali khamenei ayatullah ali khamenei,PER
amerika serikat,GPE
israel,GPE
ali khamene,PER
as,GPE
israel,GPE
pemimpin tertinggi iran garda revolusi iran,NOR
tuhan,REG
allah,REG
ali ‘ imran ayat,PER
iran,GPE
ayatollah ali khamenei,PER
as,GPE
maret,DAT
israel,GPE
iran,GPE
pemimpin,NOR
iran,NOR
ali khamenei,PER
iran,GPE
teheran,GPE
amerika serikat,GPE
israel,GPE
kawasan timur komando,LOC
pusat as,NOR
united states central com,ORG
tribunnewscom,ORG
jakarta presiden rusia,NOR
vladimir putin,PER
pemimpin tertinggi iran,NOR
ayatollah ali khamenei ali khamenei,PER
amerika serikat as,GPE
israel iran,GPE
aljazeera,PER
rusia,GPE
tass,PER
putin,PER
presiden iran,NOR
masoud pezeshkia,PER
pemimpin tertinggi iran,NOR
putin,PER
khamene,PER
pemerintah iran,NOR
pemimpin tertinggi iran,NOR
ayatollah ali khamenei,PER
israel,GPE
as,GPE
pemimpin tertinggi iran,NOR
ali khamenei,PER
rudal,PRD
istana kepresidenan,FAC
iran,NOR
israel,GPE
pemimpin,NOR
iran,NOR
israel,GPE
pemimpin,NOR
iran,GPE
presiden as,NOR
donald trump,PER
iran,GPE
israel,GPE
khamene,PER
benjamin netanyahu,PER
khamene,PER
mansoureh khojasteh,PER
ayatollah khamenei,PER
fury,EVT
iran,GPE
as,GPE
iran,GPE
iran,GPE
israel,GPE
as,GPE
selat hormuz,LOC
pemerintah,NOR
iran,GPE
mansoureh khojaste,PER
pemimpin tertinggi iran,NOR
ayatollah ali khamenei,PER
khojasteh,PER
iran,NOR
ali khamenei,PER
militer,NOR
amerika,GPE
serikat,NOR
israel,GPE
teheran,GPE
teheran,GPE
bangkaposcom,ORG
pemimpin tertinggi iran,NOR
ali khamenei,PER
amerika,GPE
serikat,NOR
israel,GPE
teheran,NOR
presiden amerika serikat,NOR
donald trump,PER
khamene,PER
trump,PER
media social truth,ORG
tyas,PER
lpdp,NOR
sekjen kementan segini,NOR
tribunkaltengcom,ORG
ayatollah ali khamenei,PER
china,GPE
rusia,GPE
korea utara hamas,NOR
khamene,PER
iran,GPE
putin,PER
pyongyang,GPE
asis,PER
ayatollah alireza arafi,PER
iran,GPE
khamene,PER
asis,PER
iran,GPE
ayatollah ali khamenei,PER
israel,GPE
otoriter,NOR
china,GPE
rusia,GPE
korea utara,GPE
tribun,NOR
##ne,ORG
##wscom jakarta pemerintah iran korps garda revolusi iran irgc,NOR
pemimpin tertinggi iran,NOR
ayatullah ali khamenei ayatullah ali khamenei,PER
amerika serikat,GPE
israel,GPE
ali khamene,PER
as,GPE
israel,GPE
pemimpin tertinggi iran garda revolusi iran,NOR
tuhan,REG
allah,REG
ali ‘ imran ayat,PER
ayatollah ali khamenei,PER
iran,GPE
stasiun televisi pemerintah iran,NOR
ayatollah ali khamene,PER
tribunjogjacom,ORG
ayatollah ali khamenei,PER
iran,GPE
stasiun televisi pemerintah iran,NOR
ayatollah ali khamene,PER
imam,REG
umat,NOR
islam,REG
mulia ayatollah seyyed ali hosseini khamene,PER
tribunjatengcom purwokerto,ORG
pemimpin tertinggi iran,NOR
ayatollah ali khamenei,PER
amerika israel,GPE
ali khamene,PER
indonesia,GPE
ali khamenei,PER
timur,NOR
presiden iran,NOR
pemimpin,NOR
iran,GPE
detik,ORG
iran,GPE
israel,GPE
amerika,GPE
israel,GPE
iran,GPE
donald trump,PER
fakultas ilmu,ORG
pemimpin tertinggi iran,NOR
ayatollah ali khamenei,PER
amerika serikat,GPE
israel hamas,NOR
ali khamene,PER
asisrael hamas,NOR
arab,GPE
muslim,REG
tribunnewsc,ORG
pemimpin tertinggi iran,NOR
ayatollah ali khamene,PER
amerika serikat,GPE
israel,GPE
asi,NOR
##s,ORG
##rael,NOR
iran,NOR
kanan palestina hamas,NOR
ali kh,PER
bangkaposcom,ORG
pemimpin tertinggi iran,NOR
ayatollah ali khamenei,PER
militer,NOR
amerika,GPE
serikat,NOR
israel,GPE
maret,DAT
iran,GPE
detik,ORG
kompleks al khamene,LOC
operation epic fury,EVT
al khamene,LOC
kota,GPE
teheran,GPE
ali khamene,PER
pemimpin tertinggi iran,NOR
ayatollah ali khamenei,PER
as,GPE
–,NOR
israel,GPE
iran,GPE
presiden as,NOR
donald trump,PER
khamene,PER
iran,GPE
tribunnewsc,ORG
pemimpin tertinggi iran,NOR
ayatollah ali khamenei,PER
amerika,GPE
serikat as,NOR
israel,GPE
iran,NOR
al mayadeen,PER
pemerintah iran,NOR
khamenei,PER
kompleks gedung kepemimpinan teheran,LOC
tribunkaltengcom,ORG
media iran,NOR
pemimpin tertinggi iran,NOR
ali khamenei,PER
ayatollah ali khamene,PER
##i republik islam,NOR
perdana menteri israel,NOR
benjamin netanyahu,PER
pemimpin tertinggi iran,NOR
ayatollah ali khamenei,PER
teheran,GPE
ayatollah alireza arafi iran,PER
khamene,PER
asisrael,NOR
operasi gabungan,EVT
amerika,GPE
serikat as,NOR
israel,GPE
televisi,ORG
netanyahu,ORG
khamenei,PER
mohammad shirazi,PER
ali khamenei,PER
komandan angkatan bersenjata,NOR
senior,PER
khamenei,PER
iran,GPE
aziz nasirzade,PER
menteri pertahanan iran,NOR
komandan angkatan udara,NOR
kepala staf angkatan bersenjata,NOR
rudal jarak sistem senjata,PRD
proksi iran,NOR
aziz,PER
senjata nuklir,PRD
kimia,PRD
ali khamenei mansoureh khojasteh bagherzadeh,PER
as,GPE
–,NOR
israel,GPE
iran,GPE
februari,DAT
iran,GPE
presiden,NOR
mahmoud ahmadinejad,PER
militer,NOR
irgc,NOR
komando negara as,NOR
israel,GPE
iran,GPE
teheran,GPE
tribun,ORG
##w,ORG
pemimpin tertinggi iran,NOR
ali khamenei,PER
amerika,GPE
serikat israel iran,NOR
iran,GPE
tasnim news agency,ORG
mansoure,PER
pemimpin tertinggi iran,NOR
ayatollah ali khamenei,PER
amerika serikat,GPE
iran,GPE
ali khamene,PER
presiden iran,NOR
masoud pezeshkian,PER
iran,GPE
ketua lembaga peradilan,NOR
gholamhossein mohseni,PER
dewan hukum negara,NOR
pemerintah,NOR
mohammad mokhber,PER
khamene,PER
langsung,PER
pezeshkian,PER
khamenei,PER
khamenei,PER
republik islam iran,NOR
mansoureh khojasteh bagherzade,PER
pemimpin tertinggi iran,NOR
ali khamenei,PER
amerika serikat,GPE
israel teheran,GPE
pemerintah iran,NOR
press tv tasnim news agency,ORG
bagherzadeh,PER
khamene,PER
tasnim,PER
ayatollah ali khamene,PER
israel,GPE
amerika serikat,GPE
iran,GPE
teheran,GPE
##ayat,PRD
ayatollah ali khamene,PER
israel,GPE
amerika serikat,GPE
as,GPE
iran,GPE
tribunmed,ORG
##ancom,NOR
pemimpin tertinggi iran,NOR
ali khamenei,PER
amerika,GPE
serikat,NOR
israel,GPE
teheran,GPE
badan intelijen amerika serikat central intelligence agency cia,NOR
kham,GPE
cia,NOR
kham,GPE
iran,GPE
kham,GPE
pemerintah iran,NOR
pemimpin tertinggi iran,NOR
ayatollah ali khamenei,PER
teheran,GPE
khamene,PER
amerika,GPE
serikat israel iran,NOR
tasnim news agency,ORG
jakarta,GPE
pemerintah iran,NOR
pemimpin tertinggi iran,NOR
ayatollah ali khamene,PER
teheran,GPE
khamene,PER
amerika,GPE
serikat israel iran,NOR
tasnim news agency,ORG
appstore playstore,PRD
timur,LOC
iran,GPE
ayatollah ali khamenei,PER
venezuela,GPE
nicolas maduro,PER
new york,GPE
donald trump,PER
ringkasan,PER
khamenei irna,PER
iran,GPE
iran,GPE
as,GPE
israel,GPE
teheran,GPE
amerika serikat,GPE
israel,GPE
iran,GPE
pemimpin tertinggi iran,NOR
ali khamenei,PER
pemerintahan militer,NOR
iran,GPE
iran,GPE
ali khamene,PER
amerika serikat,GPE
israel,GPE
pemerintah iran,NOR
khamene,GPE
republik,GPE
islam iran,NOR
pemerintah iran,NOR
khamene,PER
amerika serikat,GPE
israel,GPE
pemerintah iran,NOR
mansoureh khojasteh bagherzade,PER
pemimpin tertinggi iran,NOR
ayatollah ali khamenei,PER
amerika,GPE
serikat,NOR
israel,GPE
teheran,GPE
bagherzadeh,PER
ayatollah ali khamene,PER
pemerintah iran,NOR
press,ORG
tv,ORG
suryacoid,PER
mansoureh khojasteh bagherzade,PER
pemimpin tertinggi iran,NOR
ayatollah ali khamenei,PER
amerika serikat,GPE
israel teheran,GPE
ayatollah ali khamene,PER
pemerintah iran pr,NOR
khamene,GPE
iran,GPE
kham,PER
##ene,GPE
iran,GPE
pemerintah iran,NOR
kham,PER
israel,GPE
channel times of,ORG
israel,GPE
israel,GPE
amerika serikat,GPE
kham,PER
fars,ORG
khamene,PER
presiden amerika serikat,NOR
donald trump,PER
teheran,GPE
pemimpin tertinggi iran,NOR
mojtaba khamenei,PER
iran,GPE
ali larijani,PER
amerika serikat,GPE
israel,GPE
mojtab,ORG
##a,PER
larijani,PER
mort,PER
##eza larijan,PER
mojtaba khamenei,PER
anadolu mojtaba,PER
ali larijani,PER
iran,GPE
israel,GPE
iran,GPE
asisrael,PER
ali larijan,PER
ir,NOR
##gc,ORG
kham,GPE
##ene,PER
##i,GPE
teheran,GPE
kabinet iran,NOR
republik islam iran,NOR
pemimpin,NOR
ayatollah,PER
ali khamene,PER
amerika serikat,GPE
israel,GPE
teheran,GPE
pemimpin tertinggi iran,NOR
ayatollah ali khamenei,PER
amerika serikat,GPE
iran,GPE
ali khamene,PER
presiden iran,NOR
masoud pezeshkian,PER
iran,GPE
ketua lembaga peradilan,NOR
gholamhossein mohseni,PER
dewan hukum negara,NOR
pemerintah,NOR
mohammad mokhber,PER
khamene,PER
langsung,PER
pezeshkian,PER
khamenei,PER
khamenei,PER
ayatollah ali khamene,PER
israel,GPE
amerika serikat,GPE
iran,GPE
teheran,GPE
##ayat,PRD
ayatollah ali khamene,PER
israel,GPE
amerika serikat,GPE
as,GPE
iran,GPE
kepala dewan keamanan iran,NOR
ali larijani,PER
khor,PER
##ramsha,NOR
##hr qadr emad kheybarsh,PER
israel,GPE
revolusi,NOR
israel,GPE
tel aviv,GPE
ali larijan,PER
gedunggedung ramat gan,LOC
iran,GPE
viory,PER
ramat gan,LOC
iran,GPE
iran,GPE
iran,GPE
ramat gan,LOC
pemerintah,NOR
kota,GPE
ramat,GPE
gan,LOC
iran,GPE
##ang,NOR
mojtaba khamenei,PER
pemimpin tertinggi iran,NOR
majelis pakar pascakemati,NOR
ali khamenei,PER
mojtaba,PER
asis,PER
##rael garda revolusi irgc,ORG
moj,PER
##tab,NOR
republik islam iran,NOR
ayatollah ali khamenei ayatollah khamenei,PER
aliansi amerika serikat israel,NOR
februari,DAT
tribunmed,ORG
##ancom,NOR
pemimpin tertinggi iran,NOR
ali khamenei,PER
amerika,GPE
serikat,NOR
israel,GPE
teheran,GPE
badan intelijen amerika serikat central intelligence agency cia,NOR
kham,GPE
cia,NOR
kham,GPE
iran,GPE
kham,GPE
teheran,GPE
salat,REG
id,EVT
idul fitri,REG
berkabung nasional iran,EVT
ayatollah ali khamene,PER
pemimpin tertinggi iran,NOR
mojtaba khamene,PER
idul fitri,REG
televisi,NOR
pemerintah,NOR
asisrae,PER
mojtab,GPE
vi,PER
##oryvideo,WOA
salat,REG
idul fitri teheran perang,EVT
iran,GPE
jet tempur canggih,PRD
as,GPE
israel selatan,GPE
pulau qeshm teluk persia,LOC
asisrael,ORG
khamene,GPE
presiden as,NOR
donald trump,PER
iran,GPE
iran,GPE
jet tempur canggih,PRD
as,GPE
israel selatan,GPE
pulau qeshm teluk persia teheran,LOC
kawasan,LOC
teluk persia,LOC
korps garda,NOR
tribunmed,ORG
##ancom,NOR
pemimpin tertinggi iran,NOR
ali khamenei,PER
amerika,GPE
serikat,NOR
israel,GPE
teheran,GPE
badan intelijen amerika serikat central intelligence agency cia,NOR
kham,GPE
cia,NOR
kham,GPE
iran,GPE
kham,GPE
khamenei,NOR
revolusi islam revolusi,EVT
islam,REG
khamene,PER
dewan revolusi,NOR
wakil menteri pertahanan imam,NOR
salat,PER
teheran,NOR
parlemen presiden,NOR
mohammad ali rajai,PER
khamene,PER
khomeini,PER
majelis,NOR
ahli,ORG
khamenei,NOR
tel aviv,GPE
israel,GPE
iran,GPE
as,GPE
amerika serikat,GPE
israel,GPE
operasi militer gabungan,EVT
iran,GPE
pemimpin tertinggi iran,NOR
ayatollah ali khamenei,PER
hassan nasrallah nasrallah,PER
israel,GPE
beirut,GPE
lebanon,GPE
tribunnews,ORG
nasrallah khamenei,PER
israel,GPE
khamene,PER
khamene,PER
sekretaris jenderal hizbullah,NOR
khamenei,PER
iran,GPE
iran,GPE
hizbullah,NOR
##si,NOR
tribunnewscom,ORG
hass,PER
kepala intelijen militer israel,NOR
mayor jenderal shlomi binder,PER
pemerintah iran,NOR
the jerusalem post,ORG
iran,GPE
teheran,GPE
iran,GPE
iran,GPE
bind,PER
id,NOR
israel,GPE
kepala staf iran perang,NOR
ali shademani idf,PER
the jerusalem post,ORG
pertahanan,ORG
pemerintah iran,NOR
pemimpin tertinggi iran,NOR
ayatollah ali khamenei,PER
teheran,GPE
khamene,PER
amerika,GPE
serikat israel iran,NOR
tasnim news agency,ORG
jakarta,GPE
pemerintah iran,NOR
pemimpin tertinggi iran,NOR
ayatollah ali khamene,PER
teheran,GPE
khamene,PER
amerika,GPE
serikat israel iran,NOR
tasnim news agency,ORG
appstore playstore,PRD
timur,LOC
iran,GPE
ayatollah ali khamenei,PER
venezuela,GPE
nicolas maduro,PER
new york,GPE
donald trump,PER
selat hormuz,LOC
iran,GPE
amerika serikat,GPE
as,GPE
israel,GPE
iran,GPE
iran,GPE
selat hormuz,LOC
februari,DAT
selat hormuz,LOC
teluk persia laut arab,LOC
iran,GPE
utara,LOC
oman,GPE
uni emirat arab uea selatan,GPE
kapal tanker minyak,PRD
pemimpin tertinggi iran,NOR
mojtaba khamenei,PER
timur,LOC
iran,GPE
ayatollah ali khamenei,PER
venezuela,GPE
nicolas maduro,PER
new york,GPE
donald trump,PER
appstore playstore,PRD
iran,GPE
ali khamene,PER
amerika serikat,GPE
israel,GPE
pemerintah iran,NOR
khamene,GPE
republik,GPE
islam iran,NOR
pemerintah iran,NOR
khamene,PER
amerika serikat,GPE
israel,GPE
pemerintah iran,NOR
dewan kota saudara,NOR
raghe,ORG
##b younes,PER
allah,REG
allah,REG
mohammed ahmad haidar,PER
kota media,NOR
lebanon,GPE
kota saksakiyah,GPE
distrik sidon,GPE
delapan,CRD
israel,GPE
shimon siri,PER
##ne,PRD
rudal iran,PRD
iran,GPE
amerika serikat,GPE
israel,GPE
ketiga,ORD
februari,DAT
iran,GPE
ayatollah,PER
ali khamenei,PER
israel,GPE
vi,PER
##ory,EVT
rudal iran,PRD
herzli,GPE
##ya,LOC
israel,GPE
rudal iran rudal iran herz,PRD
##ya war,PRD
iran,GPE
ayatollah ali khamenei,PER
asi,NOR
##s,PER
##rae,NOR
presiden,NOR
donald trump,PER
presiden as,NOR
donald trump khamenei,PER
iran international,ORG
khamenei,PER
tribunkaltengcom kabar,ORG
iran,GPE
ayatollah ali khamenei,PER
iran,GPE
ayatollah ali khamenei,PER
asi,NOR
##s,ORG
##rael,NOR
presiden,NOR
donald trump iran,PER
tribunjakartacom,ORG
ramadan,REG
indonesia,GPE
perang timur israel amerika serikat,EVT
as,GPE
teheran,GPE
iran,GPE
pemimpi,NOR
iran,GPE
ayatollah ali khamenei,PER
truth social,ORG
trump,PER
khamene,PER
trump,PER
kham,PER
iran,GPE
khamene,PER
iran,GPE
amerika,GPE
tribunkaltengcom update,ORG
iran,GPE
amerika,GPE
pemimpin tertinggi iran,NOR
ayatollah ali khamenei,PER
besarbesaran sanaa pemogokan,EVT
houthi,ORG
khamene,PER
donald trump,PER
amerika,GPE
##is,NOR
iran,NOR
masoud pezeshkian,PER
pemimpin,NOR
iran sanaa yaman,NOR
pemimpin houthi yaman,NOR
abdul malik alhouthi,PER
iran,GPE
pemimpin tertinggi iran,NOR
ayatollah ali khamenei,PER
amerika serikat,GPE
israel,GPE
khamene,PER
nabi muhammad saw,REG
syiah,REG
suryamalangcom,ORG
iran,GPE
ayatollah ali khamene,PER
iran,GPE
nabi muhammad saw,REG
amerika serikat,GPE
israel,GPE
kawasan timu,LOC
washington,GPE
presiden amerika serikat,NOR
donald trump,PER
iran,GPE
trump,NOR
fox news,ORG
presiden,NOR
mojtaba khamenei,PER
ayatollah ali khamenei,PER
pemimpin,NOR
iran,GPE
trump,PER
mojtaba khamene,PER
amerika serikat,GPE
israel,GPE
iran,GPE
teheran,GPE
iran,GPE
israel,GPE
doha,GPE
iran,GPE
teheran,GPE
ketua parlemen iran,NOR
mohammad bagher ghalibaf,PER
iran,GPE
ghalibaf,PER
iran,GPE
amerika serikat,GPE
israel,GPE
iran,GPE
teheran,GPE
iran,GPE
israel,GPE
as timur,GPE
teheran,GPE
iran,GPE
teheran,GPE
ketua parlemen iran,NOR
mohammad bagher ghaliba,PER
iran,GPE
ghaliba,PER
##f,ORG
media sosial,ORG
iran,GPE
putin trump,PER
gencatan,EVT
amerika serikat,GPE
israel,GPE
iran,GPE
teheran,GPE
doha,GPE
juru bicara kementerian negeri qatar,NOR
majed alansari qatar,PER
iran,GPE
iran,GPE
iran,GPE
alan,PER
konferensi pers,EVT
februari,DAT
menteri negeri negara kemlu qatar,NOR
iran,GPE
qatar,GPE
mediator,NOR
iran,GPE
amerika serikat,GPE
alansari,PER
qatar,GPE
iran,GPE
iran,GPE
israel,GPE
teheran,GPE
iran,GPE
mojtaba khamene,PER
skala nasional,EVT
kota,EVT
iran,GPE
majelis pakar iran,NOR
teheran,GPE
kota iran,GPE
iran,GPE
lapangan enghelab,LOC
iran,GPE
ali khamenei,PER
amerika,GPE
serikat,NOR
##is,PER
##rae,PER
pewarta xinhuae,ORG
istanbul,GPE
arab saudi,GPE
kuwait uni emirat arab uea,GPE
angkatan bersenjata aparat keamanan negara menjalankan tugas,NOR
kementerian negeri kemlu arab saudi,NOR
kerajaan arab saudi,NOR
pemerintah rakyat negara sahabat,NOR
kuwait,GPE
uni emirat arab,GPE
arab saudi,GPE
kerajaan,GPE
kuwait,GPE
uea,GPE
kuwait,GPE
rudal drone uea,PRD
ankara,GPE
presiden turki,NOR
recep tayyip erdog,PER
presiden iran,NOR
masoud pezeshkia,PER
turki,GPE
erdog,PER
iran,GPE
kementerian pertahanan turki,NOR
rudal balistik,PRD
iran,GPE
provinsi gaziantep,GPE
turki tenggara,GPE
nato,PRD
mediterania timur,GPE
er,PER
telepon pe,PRD
##sh,PRD
rudal,PRD
moskow,GPE
pemerintah belanda,NOR
kapal fregat komando antipesawat hnlms ever,PRD
timur mediterania,GPE
prancis,GPE
iran,GPE
stasiun televisi nos,ORG
menteri pertahanan negeri belanda,NOR
kapal,ORG
siprus,GPE
turki,GPE
prancis,GPE
belanda,GPE
kapal induk,PRD
prancis,GPE
charles de gaulle,PER
kapal perang fregat pertahanan udara komando evertsen,PRD
kapal induk misinya,PRD
washington,GPE
presiden amerika serikat,NOR
donald trump,PER
minyak,PRD
trump,PER
trump,EVT
as,NOR
iran,GPE
minyak,PRD
minyak,PRD
jakarta,GPE
ketua dpr ri,NOR
puan maharani,PER
pemimpin tertinggi republik islam iran,NOR
ali khamene,PER
amerika serikat israel,GPE
rapat paripurna dpr ri pembukaan persidangan iv sidang – kompleks,EVT
parlemen senayan jakarta,LOC
dpr ri,NOR
ayatullah ali khamene,PER
republik islam iran,NOR
israel,GPE
as,GPE
iran,GPE
puan puan negara,PER
washington,GPE
senator partai demokrat amerika serikat as,NOR
kota minab,GPE
iran,GPE
pasukan as pentagon,NOR
sekolah,NOR
pasukan,ORG
as,NOR
menteri pertahanan,NOR
pete hegset,PER
departemen pertahanan,NOR
brian schatz,PER
hegset,PER
kongres,NOR
mengkh,LOC
web,PRD
uu ite,LAW
istanbul,GPE
asia,GPE
asisrael,EVT
iran,GPE
minyak mentah global,PRD
dolar,MON
rp juta barel,MON
india,GPE
pemerintah,NOR
india,GPE
minyak bumi,PRD
china,GPE
atlantic,NOR
council beijing,ORG
minyak mentah,PRD
minyak domestik,PRD
jakarta,NOR
kedutaan kedubes iran jakarta,NOR
ayatollah seyyed mojtaba hosseini khamene,PER
pemimpin tertinggi iran,NOR
mojtaba khamenei,PER
ayatollah aludzma syahid,PER
seyyed ali hosseini khamenai,PER
asisrael iran,NOR
jakarta,GPE
##bes iran,NOR
pemerintahan iran,NOR
m,PER
istanbul,GPE
presiden lebanon,NOR
joseph aoun,PER
israel,GPE
perserikatan bangsabangsa,NOR
lebanon,GPE
israel,GPE
duta denmark swedia norwegia,NOR
nna,NOR
lebanon,GPE
lebanon,GPE
november,DAT
web,PRD
uu ite,LAW
istanbul,GPE
enam,CRD
israel,GPE
lebanon selatan,GPE
sir algharbiyye,GPE
distrik,GPE
nabatieh nasional lebanon,GPE
kota,GPE
lebanon beirut,GPE
kementerian kesehatan media,NOR
israel,GPE
lebanon timur selatan,GPE
israel,GPE
lebanon,GPE
hezbol,ORG
perang asis,EVT
kairo,GPE
korps garda revolusi islam islamic revolutionary guard corpsirgc iran,NOR
pemimpin,NOR
mojtaba khamene,PER
irgc mojtaba,NOR
pemimpin tertinggi iran,NOR
ali khamenei,PER
majelis ahli iran,NOR
sidang ayat,NOR
##ollah,PER
seyyed mojtaba hosseini khamenei,PER
ketiga,ORD
suci republik islam iran,NOR
itu,PER
##mojtaba khamenei,PER
pemimpin tertinggi iran,NOR
ali khamene,PER
teheran,GPE
juru bicara kementerian negeri iran,NOR
esmaeil baghaei,PER
asisrae,ORG
bahan,ORG
bakar,PRD
iran,GPE
kemanusiaan,EVT
baghae,GPE
asisrael,ORG
fasilitas,LOC
minyak,LOC
teheran,GPE
provinsi alborz,GPE
asi,NOR
##s,ORG
##rae,NOR
iran,GPE
iran,GPE
perang kimia,PRD
iran baghaei,GPE
depot,LOC
bahan,ORG
bakar bahan berbah,LOC
washington,GPE
presiden as,NOR
donald trump,PER
minyak,PRD
nuklir iran,PRD
trump,PER
bensin,PRD
minyak,PRD
iran,GPE
as,GPE
trump,PER
truth,PRD
minyak,PRD
minyak mentah brent,PRD
dolar as,MON
rp juta,MON
minyak dunia,PRD
dolar as,MON
teheran,GPE
mojtaba khamenei ulama,PER
iran,GPE
iran,GPE
as,GPE
israel,GPE
##baru ulama,PER
majelis ahli iran,NOR
ayatollah ali khamenei,PER
tokyo,GPE
mojtaba khamenei,PER
ayatollah ali khamenei,PER
pemimpin tertinggi iran media pemerintah iran,NOR
khamenei,PER
ketiga,ORD
iran,GPE
revolusi,NOR
islam,REG
amerika serikat,GPE
amerika serikat,GPE
as,GPE
israel,GPE
iran,GPE
februari,DAT
korps garda revolusi islam,NOR
pemimpin,NOR
pemimpin,NOR
iran,GPE
yudikatif legislatif administratif iran,NOR
beirut,NOR
israel,GPE
lebanon,GPE
maret,DAT
otoritas kesehatan lebanon,NOR
ah,NOR
##ad kementerian kesehatan lebanon,NOR
kementerian anak,NOR
israel,GPE
israel,GPE
enam,CRD
roket,QTY
hizbullah,NOR
israel,GPE
lebanon,GPE
kota,GPE
beirut,GPE
maret,DAT
hizbullah,NOR
rudal drone,PRD
israel,GPE
pemimpin tertinggi iran,NOR
ali khamene,PER
israel,GPE
lebanon,GPE
israe,PER
teheran,GPE
mojtaba khamenei,PER
ayatollah ali khamene,PER
pemimpin tertinggi iranpe,NOR
iran pucuk,NOR
kekuasaan yudikatif legislatif administratif iran,NOR
iran,GPE
nuklirgard,EVT
revolusi,EVT
iran,GPE
##g,ORG
pemimpin,NOR
moj,PER
##tab,NOR
##a khamene,PER
ria novosti,PER
irgc iran,NOR
mojtaba khamenei,PER
revolusi,REG
islam,REG
imam ruhollah kh,PER
jakarta,GPE
rupiah,MON
dolar amerika serikat as,MON
minyak dunia,PRD
jakarta,GPE
rupiah,MON
rp dolar as,MON
analis mata uang doo financial futures,ORG
lukman leong,PER
rupiah,MON
minyak mentah,PRD
rupiah,MON
dolar as,MON
jakarta,GPE
indeks harga saham gabungan ihsg bursa,PRD
efek indonesia bei,ORG
saham kawasan asia,ORG
minyak,PRD
ihsg,PRD
poin persen,PRC
indeks lq,ORG
persen,PRC
kiwoom research,ORG
head of research kiwoom sekuritas indonesia,ORG
liza camelia suryanata,PER
jakarta,GPE
konflik amer,EVT
istanbul,GPE
iran,GPE
platform media sosial x netblock,ORG
kesembilan,ORD
iran,GPE
kesembilan,QTY
netblocks,ORG
organisasi infrastruktur jaringan teknis negara,ORG
pemimpin,NOR
iran,GPE
ali khamene,PER
istanbul,GPE
pejabat keamanan tertinggi iran,NOR
ali larijani,PER
tentara amerika serikat,NOR
washington,GPE
amerika,GPE
amerika,GPE
larijan,PER
amerika serikat,GPE
as,GPE
juru bicara komando pusat as,NOR
cent,ORG
##com,NOR
al jaz,PER
##eer,NOR
##a,PER
iran,GPE
as,GPE
israel,GPE
iran,GPE
februari,DAT
teheran,GPE
iran,GPE
enam,CRD
utusan korps garuda revolusi islam,NOR
ir,PER
##g,NOR
##c ali mohammad naini,PER
angkatan bersenjata iran,NOR
enam,CRD
nai,PER
pemerintah iran,NOR
iran,GPE
rudal balistik berat,PRD
rudal jelajah jenis,PRD
drone kapal serang,PRD
naini,NOR
iran,GPE
rudal jarak canggih,PRD
amerika serikat,GPE
israel,GPE
iran,GPE
moskow,GPE
amerika serikat,GPE
pangkalanpangkalan inggris,NOR
operasi pertahanan khusus iran,NOR
kementerian pertahanan inggris,NOR
sabtuamerika serikat,DAT
pangkalanpangkalan,NOR
inggris,GPE
pertahanan,EVT
iran,GPE
rudal,PRD
inggris,GPE
kementerian pertahanan,NOR
sky newsselain,ORG
jet tempur typhoon f inggris,PRD
operasi udara yordania,EVT
qatar,GPE
siprus,GPE
london,GPE
helikopter mer,PRD
sky newssemen,ORG
kota,GPE
nicosia,GPE
siprus,GPE
teheran,GPE
ketua parlemen iran,NOR
mohammad bagher ghalibaf,PER
militer,LOC
ask,FAC
##ebi,NOR
republik islam iran,NOR
as,GPE
xiran,GPE
israel,GPE
as timur,GPE
operasi militer gabungan,EVT
amerika serikat israel,GPE
februarihari,DAT
pemimpin,NOR
iran,GPE
ayatollah ali khamenei,PER
osaka,GPE
amerika,GPE
serikatisrael iran jepang,NOR
osaka,GPE
ria novosti,ORG
as,GPE
israel,GPE
iran,GPE
as,GPE
israel,GPE
iran,GPE
iran,GPE
amerika,GPE
pemerintah,NOR
jepang,GPE
as,GPE
presiden as,NOR
donald trump,PER
perdana menteri jepang,NOR
sanae takaichi,PER
ankara,GPE
china,GPE
iran,GPE
rudal,PRD
beijing,GPE
iran,GPE
asisrael,NOR
as,GPE
china,GPE
china,GPE
minyak mentah iran,PRD
teheran,GPE
selat hormuz,LOC
china,GPE
asia,GPE
timur,GPE
rusia,GPE
washington,GPE
presiden amerika serikat,NOR
donald trump,PER
iran,GPE
asisrael iran,NOR
teheran,GPE
iran,GPE
iran,GPE
pemimpin,EVT
iran,GPE
trump,PER
truth social,PRD
trump,PER
iran,GPE
iran,GPE
spanyol,GPE
iran,GPE
as,GPE
israel,GPE
washington,GPE
donald trump washington,PER
iran,GPE
amerika,GPE
##is,NOR
##rae,EVT
amerika serikat as,GPE
iran,GPE
amerika,GPE
israel,GPE
timur,GPE
pesta trump gedung putih,EVT
trump,PER
pemimpin,NOR
iran,GPE
pemimpin,NOR
venezuela,GPE
nicolas maduro,PER
amerika,GPE
as,GPE
delcy rodriguez,PER
venezuela,ORG
ax,PER
##ios trump venezuela co,ORG
beirut,GPE
pesawat tempur,PRD
israel,GPE
beirut,GPE
israel,GPE
dahieh,LOC
televisi aljade,ORG
##ed,NOR
israel,GPE
beirut,GPE
israel,GPE
kementerian kesehatan lebanon,NOR
israel,GPE
presiden lebanon,NOR
joseph aoun,PER
jakarta,GPE
antarajacx,ORG
facebook,PRD
pemimpin tertinggi iran,NOR
ayatollah ali khamenei,PER
amerika serikat,GPE
israel,GPE
khamene,PER
shaheed khamene,PER
mahkamah,REG
allah,NOR
pemimpin agama tertinggi iran,NOR
ayatollah ali khamenei,PER
innalillahi wa inna ilahi rajiun,REG
pimpinan agama iran,NOR
ayatollah ali khamenei,PER
beirut,GPE
sekretaris jenderal hizbullah,NOR
naim qassem,PER
israel,GPE
qas,NOR
##sem,ORG
hiz,NOR
##bullah,ORG
perjanjian gencatan senjata,LAW
israel,GPE
israel,GPE
perserikatan bangsabangsa pbb,NOR
lebanon,NOR
qas,PER
hiz,NOR
##bullah,ORG
israel,GPE
jakarta,GPE
menteri energi sumber daya mineral esdm,NOR
bahlil lahadalia,PER
indonesia,GPE
minyak amerika serikat,PRD
perang amerika serikatisrael,EVT
iran,GPE
minyak mentah jenis,PRD
brent ice,PRD
dolar as barel,MON
minyak mentah jenis,PRD
brent ice,PRD
januari,DAT
dolar as,MON
minyak as,PRD
bahlil,PER
kementerian esdm jakarta,NOR
bah,NOR
pertamina,NOR
badan usaha milik negara bumn,NOR
minyak tim,PRD
##u,ORG
istanbul,GPE
menteri negeri menlu china,NOR
wang yi china,PER
utusan,NOR
timur,NOR
wang yi,PER
menteri negeri menlu arab saudi,NOR
faisal bin farhan al saud xinhua,PER
pemerintah china,NOR
menlu uni emirat arab uea,NOR
abdullah bin zayed al nahyan wang yi,PER
beijing,GPE
wang,PER
menlu israel,NOR
gideon sa ’ ar,PER
iran,GPE
jakarta,GPE
menteri energi sumber daya mineral esdm,NOR
bahlil,PER
minyak mentah crude amerika serikat as,PRD
minyak timur,PRD
bahlil,PER
kementerian esdm jakarta,NOR
bah,EVT
minyak indonesia,PRD
minyak mentah,PRD
minyak timur,PRD
amerika,GPE
serikat,PRD
indonesia,GPE
amerika serikat,GPE
##rael,EVT
iran,GPE
storage,LOC
pertamina,ORG
jakarta,GPE
menteri energi sumber daya mineral esdm,NOR
bahlil lahada,PER
penyimpanan,LOC
minyak mentah crude indonesia,PRD
kementerian esdm jakarta,NOR
##age indonesia,EVT
amerika serikat as,GPE
as,GPE
alf,PER
selat hormuz picu,LOC
stor,LOC
teheran,GPE
amerika,GPE
serikat,NOR
israel,GPE
iran,GPE
tas,GPE
##ni,ORG
##m,GPE
iran,GPE
foundation of martyrs and veterans affairs sabit merah,ORG
iran,GPE
asisrael,NOR
iran,GPE
februari,NOR
as,GPE
israel,GPE
iran,GPE
teheran,GPE
televisi,NOR
pemerintah iran,NOR
pemimpin tertinggi iran,NOR
ali khamenei,PER
iran,GPE
teheran,GPE
korps garda revolusi islam iran irgc,NOR
markas staf pasukan pertahanan israel,NOR
idf,ORG
gedung,NOR
kementerian pertahanan kemhan,NOR
israel,GPE
fars,ORG
ir,NOR
##g,ORG
bnei brak instalasi militer petah tikva timur laut tel aviv pusat militer,LOC
galilea,GPE
barat ir,LOC
##g,GPE
as,GPE
israel,GPE
iran,GPE
februari,DAT
as,GPE
israel,GPE
iran teheran,GPE
televisi pemerintah iran,NOR
teheran,GPE
korps garda revolusi islam iran irgc,NOR
as,GPE
israel,GPE
amerika,GPE
israel,GPE
as,GPE
israel,GPE
irgc stasiun tv irgc,ORG
asis,PER
##rae,ORG
##l,PER
sekolah rumah sakit stadion,FAC
iran,GPE
irgc,ORG
rudal tomahawk,PRD
oshnavieh,LOC
tokyo,GPE
amerika serikat,GPE
kapal tanker,PRD
teluk persia,LOC
donald trump,PER
asisrael,NOR
iran,GPE
timur,GPE
trump,PER
dfc as,ORG
minyak,PRD
trump,PER
kapalkapal teluk,PRD
persi,LOC
bandung,NOR
pemerintah provinsi jawa barat pemprov jabar,NOR
adu,LOC
##an,EVT
daerah timur tim,LOC
##teng,GPE
jawa barat timur,GPE
kepala dinas komunikasi informatika,NOR
disko,NOR
##minfo,NOR
jawa,GPE
barat,NOR
adi komar gedung,PER
pakuan bandung,LOC
gubernur,NOR
dedi mulyadi,PER
kota,GPE
iran,GPE
pangkalan militer as negara,FAC
##negara teluk,LOC
bandung,NOR
pemerintah provinsi jawa barat,NOR
jabar,GPE
negaranegara timur,NOR
blok asisrael,LOC
iran,GPE
sekretaris daerah sekda jabar,NOR
herman suryatman,PER
otoritas daerah komando tunggal kementerian negeri kemenlu ri,NOR
pemerintah pusat,NOR
kemenlu,NOR
herman suryatman,PER
bandung,GPE
jakarta,GPE
menteri energi sumber daya mineral esdm,NOR
bahlil lahadalia,PER
bahan bakar minyak bbm,PRD
bah,PER
konferensi pers perkembangan,EVT
timur,EVT
esdm,ORG
kementerian esdm jakarta,NOR
indonesia,GPE
jepang,GPE
bbm indonesia,PRD
jepang,GPE
bbm,PRD
bbm,PRD
indonesia,GPE
jepang,GPE
jakarta indonesia,GPE
lpg timur negara,PRD
selat hormuz,LOC
kilang,FAC
saudi aram,GPE
##co,ORG
arab saudi,GPE
perang asisrael,EVT
iran,GPE
timur,GPE
saudi,GPE
aramco,ORG
menteri energi sumber,NOR
daya,ORG
mineral,NOR
esdm bah,ORG
##lil,PER
konferensi pers perkembangan terkini timur,EVT
es,NOR
##dm,ORG
kementerian esdm jakarta,NOR
bahlil,PER
indonesia,ORG
lpg,PRD
juta,MON
ton,QTY
persen,PRC
amerika serikat,GPE
persen,PRC
lpg,PRD
jakarta,GPE
menteri energi sumber daya mineral esdm,NOR
bahlil lah,PER
bahan bakar minyak bbm subsidi jenis,PRD
minyak dunia,PRD
amerika,GPE
serikat,EVT
iran,GPE
bbm,PRD
bensin,PRD
minyak dunia,PRD
pemerintah,NOR
##lil,EVT
konferensi pers,EVT
es,NOR
##dm,ORG
kementerian esdm jakarta,NOR
bahan bakar minyak nonsubsidi pertamax,PRD
minyak mentah dunia bahlil,PRD
minyak dolar,PRD
jakarta,GPE
menteri energi sumber daya mineral esdm,NOR
bahlil lahadalia,PER
minyak,PRD
amerika serikatisrae,EVT
iran anggaran pendapatan belanja negara apbn,LAW
apbn,LAW
minyak mentah indonesiaindones,PRD
cru,MON
price,MON
dolar as,MON
dolar as,MON
bah,PER
##lil,PER
konferensi pers perkembangan terkini timur,EVT
esdm,ORG
kementerian esdm jakarta,NOR
minyak dunia,PRD
apbn,LAW
minyak juta,PRD
barel,QTY
jakarta,GPE
menteri energi sumber daya mineral esdm,NOR
bahlil lahada,PER
indonesia,GPE
minyak mentah,PRD
timur,GPE
amerika serikat,GPE
as,GPE
asisrael,EVT
iran,GPE
cru,PRD
minyak mentah,PRD
timur,PRD
amerika serikat,GPE
konferensi pers perkembangan terkini timur,EVT
esdm,NOR
kementerian esdm jakarta,NOR
timur,GPE
amerika serikat,GPE
crude minyak mentah indonesia,PRD
bah,PER
##lil,PER
ren,LAW
jakarta,GPE
otoritas jasa keuangan ojk lembaga jasa keuangan ljk,ORG
iran,GPE
amerika serikat,GPE
##rae,ORG
ojk lembaga jasa keuangan,ORG
jasa keuangan,ORG
pj,NOR
ketua,NOR
dewan komisioner ojk,ORG
friderica widyasari,PER
jakarta,ORG
friderica,PER
kiki,PER
washington,GPE
komando pusat central commandcentcom amerika serikat as,NOR
iran,GPE
as,GPE
enam,CRD
maret,DAT
wib,TIM
enam,CRD
militer,NOR
as,GPE
as,GPE
iran,GPE
centcom,LOC
as,GPE
cent,ORG
##com,NOR
as,GPE
as,GPE
kapal angkatan laut iran,PRD
teluk oman as,LOC
israel,GPE
iran,GPE
iran,GPE
washington,GPE
departemen negeri amerika serikat as,NOR
departemen negeri as,NOR
amerika,GPE
asisten menteri negeri as urusan konsuler mora,NOR
bahrain mesir iran,GPE
irak,GPE
israel tepi,GPE
barat,LOC
gaza,GPE
yordania,GPE
kuwait,GPE
lebanon,GPE
oman,GPE
qatar,GPE
arab saudi,GPE
suriah uni emi,GPE
mataram,GPE
teheran,GPE
rudal,PRD
amerika serikat,GPE
israel,GPE
iran,GPE
februari,DAT
ayatollah ali khamene,PER
organisasi islam,NOR
indonesia,GPE
nahdlatul ulama muhammadiyah,ORG
##alas,LOC
iran,GPE
beijing,NOR
menteri negeri china,NOR
wang yi,PER
menlu iran,NOR
abbas araghchi,PER
menlu oman,NOR
badr albusai,PER
##di,NOR
menlu prancis,NOR
jeannoel barrot,PER
wang yi china,PER
amerika serikat israel,GPE
kementerian negeri china,NOR
beijing,GPE
iran,GPE
beijing,GPE
pemerintah china,NOR
gabungan,NOR
asisrael iran,NOR
china,GPE
pemerintah china,NOR
teheran,GPE
juru bicara kementerian negeri kemlu china,NOR
mao ning,PER
konferensi pers beijing,NOR
kedutaan china iran,NOR
iran,GPE
kemlu,NOR
misi diplomatik,NOR
china,GPE
iran,GPE
china,GPE
china,GPE
jakarta,GPE
amerika serikat,GPE
israel iran,GPE
asisrael iran,NOR
februari,DAT
as,GPE
iran,GPE
oman,GPE
as,GPE
iran,GPE
oman,GPE
jenewa,GPE
swiss,GPE
##osia,NOR
washington,GPE
teheran,NOR
menteri negeri oman,NOR
badr albusaidi,PER
web,PRD
uu ite,LAW
teheran,GPE
pemimpin tertinggi iran,NOR
ali khamenei mansoureh khojasteh,PER
mehr amerika serikat israel,NOR
iran,GPE
teheran,GPE
iran,GPE
israel,GPE
as,GPE
timur,NOR
stasiun tv pemerintah iran,NOR
pemimpin tertinggi iran,NOR
ali khamene,PER
as,GPE
iran,GPE
iran,GPE
as,GPE
israel,GPE
ali khamene,PER
s,PER
istanbul,GPE
israel,GPE
amerika serikat,GPE
iran,GPE
the wall street journal,ORG
israel,GPE
iran,GPE
pemimpin tertinggi iran,NOR
ayatollah ali khamene,PER
komandan korps garda revolusi islam,NOR
pertahanan udara,PRD
rudal balistik,PRD
militer isra,NOR
istanbul sabit merah,GPE
iran,GPE
amerika,GPE
serikat,NOR
israel,GPE
fars,ORG
iran,GPE
sabit merah,ORG
iran,GPE
amerika serikat,GPE
israel,GPE
iran,GPE
iran,NOR
pemimpin tertinggi,NOR
ayatollah ali khamenei,PER
teheran,GPE
drone rudal,PRD
israel,GPE
istanbul,GPE
presiden amerika serikat as,NOR
donald trump,PER
iran,GPE
komandan,NOR
iran,NOR
iran,GPE
trump,PER
amerika,GPE
trump,PER
komando,NOR
iran,GPE
korps garda revolusi islam iran irgc militer kepolisian,NOR
istanbul,GPE
sekretaris dewan keamanan nasional tertinggi iran,NOR
ali larijani,PER
teheran,GPE
washington,GPE
iran,GPE
amerika serikat,GPE
lari,PER
##jan,ORG
platform x,ORG
iran,GPE
as,GPE
al jazeera,ORG
the wall street journal larijani,ORG
washington,GPE
oman,GPE
as,GPE
lari,PER
##jan,ORG
presiden as,NOR
donald trump,PER
iran,GPE
trump,PER
washington,GPE
menteri negeri menlu iran,NOR
seyed abbas araghchi,PER
amerika serikat as,GPE
israel,GPE
arraghci xinhua abc news,ORG
iran,GPE
presiden as,NOR
donald trump iran,PER
iran,GPE
trump,PER
truth social,PRD
araghchi abc news,ORG
trump,PER
washington,GPE
presiden amerika serikat as,NOR
donald trump,PER
nuklir,EVT
iran,GPE
trump,PER
the atlantic,ORG
trump,PER
iran,GPE
trump trump,PER
##osiator,NOR
iran,GPE
israel,GPE
iran,GPE
iran,GPE
as,GPE
trump,PER
trump,PER
jakarta,GPE
amerika serikat,GPE
iran,GPE
februari,DAT
as,GPE
presiden amerika serikat,NOR
donald trump,PER
as,GPE
operasi tempur besarbes,EVT
iran,GPE
amerika,GPE
iran,GPE
israel,GPE
iran,GPE
iran,GPE
juni,DAT
iran,GPE
israel,GPE
as,GPE
timur,LOC
asisrae,LOC
jakarta institute for development of economics and finance indef,ORG
amerika serikat as,GPE
israel iran timur,GPE
kepala,NOR
pusat makroekonomi keuangan indef,ORG
m rizal taufikurah,PER
teluk jalur vital selat hormuz,LOC
minyak lpg,PRD
indonesia,GPE
washington,GPE
presiden amerika serikat as,NOR
donald trump,PER
as,GPE
trump,PER
enam menit,QTY
xinhua,ORG
as,GPE
trump,EVT
as,GPE
##trum,PER
korps garda revolusi islam islamic revolutionary guard corpsirgc iran,NOR
menteri neger,NOR
washington,GPE
presiden amerika serikat as,NOR
donald trump,PER
as,GPE
sembilan,CRD
kapal,PRD
angkatan laut iransaya,NOR
sembilan,CRD
kapal angkatan laut,PRD
iran,GPE
komando angkatan laut iran,NOR
trump,PER
xinhua,ORG
as,GPE
angkatan laut iran,NOR
trump,PER
fox news,ORG
iran,GPE
asisrael iran,NOR
komando pusat central commandcentcom as pasukan as,NOR
jakarta bank indonesia bi,ORG
rupiah,MON
iran,GPE
amerika serikat,GPE
##is,PER
##rae,PER
kepala departemen pengelolaan moneter aset sekuritas bi,ORG
erwin gunawan hutapea,PER
jakarta bank sentral pasar,ORG
domest,PRD
##d,ORG
bi,ORG
beijing,NOR
menteri negeri china,NOR
wang yi,PER
menteri negeri rusia,NOR
sergei lavrov,PER
amerika serikat israel iran,GPE
wang yi,PER
china,GPE
rusia,NOR
dewan keamanan pbb,NOR
iran,GPE
china,GPE
piagam pbb,LAW
kementerian negeri china,NOR
beijing,GPE
wang yi,PER
as,GPE
israel,GPE
iran,GPE
perundingan nuklir,EVT
iran,GPE
pemimpin tertinggi iran,NOR
ayatollah ali khamenei,PER
teheran iran,NOR
pemerintah iran,NOR
ayatollah ali khamenei,PER
asisrae,ORG
##l,NOR
rudal iran,PRD
israel,GPE
as,GPE
foto,LOC
##mehr news agency,ORG
xinhua,ORG
pemimpin tertinggi iran,NOR
ayatollah ali khamene,PER
teheran,GPE
iran,GPE
pemerintah iran,NOR
ayatollah ali khamenei,PER
asisrael,ORG
m,PER
teheran,GPE
militer as,NOR
iran,GPE
pangkalanpangkalan amerika timur korps garda revolusi islam iran irgc ahadpangkalan militer as bahrain,NOR
rudal balistik pangkalanpangkalan,PRD
amerika,GPE
pesawat berawak,PRD
pangkalan,NOR
angkatan laut bahrain,FAC
komando dukunganmenurut irgc teheran,NOR
pangkalan,FAC
angkatan laut,NOR
as ali,FAC
als,PER
kuwait,GPE
teheran,GPE
iran,GPE
pemimpin tertinggi iran,NOR
ali khamenei,PER
amerika,GPE
serikat,NOR
asisrael teheran,NOR
pemimpin iran,NOR
nour news media,ORG
dewan keamanan nasional tertinggi negara,NOR
khamene,PER
iran,GPE
xinhua,PER
##editor santoso,PER
copyright,ORG
beijing,NOR
pemerintah china,NOR
amerika serikat,GPE
israel,NOR
pemimpin tertinggi iran,NOR
ayatollah ali khamene,PER
pemimpin,NOR
iran,NOR
iran,GPE
china,GPE
juru bicara kementerian negeri china,NOR
kementerian negeri diakses,NOR
pemimpin tertinggi iran,NOR
ayatollah ali khamenei,PER
as,GPE
israel,GPE
iran,NOR
pemerintah iran,NOR
kara,GPE
##chi pakistan,NOR
sembilan,CRD
polisi,NOR
konsulat as karachi pakistan,NOR
pemimpin tertinggi iran,NOR
ali khamenei,PER
asisrael,NOR
dr sabir,ORG
rumah,ORG
sakit sipil,FAC
kara,NOR
##chi,ORG
sembilan,CRD
delapan,CRD
dokter kepolisian,NOR
dr summaiya syed,PER
polisi,NOR
polisi,NOR
jakarta,GPE
iran,GPE
ayatollah ali khamenei,PER
pemimpin tertinggi republik islam iran,NOR
amerika serikat israel,GPE
ali khamenei,PER
asi,GPE
iran,GPE
kota teheran,GPE
khamene,PER
iran,GPE
iran,GPE
wal afiat teguh,PER
komando perang presiden as,NOR
donald tr,PER
pemimpin tertinggi iran,NOR
ayatollah ali khamenei,PER
amerika serikat,GPE
israel,GPE
ulama politisi iran,NOR
pemimpin tertinggi iran,NOR
ayatollah ali khamenei,PER
amerika serikat,GPE
israel,GPE
iran,NOR
uu ite,LAW
teheran,NOR
korps garda revolusi islam iran irg,NOR
##c ahmad vahidi,PER
penasihat iran,NOR
khabar online vahidi,PER
mohammad pakpour,PER
as,GPE
israel,GPE
komando tertinggi angkatan bersenjata iran,NOR
pemimpin tertinggi iran,NOR
ali khamenei,PER
panglima tertinggi angkatan bersenjata iran,NOR
pemerintah iran,NOR
kepala staf militer iran,NOR
abdulrahim mousavi,PER
menteri pertahanan,NOR
aziz nasirzadeh,PER
komandan irgc pakpour sekretaris dewan pertahanan,NOR
ali shamkhan,PER
tel aviv,GPE
amerika serikat,GPE
as,GPE
israel,GPE
iran,GPE
pemimpin tertinggi iran,NOR
ayatollah ali khamenei,PER
iran,GPE
israel,GPE
as,GPE
tel aviv,GPE
iran,GPE
israel,GPE
darurat nasional,NOR
israel,GPE
xinhuaeditor,ORG
aditya eko sigit wicaksono,PER
##right,ORG
jakarta,GPE
iran,GPE
ali khamenei,PER
rudal amerika serikat israel,PRD
akademisi pengamat timur universitas padjadjaran,ORG
dina,PER
iran,GPE
pemerintahan republik islam iran,NOR
imam ruhollah khomeini,PER
jakarta,GPE
pemimpin,NOR
iran,NOR
revolusi,PER
istanbul,GPE
iran,GPE
pemimpin tertinggi,NOR
ayatollah ali khamene,PER
as,GPE
israel,GPE
timur,GPE
iran,GPE
iran,GPE
khamene,PER
iran,GPE
iran,GPE
teheran,GPE
lapangan inkilap,LOC
kham,PER
##ene,LOC
as,GPE
israel,GPE
kota,GPE
suci qom ratus,LOC
jakarta,GPE
ekonom,ORG
direktur eksekutif core indonesia,ORG
mohammad faisal,PER
israel,GPE
iran,GPE
minyak,PRD
jakarta,GPE
faisal,PER
dolar as barel,MON
dolar as,MON
minyak,PRD
selat hormuz,LOC
dolar as,MON
selat hormuz,LOC
minyak mentah,PRD
dolar barel,MON
rusiaukrain,EVT
faisal m,PER
web,PRD
uu ite,LAW
teheran,GPE
presiden iran,NOR
dewan wali iran,NOR
ali khamenei,PER
amerika serikat israel,GPE
wakil presiden iran,NOR
mohammad mokhber,PER
wali,NOR
ir,PER
wapres,NOR
mokhber,PER
amerika serikat,GPE
israel,GPE
iran,GPE
kota teheran,GPE
iran,GPE
rudal balas,PRD
teheran,NOR
korps garda revolusi islam iran irgc,NOR
angkatan bersenjata iran,NOR
ayatollah ali khamenei,PER
pemerintah iran,NOR
khamenei,PER
israel,GPE
amerika serikat iran,GPE
tasnim khamenei,PER
angkatan bersenjata republik islam iran israel,NOR
teroris amerika irgc,NOR
stasiun televisi pemerintah iran as israel,NOR
iran tehe,GPE
teheran,GPE
televisi pemerintah iran ahad,NOR
pemimpin tertinggi iran,NOR
ali khamenei,PER
israel,GPE
amerika serikat,GPE
israel,NOR
presiden as,NOR
donald trump,PER
khamenei,PER
ayatollah ali khamenei,PER
iran,GPE
presiden amerika serikat,NOR
israel,GPE
iran,GPE
teheran,GPE
as,GPE
timur,GPE
iran,GPE
isra,GPE
web,PRD
uu ite,LAW
tokyo,NOR
presiden amerika serikat,NOR
donald trump,PER
pemimpin tertinggi iran,NOR
ayatollah ali khamenei,PER
asisrae,NOR
khamene,PER
trump,PER
teheran,GPE
aman,PER
trump khamene,PER
pelacakan,PRD
amerika serikat,GPE
israel,GPE
pemimpin,NOR
iran,GPE
juru bicara kementerian negeri iran media as,NOR
aman,PER
teheran,GPE
iran,NOR
pemimpin tertinggi iran,NOR
ayatollah ali khamene,PER
presiden amerika serikat as,NOR
donald trump,PER
iran,GPE
teheran kham,EVT
##ene,PER
presiden as,NOR
amerika,GPE
iran,GPE
anti,EVT
iran,GPE
teheran,GPE
kota,GPE
iran,GPE
januari,DAT
b,EVT
ankara negara,GPE
arab,GPE
teluk persia,GPE
amerika serikat,GPE
as,GPE
iran,GPE
arab saudi oman qatar,GPE
pemerintahan presiden,NOR
donald trump gedung,PER
putih,ORG
teheran,GPE
the wall street journal,ORG
##negara,ORG
iran,GPE
as,GPE
istanbul,GPE
pemimpin tertinggi iran,NOR
ayatollah ali khamenei,PER
presiden as,NOR
donald trump,PER
khamenei platform x,ORG
trump,PER
persia,GPE
kham,PER
nimrod reza khan mohammad reza,PER
trump,PER
trump,PER
istanbul,GPE
pemimpin tertinggi iran,NOR
ayatollah ali khamenei,PER
presiden amerika serikat as,NOR
donald trump,PER
persatuan nasional,NOR
iran,GPE
khamene,PER
iran,GPE
iran,GPE
trump,PER
iran,GPE
iran,GPE
kham,PER
##ene,PER
trump,PER
istanbul,GPE
senator amerika serikat as,NOR
lindsey graham,PER
presiden as,NOR
donald trump,PER
pemimpin tertinggi iran,NOR
ayatollah ali khamene,PER
pemerintah iran,NOR
ayatollah,PER
donald j trump,PER
graham,PER
fox news,ORG
graham,PER
iran,GPE
timur,GPE
nazi,NOR
iran,GPE
iran,GPE
istanbul,GPE
korps garda revolusi islam irgc iran,NOR
israel,GPE
mayor jenderal ebrahim jabbari,PER
semires,PER
mehr,PER
senin,DAT
israel,GPE
as,GPE
rudal,PRD
jenderal yahya rahim safavi,PER
pemimpin tertinggi iran,NOR
ayatollah ali khamenei senin,PER
angkatan laut pasukan quds,NOR
jakarta,GPE
iran,GPE
israel,GPE
perang iranisrae,EVT
gencatan senjata,EVT
juni,DAT
pesawat tempur iran israel,PRD
langit,EVT
israel,GPE
pesawatp,PRD
istanbul,GPE
iran,GPE
rudal,PRD
amerika,GPE
serikat al udeid,NOR
qatar,GPE
as,GPE
nuklir,PRD
iran,GPE
televisi nasional iran press tv,ORG
operasi bashayer alfath,EVT
angkatan bersenjata iran,NOR
rudal,PRD
pangkalan al udeid,FAC
qatar,GPE
as,GPE
iran,GPE
rudal,PRD
as,GPE
dewan keamanan nasional tertinggi iran,NOR
ali khamenei,PER
bom nuklir,PRD
israel,GPE
iran,GPE
nuklir,PRD
ayatollah ali khamenei,PER
ali khamenei,PER
israel,GPE
amerika serikat,GPE
februari,DAT
iran,GPE
iran,GPE
ali khamenei,PER
as,GPE
tel aviv,GPE
israel,GPE
the times,ORG
israel,GPE
senjata nuklir,PRD
iran,GPE
ali khamenei,PER
ali khamene,PER
israel,GPE
fatwa bom,LAW
nuklir iran,PRD
israel,GPE
fatwa bom,LAW
nuklir iran,PRD
pemimpin tertinggi negara,NOR
ayatollah ali khamenei,PER
ali khamenei,PER
israel,GPE
amerika serikat,GPE
februari,DAT
israel,GPE
the times,ORG
israel,GPE
bom nuklir iran,PRD
ali khamenei,PER
pemimpin iran,NOR
ali khamenei,PER
mojtaba khamenei,PER
bom,LAW
nuklir,PRD
the times of,ORG
isra,PER
##e,ORG
trump,PER
pemimpin tertinggi iran,NOR
ali khamene,PER
presiden amerika serikat as,NOR
donald trump,PER
pemimpin tertinggi iran,NOR
ayatollah ali khamene,PER
truth social,PRD
trump,PER
iran,GPE
ali khamenei,PER
iran,GPE
iran,GPE
trump,PER
truth social advertis,PRD
trump,PER
iran,GPE
presiden amerika serikat,NOR
donald trump,PER
iran,GPE
trump,PER
teheran,NOR
washington,GPE
trump,PER
office gedung putih,ORG
trump,PER
iran,GPE
trump,PER
iran,GPE
ayatollah ali khamenei,PER
as,GPE
israel,GPE
ali khamenei,PER
mojtaba khamene,PER
dewan,NOR
ulama ahli,ORG
iran,NOR
iran,GPE
ali khamenei,PER
tujuh pekan,QTY
amerika serikat israel teheran,GPE
pemimpin tertinggi iran,NOR
ayatollah ali khamenei,PER
khamene,PER
amerika serikat,GPE
israel,GPE
februari,DAT
teheran,GPE
as,GPE
iran,GPE
meluas,EVT
timur,GPE
ali khamenei,PER
tujuh pekan,QTY
ruhollah khomeini,PER
iran,GPE
mojtaba khamene,PER
ali khamenei,PER
pemimpin tertinggi iran,NOR
ayatollah ali khamenei,PER
mojtaba khamenei,PER
khamenei,PER
amerika serikat,GPE
##rae,EVT
teheran,GPE
februari,DAT
majelis,NOR
ahli,ORG
iran,NOR
khamene,PER
ahli badan deli,ORG
##beratif,NOR
ulama,REG
syiah,NOR
iran,GPE
mojtab,EVT
pemimpin iran,NOR
ayatollah ali khamenei,PER
berwenang iran,NOR
pemerintah fars,NOR
ayatollah ali khamenei,PER
khamenei,PER
militer,NOR
amerika,GPE
serikat asisrae,NOR
wilayah,NOR
iran,GPE
pemerintah iran,NOR
fars al jazeera,PER
pemerintahan iran,NOR
tujuh,CRD
televisi pemerintah iran,NOR
ali kham,PER
tok anak,PER
ali khamenei,PER
mojtaba khamene,PER
pemimpin tertinggi iran iran,NOR
mojtaba khamene,PER
ayatollah ali khamenei,PER
ali khamenei,PER
amerika serikat,GPE
israel,GPE
februari,DAT
ayatollah,PER
seyyed mojtaba hosseini khamene,PER
ketiga,ORD
republik islam iran,NOR
teheran,GPE
mojtaba,NOR
ulama,ORG
meneng,NOR
hamas,NOR
khamene,PER
hamas,NOR
pemimpin tertinggi iran,NOR
ayatollah ali khamenei,PER
gerakan khamenei,ORG
hamas,NOR
amerika serikat,GPE
as,GPE
israel,GPE
hamas,NOR
ayatollah ali khamene,PER
islam,REG
palestina,GPE
pemerintah pendudukan fasis,NOR
prabowo,PER
ali khamene,PER
prabowo subianto,PER
pemimpin tertinggi iran,NOR
ayatollah ali khamene,PER
amerika serikat,GPE
##rael iran,NOR
sekretaris kabinet,NOR
teddy indra wijaya,PER
presiden prabowo presiden iran,NOR
masoud pezeshkian,PER
ali khamene,PER
##had,LOC
iran,GPE
pemimpin,NOR
iran,GPE
mashhad,LOC
iran,GPE
prabowo subianto,PER
ayatollah ali khamenei,PER
pemimpin tertinggi iran,NOR
ayatollah ali khamenei,PER
##asi,NOR
pemerintah iran,NOR
fars,PER
far,PER
kham,PER
##ene,GPE
alunalun teheran,LOC
israel,GPE
ali khamene,PER
menteri pertahanan israel israel,NOR
katz,PER
ayatollah,PER
ali khamenei,PER
iran,GPE
israel,GPE
amerika serikat,GPE
kat,PER
khamene,PER
republik islam,NOR
israel,GPE
iran,GPE
khamene,PER
netanya,PER
##hu,NOR
pemimpin tertinggi iran,NOR
ali khamenei,PER
perdana menteri israel,NOR
benjamin netanyahu,PER
pemimpin tertinggi iran,NOR
ayatollah,PER
ali khamenei,PER
israel,GPE
##amerika,NOR
serikat,GPE
teheran,GPE
netanyahu,PER
mahkamah kriminal internasional,NOR
international,ORG
criminal court ic,NOR
##c,ORG
netanyahu,PER
khamene,PER
dewan ulama,NOR
ali khamenei,PER
ulama,ORG
iran,NOR
ali khamenei,PER
assembly of experts,ORG
mohammadmehdi mirbaqeri,PER
pemimpin iran,NOR
mehr,PER
news agency,ORG
mirbaq,PER
moh,PER
##sen,ORG
iran,GPE
khamene,GPE
republik islam iran,NOR
ayatollah ali khamene,PER
amerika,GPE
serikat as,NOR
israel,GPE
khamenei,PER
iran,GPE
al jazeera,ORG
iran,GPE
irna,PER
dewan transisi,NOR
ayatollah ali khamenei,PER
kota suci mashhad,LOC
pemimpin tertinggi iran,NOR
ayatollah ali khamenei,PER
israel,GPE
##amerika serikat,GPE
kota suci mash,LOC
##had,GPE
fars al jazeera khamenei,PER
mashhad,GPE
iran,GPE
imam reza,PER
khamenei,PER
asi,NOR
##srae,ORG
##l,NOR
iran,GPE
israel,GPE
iran,GPE
khamene,PER
kepala keamanan iran,NOR
ali larijani,PER
iran,GPE
ayatollah ali khamene,PER
as,GPE
israel,GPE
iran,GPE
amerika serikat,GPE
israel,GPE
iran,GPE
larijan,PER
dewan keamanan nasional tertinggi,NOR
iran,GPE
khamene,PER
kota mashhad iran,GPE
ayatollah ali khamene,PER
amerika serikat,GPE
as,GPE
israel,GPE
saluran press tv,ORG
khamene,PER
kompleks,LOC
makam suci imam reza,LOC
khamene,PER
kota,GPE
teh,LOC
garda revolusi iran,NOR
khamene,PER
korps garda revolusi islam,NOR
irgc,ORG
pemimpin tertinggi iran,NOR
ayatollah ali khamene,PER
amerika,GPE
serikat as,NOR
israel,GPE
fars irgc,ORG
khamene,PER
ir,NOR
##gc al jazeera advertis,ORG
irgc,ORG
khamene,PER
aliansi amerika serikat israel,NOR
ali larijani,PER
khamene,PER
sekretaris dewan keamanan nasional iran,NOR
ali larijani,PER
ayatollah ali khamenei khamenei,PER
amerika,GPE
##s,NOR
##rae,ORG
##l,NOR
teheran,ORG
ali larijani,PER
iran,GPE
khamene,PER
iran,GPE
asisrael,NOR
al,ORG
jazeera,PER
ali larijani,PER
khamene,PER
iran,GPE
khamenei trump,PER
iran,GPE
pemimpin tertinggi iran,NOR
ayatollah ali khamenei,PER
presiden amerika serikat,NOR
donald trump,PER
hak,ORG
asasi manusia ham,NOR
amerika,GPE
serikat,NOR
hrana,ORG
iran,GPE
hr,PER
##ana,ORG
iran,GPE
presiden amerika,NOR
serikat,GPE
iran,GPE
megawati,PER
khamene,PER
asisrael presiden ri,NOR
megawati soekarnoputri,PER
pemimpin tertinggi iran,NOR
ayatollah ali khamene,PER
asi,NOR
##s,ORG
##rael,NOR
februari,PER
megawati,PER
partainya,NOR
sekjen pdip,NOR
hasto kristiyanto,PER
duta iran,NOR
mohammad boroujerd,PER
kedutaan kedubes iran jakarta,NOR
megawati,PER
khamene,PER
asisrael advertis,ORG
presiden iran,NOR
khamene,PER
presiden iran,NOR
masoud pezeshkian,PER
pemimpin tertinggi iran,NOR
ayatollah ali khamene,PER
hak,NOR
negara republik islam iran,NOR
al jazeera adver,ORG
khamene,PER
iran,GPE
khamenei trump,PER
presiden amerika serikat,NOR
donald trump,PER
iran,GPE
iran,GPE
pemimpin,NOR
ayatollah,PER
ali khamenei,PER
trump,PER
truth,PER
teheran,GPE
iran,GPE
trump,PER
al,PER
jaz,ORG
##eer,PER
washington tehera,GPE
kham,PER
konsulat as pakistan,NOR
sembilan,CRD
konsulat as kota kara,NOR
##chi,GPE
pakistan,NOR
as,GPE
israel,GPE
pemimpin tertinggi iran,NOR
ayatollah ali khamenei,PER
israel,GPE
amerika,GPE
irak,GPE
polisi,NOR
gas air,PRD
granat keju,PRD
zona,LOC
kota,GPE
baghdad,LOC
kedutaan as pakistan irak,NOR
ali khamenei trump,PER
iran,GPE
pemimpin tertinggi iran,NOR
ayatollah ali khamenei,PER
presiden amerika serikat,NOR
donald trump,PER
iran,GPE
khamene,PER
gencatan,NOR
senjata,EVT
iran,GPE
israel,GPE
khamene,PER
iran,GPE
trump,PER
amerika,GPE
iran,GPE
khamene,PER
ir,PER
trump,PER
trump,PER
iran,GPE
amerika serikat,GPE
israel,GPE
##ein,PER
amerika serikat,GPE
iran,GPE
ali khamenei,PER
umat syiah,REG
nabi muhammad,REG
pemimpin tertinggi iran,NOR
ayatollah sayyed ali khamenei,PER
nabi muhammad saw,REG
islam,REG
syiah,REG
khamene,PER
iran,GPE
khamene,PER
imam husain as,PER
imam zainul abidin,PER
ahlul bait,REG
nabi muhammad saw,REG
khamenei,PER
sayyed,PER
ali khamene,PER
muslim,REG
sunni,REG
pemimpin tertinggi iran,NOR
ayatollah ali khamenei,PER
umat islam,REG
iran,GPE
tehran times,ORG
syiah,REG
sunni,ORG
islam,REG
kham,EVT
##ene,PER
pertemuan ulama,EVT
imam,NOR
sekolah aliran sunni wilayah,ORG
iran,GPE
pekan persatuan,EVT
islam,ORG
bertep,EVT
israel,GPE
teheran,GPE
iran,GPE
ali khamene,PER
israel,GPE
iran,GPE
pemimpin tertinggi ayat,NOR
##ollah ali khamenei,PER
teheran,GPE
timur,GPE
tenggara teheran,LOC
israel,GPE
iran al jazeer,GPE
rezim,NOR
iran,GPE
teheran,GPE
israel,GPE
pemimpin tertinggi iran,NOR
ayato,PER
as,GPE
iran,GPE
ali khamene,PER
amerika serikat,GPE
iran,GPE
aaron david miller,PER
pemimpin,NOR
iran,NOR
ayatollah ali khamene,PER
as,GPE
iran,GPE
khamene,PER
as,GPE
jet pengebom b,PRD
khamene,PER
miller,PER
trump,PER
khamene,PER
israel,GPE
presiden amerika serikat as,NOR
donald trump,PER
iran,GPE
trump,PER
pemimpin tertinggi iran,NOR
ayatollah ali khamenei,PER
trump,PER
khamene,PER
israel,GPE
hal,PER
iran,GPE
t,PER
israel,GPE
iran,GPE
ayatollah ali khamene,PER
israel,GPE
iran,GPE
teheran,GPE
tel aviv,GPE
pemimpin tertinggi iran,NOR
ayatollah ali khamenei,PER
rapat,ORG
teheran adver,EVT
##tis,ORG
ayatollah,PER
ali khamene,PER
israel,GPE
teheran,GPE
iran,GPE
international,ORG
ali khamene,PER
mojtaba bunker jam,LOC
israel,GPE
teheran,GPE
iran,GPE
iran,GPE
operasi true promise,EVT
pakistan,GPE
humaira asghar ali,PER
september,DAT
##e,ORG
humaira asghar ali,PER
kara,GPE
pakistan,GPE
polisi,NOR
ali,PER
humaira,PER
polisi,NOR
pakistan,GPE
humaira,PER
ali khamenei,PER
israel,GPE
as,GPE
pemimpin tertinggi iran,NOR
ayatollah ali khamene,PER
israel,GPE
amerika serikat,GPE
situs,LOC
iran,GPE
khamene,PER
israel,GPE
iran,GPE
zionis,GPE
republik islam,NOR
kham,PER
##enei,GPE
as,GPE
iran,GPE
isra,PER
##l,EVT
zionis,NOR
israel,GPE
israel,GPE
pemimpin iran,NOR
trump,PER
pemimpin tertinggi iran,NOR
mojtaba khamenei,PER
perang amerika serikat israel,EVT
khamenei,PER
amerika serikat,GPE
iran,GPE
khamene,PER
teluk selat hormuz,LOC
iran,GPE
amerika,EVT
israel,GPE
pemimpin tertinggi iran,NOR
mojtaba,PER
pemimpin,NOR
iran,GPE
mojtaba khamenei,PER
moj,PER
##tab,NOR
##a khamene,PER
pemimpin tertinggi iran,NOR
ayatollah ali khamenei,PER
amerika serikat,GPE
israel,GPE
februari,DAT
asis,PER
khamene,PER
televisi,NOR
iran,GPE
kham,PER
##ene,GPE
amerika serikat,GPE
pemimpin tertinggi iran sindir,NOR
arab,GPE
pangkalan boneka,NOR
as,GPE
pemimpin tertinggi iran,NOR
mojtaba khamenei,PER
negara,GPE
##negara,GPE
arab,GPE
amerika serikat,GPE
pangkalan,LOC
##pangkala,ORG
##n boneka,PRD
amerika,GPE
stasiun televisi iran advertisement,ORG
mojtaba khamenei,PER
as timur,GPE
asisrael,NOR
iran,GPE
februari,DAT
asi,NOR
##s,ORG
##rael,NOR
teheran,GPE
pangkalan,LOC
##pangkalan,ORG
as,GPE
trump,PER
##oa,NOR
iran,NOR
kolaps teheran iran,NOR
amerika,GPE
serikat,NOR
donald trump,PER
teheran,GPE
kolaps iran,NOR
tasni,PER
wakil ketua komite keamanan nasional parlemen iran,NOR
pemimpin,NOR
mojtaba khamenei,PER
tan,PER
##sim,NOR
mojtaba khamene,PER
ketua parlemen,NOR
mohammad baqer ghalibaf,PER
ghalibaf,PER
petinggi irak,NOR
khamene,PER
pemimpin syuhada pemimpin irak ulama,NOR
moqtada alsadr,PER
pemimpin tertinggi iran,NOR
ayatollah ali khamenei,PER
amerika serikat,GPE
israel,GPE
coordination framework,ORG
pemerintahan kelompokkelompok syiah,NOR
ayatollah ali khamene,PER
syuhada,NOR
khamene,PER
zionis,ORG
alsadr,PER
khamenei,PER
presiden iran,NOR
israel,GPE
serikat,NOR
presiden iran,NOR
masoud pezeshkian,PER
ayatollah ali khamene,PER
amerika serikat,GPE
israel,GPE
khamene,PER
khamene,PER
islam,REG
syiah,EVT
amerika,GPE
pemimpin tertinggi iran,NOR
ali khamenei,PER
pemimpin,NOR
ayatollah ali khamene,PER
iran,GPE
negaranegara barat,NOR
israel,GPE
khamene,PER
kongres nasional martir provinsi,ORG
koh,PER
##gil,ORG
##uyeh,NOR
boy,PER
##er,ORG
ahmad,PER
khamene,PER
meh,PER
##r news syuhada,ORG
iran,GPE
saddam,PER
jemaah haji pasuruan gowa,NOR
madinah,REG
haji ri jemaah haji ri,NOR
madinah,REG
arab saudi,GPE
pasuruan,NOR
jawa timur,GPE
jatim gowa,NOR
sulawesi selatan sulsel,GPE
surabaya,GPE
haji pasuruan,ORG
kamar,PER
##iyah,ORG
ketua,NOR
ppih,ORG
embarkasi,NOR
surabaya,ORG
asadul ana,PER
kelompok terbang kloter embarkasi surabaya,ORG
kamar,PER
khamenei,PER
asisrael,NOR
media,ORG
iran,NOR
tas,PER
##ni,ORG
##m,PER
fars news agency,ORG
pemimpin tertinggi iran,NOR
ayatollah ali khamenei i,PER
amerika serikat,GPE
israel teheran,GPE
al jazeera media,ORG
korps garda revolusi islam irgc,NOR
iran,GPE
tasnim far,PER
khamene,PER
presiden amerika serikat,NOR
donald trump,PER
truth social mil,PRD
lengkap,PER
khamene,PER
pemimpin hamas,NOR
haniyeh,PER
pemimpin tertinggi iran,NOR
ayatollah ali khamenei,PER
israel,GPE
pemimpin biro politik hamas,NOR
ismail haniyeh khamenei,PER
ismail haniyeh,PER
pemimpin pemberani hamas mujahid,NOR
palestina,GPE
zionis,GPE
iran,GPE
teheran,GPE
rezim zionis,NOR
iran,GPE
khamenei,PER
asisrael media iran,NOR
tasnim,PER
fars news agency,ORG
pemimpin tertinggi iran,NOR
ayatollah ali khamenei,PER
amerika serikat,GPE
israel,GPE
teheran,GPE
jazeera,ORG
khamene,PER
presiden as,NOR
donald trump,PER
khamene,PER
washington,GPE
israel,GPE
teheran,GPE
ali khamenei,PER
iran,GPE
iran,GPE
iran,GPE
khamenei,PER
iran,GPE
ayatollah ali khamenei,PER
majelis ahli iran,NOR
ali moalemi,PER
majelis,NOR
khamenei,PER
moalem,PER
al jazeer,ORG
majelis ahli iran,NOR
iran,NOR
majelis,NOR
pemilihan pemimpin majel,EVT
x,PER
kham,ORG
##ene,PER
trump,PER
x,NOR
pemimpin tertinggi iran,NOR
ayatollah ali khamene,PER
presiden amerika serikat,NOR
donald trump,PER
khamenei,PER
bahasa,LAN
persia,GPE
khamene,PER
amerika serikat,GPE
##tis,ORG
khamenei,PER
iran,GPE
iran,GPE
ayatollah ali khamenei,PER
israel,GPE
amerika serikat,GPE
khamenei,PER
iran,GPE
israel,GPE
as,GPE
iran,NOR
ulama,ORG
ayatollah alireza arafi,PER
dewan,NOR
kepemimpinan,ORG
khamene,PER
cbs,ORG
mahasiswa,ORG
iran,GPE
isna araf,PER
garda revolusi iran,NOR
korps garda revolusi iran irgc,NOR
republik,GPE
islam iran,NOR
iran,ORG
fars news,ORG
irgc,ORG
amerika,GPE
irg,ORG
##c,PRD
pemimpin tertinggi iran,NOR
ayatollah ali khamenei,PER
amerika serikat,GPE
israel teheran,GPE
irgc far news,ORG
khamene,PER
khamenei,PER
israel,GPE
pemimpin tertinggi iran,NOR
ayatollah ali khamenei,PER
amerika serikat,GPE
israel,GPE
pemerintah iran,NOR
tasni,ORG
##m,NOR
khamene,PER
mansoureh,PER
khojasteh bagherzadeh,PER
mansoureh,PER
asisrael anadolu agency,ORG
khamenei,PER
as,GPE
israel,GPE
iran,GPE
iran,GPE
khamenei,PER
asisrael kedutaan kedubes iran jakarta indonesia,NOR
ayatollah ali khamenei,PER
amerika serikat,GPE
##israe,NOR
teheran,GPE
##bes,NOR
iran,GPE
khamene,PER
ayatollah,PER
sayyid ali khamene,PER
pemimpin,NOR
revolusi islam iran,NOR
kedu,LOC
##bes,NOR
iran,GPE
advertis,ORG
pemerintah lembaga penyiaran republik islam iran,NOR
kh,PER
khamene,PER
iran,GPE
israel,GPE
hamas,NOR
pemimpin tertinggi iran,NOR
ayatollah ali khamenei,PER
israel,GPE
teheran,GPE
pemimpin,NOR
hamas,NOR
ismail haniyeh teheran,PER
iran,GPE
pasukan garda revolusi militer,NOR
khamenei,PER
rapat darurat,EVT
dewan keamanan tertinggi nasional,NOR
new york times,ORG
haniyeh khamenei,PER
iran,GPE
upacara pemakaman khamenei,EVT
pemerintah iran,NOR
ayatollah ali khamenei,PER
israel,GPE
amerika serikat,GPE
gmt umat,ORG
islam,NOR
masjid agung imam khamenei teheran ir,LOC
##na,GPE
dewan koordinasi pembangunan islam iran,NOR
khamenei,PER
asis,ORG
##rael,NOR
khamenei,PER
asisrael iran,NOR
iran,NOR
ayatollah ali khamenei,PER
amerika serikat,GPE
pemerintah iran,NOR
fars al jazeera,PER
pemerintahan iran,NOR
tujuh,CRD
fars,PRD
khamene,PER
televisi pemerintah iran,NOR
pemimpin tertinggi iran,NOR
pemerintah iran,NOR
netanyahu,NOR
israel,GPE
bos keamanan iran,NOR
ali larijan,PER
perdana menteri israel,NOR
benjamin netanyahu,PER
israel,GPE
sekretaris dewan keamanan tertinggi iran,NOR
ali larijan,PER
larijan,PER
netanyahu,PER
israel,GPE
komandan pasukan basij iran,NOR
gholamreza soleimani,PER
ali larijan,PER
ali larijan,PER
garda revolusi ir,NOR
##gc,ORG
iran,GPE
adver,ORG
basij soleimani,PER
as,GPE
mojtaba khamene,PER
##i,GPE
menteri pertahanan amerika serikat,NOR
pete hegset,PER
pemimpin tertinggi iran,NOR
moj,PER
##tab,NOR
##a khaemeni,PER
hegseth mojtaba,PER
iran,GPE
mojtaba khamenei,PER
pemerintah iran,NOR
mojtaba khamene,PER
pemimpin iran,NOR
ayatollah ali khamene,PER
moj,PER
##tab,NOR
##a,PER
selat hormuz,LOC
khamenei,PER
irak,GPE
pemerintah irak,NOR
pemimpin tertinggi iran,NOR
ayatollah ali khamenei,PER
al jazeera,NOR
irak,GPE
juru bicara pemerintah irak,NOR
bassem alawadi,PER
iran,GPE
islam,REG
khamene,PER
iran,GPE
umat islam,REG
ulama mujah,REG
##id,NOR
grand ayatollah,PER
sayyid ali alhusseini alkhamenei,PER
iran,GPE
khamenei,PER
pemimpin tertinggi iran,NOR
ayatollah ali khamenei,PER
israel,GPE
amerika serikat as,GPE
pemerintah iran,NOR
iran,GPE
tasnim mehr,PER
ali khamenei,PER
israel,GPE
khamene,PER
menteri israel,NOR
benjamin netanyahu,PER
khamenei,PER
asi,NOR
##srae,ORG
##l iran,NOR
khamenei,PER
as,GPE
iran,GPE
nuklir,EVT
amerika,GPE
serikat,NOR
as,GPE
israel,GPE
ayatollah ali khamenei,PER
sekretaris dewan keamanan nasional iran,NOR
ali larijan,PER
as,GPE
khamene,PER
amerika serikat,GPE
lari,PER
larijan,PER
iran,GPE
as,GPE
nuklir,EVT
as,GPE
asisrael,NOR
iran,GPE
amerika serikat israel,GPE
al jazeera,ORG
sekolah dasar perempuan,ORG
provinsi,GPE
mina,ORG
##b,GPE
bicara lembaga kemanusiaan sabit merah,ORG
amerika serikat,GPE
israel,GPE
iran,GPE
provinsi,GPE
iran as,GPE
israel,GPE
iran,GPE
provinsi imbas,GPE
menteri pertahanan iran,NOR
asisrael,NOR
menteri pertahanan iran,NOR
aziz nasirzadeh,PER
kepala staf angkatan darat,NOR
abdul rahim mousavi,PER
amerika serikat iran,GPE
negara,GPE
ir,GPE
##na irna,ORG
al jazeera,PER
iran,GPE
khamene,PER
ali shamkhani,PER
komandan tertinggi korps garda revolusi islam irgc,NOR
mohammad pakpour irna,PER
amerika s,GPE
khamene,PER
##i israel,NOR
menhan komandan irgc iran,NOR
israel,GPE
iran,GPE
aziz nasirzadeh,PER
menteri pertahanan negara,NOR
ali shamkhani,PER
kepala dewan keamanan iran,NOR
mohammad pakpour,PER
komandan korps garda revolusi islam irgc,NOR
saleh asadi,PER
hossein jabal amelian reza mozaffarin,PER
pertahanan,NOR
mohammed shiraz,PER
##i,NOR
menteri negeri iran,NOR
abbas araghchi,PER
pimpinan senior iran,NOR
israel,GPE
iran,GPE
larijan,PER
israel,GPE
iran,GPE
sekretaris dewan keamanan tertinggi iran,NOR
ali larijani,PER
tel aviv,GPE
israel,GPE
iran,GPE
tel aviv,GPE
rudal,PRD
hulu ledak klas,PRD
ali larijan,PER
israel,GPE
iran,GPE
hulu ledak klas,PRD
bahan peledak,PRD
trump,PER
empat,CRD
trump,PER
pejabat iran,NOR
mojtaba khamenei,PER
pemimpin tertinggi iran,NOR
mojtaba khamenei,PER
amerika,GPE
serikat,NOR
asisrael februari,PER
azim ebrahimpour,PER
senior iran,NOR
moj,PER
##tab,NOR
##a,PER
pemimpin,NOR
ayatollah ali khamenei mojtab,PER
adver,LOC
ebrahimpour,PER
moj,ORG
##tab,NOR
##a,ORG
iran,GPE
international media m,ORG
israel,GPE
teheran,GPE
presiden dewan keamanan iran militer israel,NOR
teheran,GPE
iran,GPE
dewan keamanan nasional militer israel,NOR
iran,GPE
angkatan udara israel,NOR
iran,GPE
teheran,GPE
israel,GPE
trump,PER
iran,GPE
presiden amerika serikat,NOR
donald trump,PER
iran,GPE
pemerintahan negara berganti,NOR
ayatollah ali khamenei trump,PER
korps angkatan bersenjata iran irgc polisi iran,NOR
as,NOR
trump,PER
al jazeera khamene,PER
iran,GPE
trump,PER
perdana menteri israel,NOR
benjamin netanyahu khamanei,PER
iran,GPE
ali shamkhani,PER
panglima irgc,NOR
mohammad pakpour,PER
pemerintah iran,NOR
amerika serikat israel,GPE
teheran,NOR
iran,NOR
islamic republic news agency irna,ORG
ali shamkani,PER
pemimpin,NOR
iran,NOR
shamkhani,PER
ayatollah ali khemenei,PER
sekretaris dewan pertahanan iran,NOR
shamkhani irna,PER
teri,NOR
korps garda revolusi islam irgc,NOR
mohammad pakpour,PER
kim jong un,PER
menembak asisrael,EVT
iran,GPE
perang,ORG
korea,GPE
utara,NOR
kim jong un,PER
kim ju ae,PER
pistol,EVT
pemerintah korut,NOR
ju ae,PER
pistol,PRD
kim jong un,PER
pistol senjata ringan,PRD
kim jong un kim ju ae,PER
jaket kulit sera,PRD
pabrik kim jong un pu,LOC
trump,PER
khamene,PER
iran,GPE
presiden amerika serikat,NOR
donald trump,PER
pemimpin tertinggi iran,NOR
ayatollah ali khamene,PER
as,GPE
israel,GPE
abc news,ORG
trump,PER
khamene,PER
iran,GPE
iran,GPE
trump,PER
trump,PER
khamene,PER
pemimpin,NOR
iran,GPE
as,GPE
rp m,MON
pemimpin,NOR
iran,NOR
amerika serikat,GPE
us juta,MON
rp miliar usrp,MON
pejabat,NOR
militer intelijen iran,NOR
pemimpin,NOR
iran,NOR
mojtaba khamenei,PER
sembilan,CRD
islamic revolutionary guard corps irgc,ORG
departemen negeri as,NOR
ir,NOR
##g,ORG
pemerintahan,NOR
trump,PER
iran,GPE
khamenei,PER
presiden amerika serikat as,NOR
donald trump,PER
iran,GPE
pemimpin tertinggi iran,NOR
ayatollah ali khamenei,PER
trump,PER
cbs news,ORG
trump,PER
iran,GPE
as,GPE
israel,GPE
trump,PER
khamene,PER
iran,GPE
israel,GPE
cbs,ORG
rusia,GPE
israel,GPE
iran,GPE
khamenei,PER
rusia,GPE
israel,GPE
amerika serikat,GPE
iran,GPE
ayatollah ali khamene,PER
tel aviv,GPE
as,GPE
kementerian negeri rusia,NOR
israel,GPE
iran,GPE
moskow,GPE
timur,GPE
israel,GPE
iran,GPE
khamene,PER
khamene,PER
perdana menteri israel,NOR
benjamin netanya,PER
trump,PER
as,GPE
khamenei iran,PER
donald trump,PER
amerika serikat,GPE
pemimpin tertinggi iran,NOR
ayatollah ali khamenei,PER
asisrael,ORG
abc news trump,ORG
as,GPE
khamenei,PER
pemimpin iran,NOR
trump,PER
jonathan karl,PER
abc news,ORG
paus,NOR
timur,EVT
pemimpin miliar umat khatolik,NOR
paus,PER
leo xiv,PER
kekerasan timur,EVT
amerika serikat as,GPE
israel,GPE
iran,GPE
lapangan santo petrus,LOC
as,GPE
israel,GPE
iran,GPE
pemimpin tertinggi iran,NOR
ayatollah ali khamenei,PER
trump,PER
as,GPE
iran,NOR
intelijen,NOR
amerika,GPE
serikat,NOR
iran,NOR
asi,NOR
##s,ORG
iran,NOR
iran,GPE
as,GPE
as,GPE
presiden as,NOR
donald trump,PER
trump,PER
iran,GPE
as,GPE
iran,GPE
khamene,PER
iran,GPE
ayatollah,PER
ali khamenei,PER
amerika serikat,GPE
jalanjalan teheran,LOC
iran,GPE
khamene,PER
amerika,GPE
israel,GPE
iran,GPE
middle east eye advertisement,ORG
##ota lore,EVT
##stan,LOC
is,PER
##fah,PER
zahedan busher,PER
rah,PER
##st,ORG
pemerintah iran,NOR
mehr,ORG
news,NOR
rah,PER
##st,ORG
asisrael,ORG
##teng,ORG
iran,GPE
korps garda revolusi islam iran ir,NOR
##gc,ORG
amerika serikat,GPE
timur,ORG
bank teheran,ORG
komando operasi militer,NOR
pusat khatam al anbiya,ORG
bank as israel,ORG
amerika serikat,GPE
zionis militer iran,NOR
iran,GPE
timur,GPE
as,GPE
as,GPE
israel,GPE
bank teheran,ORG
khamenei,PER
iran,PER
pemimpin tertinggi iran,NOR
ayatollah ali khamenei,PER
amerika serikat,GPE
israel,GPE
khamene,PER
teheran,GPE
iran,GPE
timur,GPE
fars news tas,ORG
##nim,PER
khamene,PER
iran,GPE
ayatollah agung,PER
imam,PER
sayyid ali khamenei,PER
revolusi islam,NOR
amerika,GPE
zionis,NOR
februari,DAT
tasnim,GPE
mojtaba khamene,PER
pemimpin iran,NOR
operasi asisrael,EVT
iran,GPE
pemimpin,NOR
pemimpin revolusi islam,NOR
mojtaba khamenei,PER
iran,NOR
pemimpin revolusi islam,NOR
ayatollah seyed mojtaba khamene,PER
pemerintah,NOR
tasnim news agency,ORG
pemimpin iran presiden,NOR
masoud pezesh,PER
##kian,NOR
sekretaris dewan keamanan nasional,NOR
ali larijani,PER
moj,PER
##tab,NOR
##a mojtaba,PER
anwar ibrahim,PER
asisrael iran,NOR
khamene,PER
perdana menteri malaysia,NOR
anwar ibrahim,PER
amerika serikat,GPE
asis,PER
##rae,NOR
iran,NOR
ayatullah ali khamene,PER
asisrael,NOR
iran,GPE
kawasan timur,LOC
ali khamene,PER
iran,GPE
anwar,PER
kuala lumpur,GPE
malaysia,GPE
demo antipemerintah,NOR
iran,GPE
protes anti,EVT
##pemer,NOR
##intah,EVT
iran,GPE
pemerintah,NOR
iran,NOR
iran,GPE
kurdi iran barat laut,GPE
iran,GPE
separatis,GPE
kurdi,GPE
moj,ORG
##taba,NOR
kha,ORG
##emenei wantiwa,PER
pemimpin tertinggi iran,NOR
mojtaba khamanei,PER
moj,ORG
##taba,NOR
iran,GPE
ana,PER
##lu,PER
agen,PER
##dy motjaba,PER
mayor jenderal irgc iran,NOR
asisrael korps garda revolusi iran islamic revolutionary guard corpsirgc,NOR
staf,NOR
mayor jenderal jamshid eshaghi,PER
israel,GPE
amerika serikat,GPE
iran,GPE
irg,ORG
eshagh,PER
al jazeera irgc,ORG
iran,GPE
komandan angkatan laut irgc,NOR
laksamana alireza tangsir,PER
pekan,EVT
khamenei,PER
asisrael iran,NOR
ayatollah ali khamenei,PER
amerika serikat as,GPE
israel,GPE
iran,GPE
as,GPE
israel,GPE
khamene,PER
iran,GPE
presiden as,NOR
donald trump,PER
perdana menteri israel,NOR
benjamin netanyahu,PER
iran,GPE
trump,PER
gedung putih,ORG
as,GPE
iran,GPE
gedung,NOR
putih,ORG
amerika serikat,GPE
israel,GPE
iran,GPE
pemimpin tertinggi iran,NOR
ayatollah ali khamenei,PER
as,GPE
iran,GPE
pemerintah iran,NOR
as,GPE
presiden,NOR
donald trump,PER
as,GPE
iran,GPE
israel,GPE
menteri negeri amerika serikat,NOR
marco rubio,PER
iran,GPE
israel,GPE
rub,PER
as,GPE
israel,GPE
iran,GPE
iran,GPE
as,GPE
timur,LOC
iran,GPE
as,GPE
israel,GPE
capitol hill al jazeera,LOC
amerika,GPE
iran,GPE
israel,GPE
mossad otoritas iran,NOR
israel,GPE
perang israel amerika serikat,EVT
zionis,NOR
mossad,NOR
miz,PRD
##an,ORG
online,PRD
kehakiman,NOR
mizan,ORG
kouroush keyvan,PER
iran,GPE
israel,GPE
juni,DAT
amerika serikat,GPE
fasilitas nuklir,LOC
iran,GPE
hamish daud,PER
hamish daud,PER
kementerian haji umrah,NOR
hamish,PER
iran,GPE
israel,GPE
serikat,ORG
situ,PER
amanaman hamish,LOC
detik,ORG
##ho,EVT
perang,EVT
iran,GPE
israel,GPE
pemerintah,NOR
gading,PER
mart,ORG
jakarta,GPE
gading mart,PER
##en,ORG
jakarta,GPE
paris,GPE
prancis,GPE
iran,GPE
israel,GPE
gading,PER
marten,ORG
pesawat advertisement,PRD
go,PRD
gading,PER
gading,PER
mobil,PRD
andara,LOC
cil,GPE
##andak,LOC
jakarta selatan,GPE
tuhan,REG
jakarta,GPE
home sweet home gading,LOC
cnnindonesiacom,ORG
gading,PER
marten,ORG
gading,EVT
mart,ORG
indonesia,GPE
gading,PER
mart,ORG
eropa,GPE
perang,EVT
iran,GPE
israel,GPE
##amerika,EVT
serikat,GPE
teluk persia,LOC
paris,GPE
prancis,GPE
instagram,PRD
gading,PER
mart,ORG
eropa,GPE
detikhot,ORG
iran,GPE
esmail,ORG
khatib,PER
israel,GPE
presiden iran,NOR
masoud pezeshkian,PER
israel,GPE
menteri intelijen,NOR
esmail,ORG
khatib,PER
khatib,PER
ketiga,ORD
iran,GPE
israel,GPE
kepala keamanan iran,NOR
ali larijan,PER
pasukan paramiliter,NOR
basi,PER
##j,NOR
israel,GPE
peze,PER
##sh,NOR
##kian x,ORG
al jazeer,PER
##a,ORG
analis militer,NOR
israel,GPE
dubes iran,NOR
megawati,PER
mojtaba khamene,PER
presiden republik indonesia ketua pdi perjuangan,NOR
megawati soekarnoputri,PER
mojtaba khamene,PER
pemimpin tertinggi iran,NOR
ayatollah ali khamenei,PER
megawati,PER
mojtaba khamene,PER
duta republik islam iran indonesia,NOR
mohammad boroujerd,PER
iran,GPE
megawati,PER
jakarta advertis,ORG
megawati,PER
##uj,NOR
menteng jaka,LOC
asis,ORG
##rae,NOR
iran,GPE
arab,GPE
amerika serikat,GPE
israel,GPE
iran,GPE
timur,LOC
iran,GPE
asi,NOR
##srae,ORG
##l,NOR
garda revolusi,NOR
islam,ORG
as,GPE
negara,GPE
arab,GPE
israel,GPE
asi,NOR
##s,ORG
##rael,NOR
pemimpin,NOR
ayatollah,PER
ali khamenei,PER
iran,GPE
khamenei,PER
iran,GPE
as,GPE
israel,GPE
teheran,GPE
khamanei,PER
intelijen iran,NOR
asisrael kongkalikon,PER
khamene,PER
menteri intelijen iran,NOR
esmail khatib,PER
pemimpin tertinggi iran,NOR
ayatollah ali khamene,PER
amerika serikat,GPE
israel,GPE
khatib,PER
iran,GPE
kham,PER
##ene,GPE
khatib,PER
iran,GPE
international,ORG
khatib,PER
iran,GPE
november,DAT
netanyahu,PER
perdana menteri pm israel,NOR
benjamin netanyahu,PER
iran,GPE
netanyahu,PER
kopi kedai,PRD
kopi net,PRD
##anya,PER
##hu,PRD
ibrani,PRD
netanyahu,PER
ai,PER
netanyahu,PER
gelas kopi,PRD
mojtaba khamene,PER
pemimpin iran,NOR
ayatolla,PER
majelis ahli iran,NOR
mojtaba khamene,PER
ayatollah ali khamenei,PER
mojtaba,PER
sepuluh,CRD
ali khamene,PER
amerika serikat,GPE
februari,DAT
meluas,EVT
mojtaba khamenei,PER
alireza arafi,PER
dewan memimpin,NOR
mohsen araki hassan khomeini,PER
iran,GPE
pemerintah lsm pemimpin tertinggi iran,NOR
iran,NOR
lembaga ham as,NOR
lembaga ham norwegia,NOR
berdarah,EVT
iran,GPE
desember,DAT
pemerintah iran,NOR
lembaga pemantau hak asasi manusia,NOR
iran,GPE
pemimpin,NOR
ayatollah ali khamenei,PER
pemimpin tertinggi iran,NOR
pemimpin tertinggi iran,NOR
ayatollah ali khamene,PER
desember,DAT
israel,GPE
amerika serikat,GPE
iran,GPE
as,GPE
israel,GPE
khamene,PER
al jazeera,PER
pemerintah lembaga iran,NOR
iran,GPE
utusan korsel,NOR
menlu iran,NOR
asisrael menteri negeri iran,NOR
abbas arag,PER
##chi,NOR
amerika,GPE
serikat,NOR
israel,GPE
timur,EVT
selat hormuz araghchi,LOC
utusan,NOR
menlu korea selatan iran,NOR
byung ha teheran,PER
menlu araghchi,NOR
as,GPE
israel,GPE
teluk persia,LOC
selat hormuz,LOC
pemerintah iran x iran,NOR
