Entitas,Label
ketua dpr ri,NOR
puan maharani dukacita,PER
iran,GPE
dukacita,PER
pemimpin iran,NOR
ayatollah ali khamenei puan,PER
sidang persidangan iv kompleks,EVT
parlemen senayan jakarta,LOC
iran,GPE
amerika serikat,GPE
israel,GPE
pbb,NOR
dpr ri,NOR
ayatollah ali khamenei,PER
pimpinan tertinggi republik islam iran,NOR
israel,GPE
amerika,GPE
iran,GPE
februari,DAT
indonesia,GPE
iran,GPE
iran,GPE
dpr,NOR
ri,GPE
perserikatan,NOR
trump,PER
iran,GPE
pbb,NOR
presiden amerika serikat as,NOR
donald trump,PER
iran,GPE
trump washington,PER
trump,PER
cbs news,ORG
as,GPE
israel,GPE
iran,GPE
februari,DAT
trump,PER
cbs news,ORG
doral,ORG
florida,GPE
iranred,GPE
angkatan,NOR
laut,ORG
komunikasi,NOR
angkatan udara rudalrudal,ORG
dronedrone,PRD
drone,PRD
trump,PER
as,GPE
iran,GPE
operation epic fury,EVT
trump,PER
cbs news,ORG
weijia jiang,PER
trump,PER
as,GPE
trump,PER
trump,PER
pemimpin,NOR
iran,GPE
khamenei,PER
ayatollah,ORG
ali,PER
khamenei,PRD
trump,PER
trump,PER
khamenei,ORG
trump,PER
mojtaba,PER
pemimpin,NOR
iran,GPE
simak,PER
rudal,PRD
tomahawk,PER
hantam,ORG
sekolah,ORG
iran,GPE
trump,PER
as,GPE
gambasvideo,ORG
ilyas fadilah,PER
detikbali,ORG
minyak dunia,PRD
us,MON
barel,QTY
selat hormuz,LOC
iran,GPE
amerika serikat israel,GPE
iran,GPE
kapal tanker,PRD
kapal tanker,PRD
juru bicara kementerian negeri iran,NOR
esmail baghaei,PER
detikfinance,ORG
baghaei,NOR
iran,GPE
amerika serikat,GPE
israel,GPE
baghaei,GPE
iran,GPE
pemimpin,NOR
mojtaba khamenei,PER
ayatollah ali khamenei,PER
asisrael iran,NOR
negara masyarakat otoritas bersatu kepemimpinan,NOR
iran,GPE
as,GPE
baghaei,NOR
presiden,NOR
as,GPE
donald,NOR
trump,NOR
amerika serikat,GPE
pemimpin,NOR
iran,GPE
bangsa,NOR
asing,NOR
iran,GPE
iran,GPE
iran,GPE
baghaei,NOR
iran,GPE
desalinasi,GPE
bahrain,GPE
minyak,NOR
arab,GPE
saudi infrastruktur,NOR
uni,GPE
emirat,GPE
arab,GPE
baghaei,NOR
pertahanan,NOR
pbb,NOR
militer,NOR
agresor,NOR
juru bicara kementerian negeri iran,NOR
esmail baghaei,PER
kapal tanker,PRD
selat hormuz,LOC
minyak mentah,PRD
barel,QTY
selat hormuz,LOC
kapal tanker,PRD
baghaei,LOC
cnbc iran,NOR
amerika serikat,GPE
israel,GPE
baghaei,GPE
baghaei,GPE
iran,GPE
pemimpin,NOR
mojtaba khamenei,PER
ayatollah ali khamenei,PER
asisrael iran,NOR
lembaga negara masyarakat otoritas bersatu kepemimpinan,NOR
presiden as,NOR
donald trump,PER
amerika serikat,GPE
pemimpin,NOR
iran,GPE
etika,LAW
iran,GPE
iran,GPE
iran,GPE
baghaei,GPE
iran,GPE
teluk,GPE
bahrain,GPE
arab,GPE
saudi,GPE
uni,GPE
emirat,GPE
arab,GPE
baghaei,GPE
iran,GPE
pasal,LOC
pbb,GPE
pangkalan,NOR
agresor,NOR
juru bicara kementerian negeri iran,NOR
esmail baghaei,PER
kapal tanker,PRD
selat hormuz,LOC
minyak mentah,PRD
barel,QTY
selat hormuz,LOC
kapal tanker,PRD
baghaei,LOC
cnbc iran,NOR
amerika serikat,GPE
israel,GPE
baghaei,GPE
baghaei,GPE
iran,GPE
pemimpin,NOR
mojtaba khamenei,PER
ayatollah ali khamenei,PER
asisrael iran,NOR
lembaga negara masyarakat otoritas bersatu kepemimpinan,NOR
presiden as,NOR
donald trump,PER
amerika serikat,GPE
pemimpin,NOR
iran,GPE
etika,LAW
iran,GPE
iran,GPE
iran,GPE
baghaei,GPE
iran,GPE
teluk,GPE
bahrain,GPE
arab,GPE
saudi,GPE
uni,GPE
emirat,GPE
arab,GPE
baghaei,GPE
iran,GPE
pasal,LOC
pbb,GPE
pangkalan,NOR
agresor,NOR
bayu baskoro detikbali,PER
australia,GPE
timnas putri iran,ORG
piala asia,EVT
presiden amerika serikat as,NOR
donald trump,PER
australia,GPE
perdana menteri australia,NOR
anthony albanese,PER
timnas putri iran,ORG
trump,PER
detiksport,ORG
trump trump,PER
timnas putri iran,ORG
australia,GPE
australia,GPE
tim suaka,ORG
perdana menteri pekerjaan,NOR
tuhan,REG
australia,GPE
iran,GPE
ajang,EVT
piala asia wanita,EVT
australia,GPE
marziyeh jafari,PER
grup a,ORG
iran,GPE
iran,GPE
kepolisian,NOR
federal,NOR
australia,GPE
iran,GPE
fatemeh,NOR
pasandideh,NOR
zahra,PER
ghanbari,PER
zahra,PER
sarbali,NOR
atefeh,PER
ramazanzadeh,PER
mona,PER
hamoudi,ORG
iran,GPE
timnas,ORG
iran,GPE
iran,GPE
piala,ORG
asia,GPE
korea,GPE
selatan,NOR
pemerintah republik islam,NOR
iran,GPE
menteri negeri,NOR
australia,GPE
tony,PER
burke,PER
timnas,ORG
iran,GPE
zahra,PER
ghanbari,PER
cs,ORG
australia,GPE
iran,GPE
amerika,GPE
serikat,NOR
israel,GPE
pemimpin,NOR
iran,GPE
pemimpin,NOR
ali,PER
khamenei,PER
detiksport,ORG
selengkapnya,PER
australia,GPE
timnas putri iran,ORG
piala asia,EVT
donald trump,PER
iran,EVT
piala asia wanita australia,EVT
marziyeh jafari,PER
grup a,ORG
iran,GPE
filipina,GPE
iran,GPE
kepolisian federal australia,NOR
fatemeh pasandideh zahra ghanbari zahra sarbali atefeh ramazanzadeh,PER
mona hamoudi,PER
iran,GPE
timnas putri iran,ORG
rezim berkuasa iran,NOR
piala asia,EVT
korea,GPE
selatan,ORG
pemerintah,NOR
republik,GPE
islam,NOR
iran,GPE
menteri negeri,NOR
australia,GPE
tony,PER
burke,NOR
timnas,ORG
iran,GPE
safety house,NOR
zahra,PER
ghanbari cs,NOR
australia,GPE
presiden,NOR
amerika,GPE
serikat,NOR
donald,PER
trump,PER
timnas,ORG
iran,GPE
kasih,NOR
australia,GPE
tim,ORG
menteri,NOR
australia,GPE
anthony,PER
albanese,PER
timnas,ORG
iran,GPE
trump,PER
wib,ORG
menteri,NOR
tuhan,NOR
australia,GPE
iran,GPE
militer,NOR
amerika,GPE
serikat,GPE
israel,GPE
pemimpin,NOR
iran,GPE
pemimpin,NOR
ayatollah,PER
ali,PER
khamenei,PER
amerika,GPE
serikat,NOR
as,GPE
israel,GPE
iran,GPE
minyak dunia,PRD
presiden as,NOR
donald trump,PER
detikcom,ORG
as israel,NOR
iran,GPE
ayatollah,PER
ali khamenei,PER
iran,GPE
iran,GPE
drone,PRD
militer,NOR
as,GPE
fasilitas,NOR
as,GPE
asia barat,GPE
qatar,GPE
irak,GPE
bahrain,GPE
arab,GPE
saudi,GPE
iran,GPE
israel,GPE
asisrael,NOR
iran,GPE
kapalkapal pengangkut minyak,PRD
selat hormuz,LOC
minyak,LOC
minyak dunia,PRD
usd,MON
minyak,PRD
kuwait,GPE
uni emirat arab,GPE
selat hormuz irak,LOC
trump,PER
minyak,PRD
trump,PER
minyak,PRD
trump,PER
al,ORG
arabiya,GPE
minyak,PRD
iran,GPE
minyak,PRD
iran,GPE
as,GPE
trump,PER
presiden,NOR
as,GPE
trump,PER
as,GPE
iran,GPE
presiden,NOR
iran,GPE
iran,GPE
ayatollah,ORG
ali,PER
pemimpin,NOR
garda,NOR
iran,GPE
pemimpin,NOR
donald trump,PER
timnas putri iran,ORG
piala asia wanita,ORG
australia,GPE
iran,GPE
grup piala asia wanita,ORG
marziyeh jafari,PER
grup a,ORG
filipina,GPE
iran,GPE
filipina,GPE
piala asia wanita,EVT
skuad,ORG
iran,GPE
korea,GPE
selatan,NOR
rezim berkuasa republik islam iran,NOR
timnas putri iran,ORG
fatemeh pasandideh zahra ghanbari zahra sarbali atefeh ramazanzadeh mona hamoudi,PER
australia,GPE
iran,GPE
presiden,NOR
amerika,EVT
serikat,ORG
donald,PER
trump,PER
the,ORG
lionesse,ORG
australia,GPE
iran,GPE
iran,GPE
trump,PER
president,NOR
trump,PER
says,PER
australia,GPE
it,ORG
allows,ORG
the,ORG
iran,GPE
be,PER
forced,ORG
iranthey,GPE
be,PER
menteri,NOR
anthony,PER
albanese,PER
presiden,NOR
donald,PER
trump,PER
amerika,GPE
serikat,ORG
israel,GPE
iran,GPE
as,GPE
operasi,EVT
epic,ORG
pemimpin,NOR
iran,GPE
pemimpin,NOR
ali,PER
khamenei,PER
pemimpin,NOR
iran,GPE
ayatollah ali khamenei,PER
mojtaba khamenei,PER
ali khamenei,PER
pemimpin,NOR
iran,GPE
al jazeera,ORG
iran,GPE
ali khamenei,PER
amerika,GPE
serikat,NOR
israel,GPE
mojtaba khamenei,PER
ali khamenei,PER
iran,GPE
pemilihan,EVT
mojtaba,PER
korps garda revolusi islam irgc,NOR
iran,GPE
pemimpin,NOR
dinasti,NOR
monarki,NOR
mohammad,PER
reza,PER
pahlavi,PER
revolusi,NOR
iran,GPE
israel,GPE
iran,GPE
menteri,NOR
israel,GPE
israel,GPE
iran,GPE
israel,GPE
pemimpin,NOR
rezim,NOR
iran,GPE
israel,GPE
amerika serikat,GPE
iran,GPE
dieliminasi,NOR
katz,NOR
al,NOR
jazeera,PER
pemimpin,NOR
iran,GPE
israel,GPE
amerika serikat,GPE
timur,NOR
iran,GPE
pemimpin,NOR
ayatollah mojtaba khamenei,PER
ayatollah ali khamenei al jazeera,PER
mojtaba,PER
ketiga,ORD
iran,GPE
amerika serikat,GPE
as,GPE
israel,GPE
mojtaba,PER
pemimpin,NOR
majelis,NOR
mojtaba khamenei,PER
korps garda revolusi islam,NOR
irgc,ORG
pahlavi revolusi islam,NOR
mojtaba khamenei,PER
pemimpin,NOR
iran,NOR
israel,GPE
menteri pertahanan israel israel,NOR
katz,PER
iran,GPE
ali,PER
khamenei,PER
rezim,NOR
iran,GPE
israel,GPE
as,GPE
iran,GPE
jazeera,NOR
mojtaba khamenei,PER
pemimpin tertinggi iran,NOR
ayatollah ali khamenei,PER
mojtaba khamenei,PER
ali khamenei aljazeera,PER
ali khamenei,PER
as,GPE
israel,GPE
mojtaba,PER
pemimpin,NOR
iran,GPE
majelis,NOR
pemilihan mojtaba,EVT
korps,ORG
garda revolusi islam,NOR
irgc,ORG
mojtaba,ORG
pahlavi,NOR
revolusi islam,NOR
israel,GPE
ali khamenei,PER
menteri pertahanan menhan israel israel katz militer,NOR
pemimpin,NOR
iran,GPE
ali,PER
khamenei,NOR
iran,GPE
israel,GPE
as,NOR
iran,GPE
al,EVT
jazeera,PER
presiden amerika serikat as,NOR
donald trump,PER
iran,GPE
iran,GPE
as,GPE
israel,GPE
detikcom,ORG
trump,PER
iran,GPE
trump,PER
drone,PRD
iran,GPE
iran,GPE
angkatan laut komunikasi,ORG
angkatan udara rudalrudal,ORG
dronedrone,PRD
drone,PRD
trump,PER
cbs news,ORG
florida,GPE
advertisement,ORG
as,GPE
iran,GPE
nama,EVT
operation epic fury,EVT
trump,PER
iran,GPE
trump trump,PER
washington,GPE
dc,NOR
trump,PER
pemimpin,NOR
iran,GPE
khamenei,PER
mojtaba,PER
ayatollah,PER
ali,PER
februari,PER
trump,PER
mojtaba,ORG
khamenei,PER
presiden amerika serikat as,NOR
donald trump,PER
iran,GPE
cbs news,ORG
trump,PER
iran,GPE
timur,GPE
as,GPE
israel,GPE
iran,GPE
februari,DAT
trump,PER
cbs news,ORG
doral,ORG
florida,GPE
iranred,GPE
angkatan,NOR
laut,ORG
angkatan udara rudalrudal,ORG
dronedrone,PRD
drone,PRD
trump,PER
nama,EVT
operation epic fury,EVT
as,GPE
iran,GPE
trump,PER
cbs news,ORG
weijia jiang,PER
trump,PER
as,GPE
trump,EVT
trump,PER
trump,PER
pemimpin,NOR
iran,GPE
ayatollah,ORG
mojtaba,PER
khamenei,PER
mojtaba,PER
pemimpin,NOR
ayatollah,PER
ali,PER
khamenei,PER
asisrael,PER
trump,PER
presiden,NOR
mojtaba,PER
pemimpin,NOR
trump,PER
khamenei,PER
pemimpin tertinggi iran,NOR
ayatollah mojtaba khamenei iran,PER
rudal,PRD
israel,GPE
mojtaba,NOR
stasiun,ORG
televisi,NOR
pemerintah iran,NOR
rudal,PRD
israel,GPE
ali khamenei,PER
iran,GPE
ayatollah seyyed,PER
mojtaba khamenei,PER
your command,WOA
mojtaba,PER
majelis pakar,NOR
ayatollah seyyed mojtaba khamenei,PER
pemimpin tertinggi iran,NOR
mojtaba,PER
ali,PER
khamenei,NOR
israel,GPE
rezim,NOR
ali khamenei,PER
menteri,NOR
israel,GPE
israel,GPE
katz,NOR
pemimpin iran,NOR
ali,PER
khamenei,NOR
pemimpin,NOR
iran,NOR
israel,GPE
as dunia,NOR
negaranegara,NOR
iran,NOR
katz,PER
al jazeera,NOR
korps garda revolusi islam,NOR
ayatollah seyyed mojtaba khamenei,PER
garda revolusi,NOR
pakar,NOR
ayatollah seyyed mojtaba khamenei,PER
pemimpin tertinggi iran,NOR
mojtaba,PER
ali khamenei,PER
israel,GPE
ali khamenei,PER
menteri pertahanan menhan israel israel,NOR
pemimpin iran,NOR
ali khamenei,PER
rezim,NOR
iran,GPE
israel,GPE
as,GPE
iran,GPE
katz,PER
al jazeera,ORG
mojtaba,NOR
pemimpin,NOR
iran,NOR
gambasvideo,PER
fcafca,PER
mojtaba khamenei,PER
garda,PER
revolusi iran iran,NOR
israel,GPE
stasiun televisi pemerintah iran,NOR
rudal,PRD
israel,GPE
ali khamenei,PER
iran,GPE
ayatollah seyyed mojtaba khamenei,PER
your command,WOA
mojtaba,NOR
majelis,NOR
pakar,ORG
ayatollah seyyed,PER
mojtaba khamenei,PER
pemimpin tertinggi iran,NOR
mojtaba,NOR
ali khamenei,PER
israel,GPE
ali khamenei,PER
menteri pertahanan menhan israel israel,NOR
katz,PER
pemimpin iran,NOR
ali khamenei,PER
rezim,NOR
iran,GPE
israel,GPE
as dunia bebas negaranegara kawasan,NOR
rakyat,ORG
iran,NOR
target,PER
katz,NOR
al,PER
jazeera,PER
peduli,NOR
cetusnya,NOR
teheran,NOR
sambut,PER
mojtaba,PER
khamenei,NOR
pemimpin gambasvideo whnyld iran,NOR
rudal,ORG
israel,GPE
mojtaba,PER
khamenei,PER
mojtaba khamenei,NOR
majelis ahli pemimpin,NOR
ayatollah ali khamenei,PER
pemerintah iran,NOR
stasiun televisi nasional majelis ahli,ORG
sekretariat,NOR
ahli,NOR
majelis,NOR
ahli badan,ORG
ulama,NOR
allahu,REG
akbar allahu akbar khamenei,PER
stasiun penyiaran nasional semiresmi tasnim berafiliasi,ORG
irgc,ORG
korps garda revolusi islam,NOR
irgc,ORG
mojtaba khamenei,PER
irgc,NOR
mojtaba khamenei,PER
irgc,NOR
mojtaba,NOR
khamenei,NOR
ilahi,NOR
pemimpin,NOR
tasnim,REG
news,ORG
agencymojtaba,NOR
khamenei,PER
ayatollah,ORG
ali,PER
khamenei,PER
tasnim,PER
news,ORG
agency,NOR
mojtaba,NOR
khamenei,NOR
pemerintahan,NOR
mojtaba,NOR
gerbang,NOR
amerika serikat,NOR
wikileaks,ORG
pemimpin,NOR
associated,ORG
iran,GPE
mojtaba,NOR
khamenei,PER
hut,NOR
revolusi,NOR
islam,REG
iran,GPE
februari,NOR
epa,ORG
mojtaba,NOR
pemimpin,NOR
republik,NOR
islam,REG
iran,GPE
pemimpin,NOR
rekam,ORG
ali,PER
khamenei,NOR
kepemimpinan republik,NOR
islam,REG
majelis,NOR
khamenei,NOR
mojtaba,NOR
pemimpin,NOR
mojtaba,NOR
khamenei,PER
september,NOR
mashhad,PER
kota,GPE
timur,NOR
iran,GPE
enam,CRD
sekolah,NOR
lembaga,NOR
teheran,NOR
mojtaba,NOR
kali,ORG
militer,NOR
iranirak,GPE
delapan,CRD
amerika,GPE
serikat,NOR
barat,NOR
irak,GPE
mojtaba,NOR
agama,NOR
qom,REG
kota,GPE
syiah,NOR
ulama,NOR
pemimpin,NOR
iran,GPE
mojtaba,PER
ulama,NOR
west,NOR
asia,GPE
news,ORG
reutersmojtaba,ORG
hizbullah,ORG
teheran,NOR
lingkaran,ORG
iran,GPE
mojtaba,NOR
khamenei,NOR
ayatollah,ORG
ulama,REG
mojtaba,NOR
ayatollah,REG
pemilihan,EVT
pemimpin,NOR
preseden,NOR
ali,PER
ayatollah,ORG
pemimpin,NOR
iran,GPE
mojtaba,NOR
pemilihan,EVT
presiden,NOR
ahmadinejad,PER
populis,NOR
surat,REG
ali,PER
khamenei,NOR
ayatollah mojtaba khemenei,PER
pemimpin tertinggi iran,NOR
mojtaba,PER
ali khamenei aljazeera,PER
ali khamenei,PER
as,GPE
israel,GPE
majelis,NOR
mojtaba,NOR
pemimpin tertinggi iran,NOR
mojtaba khamenei,PER
pemilihan,EVT
korps,ORG
garda revolusi islam,NOR
irgc,ORG
mojtaba,NOR
pemimpin tertinggi iran,NOR
houthi,ORG
yaman,GPE
musuhmusuh,PER
houthi,PER
mojtaba khamenei houthi,PER
amerika serikat,GPE
as,GPE
israel,GPE
iran,GPE
republik islam,NOR
sayyid,PER
mojtaba,PER
khamenei,PER
pemimpin,NOR
revolusi islam,NOR
krusial,NOR
telegram,NOR
aljazeera,PER
houthi,ORG
mojtaba,PER
khamenei,PER
garda revolusi,NOR
iran,GPE
revolusi,NOR
islam,REG
republik,NOR
islam,REG
israel,GPE
rezim,NOR
ali,PER
khamenei,PER
menteri,NOR
menhan,NOR
israel,GPE
israel,GPE
katz,NOR
pemimpin,NOR
iran,GPE
ali,PER
pemimpin,NOR
rezim,NOR
iran,GPE
israel,GPE
as,NOR
iran,GPE
katz,NOR
al,NOR
jazeera,PER
houthi,PER
mojtaba khamenei houthi,PER
amerika serikat,GPE
as,GPE
israel,GPE
iran,GPE
republik islam iran,NOR
sayyid mojtaba khamenei,PER
revolusi islam,NOR
telegram houthi,ORG
mojtaba khamenei,PER
garda revolusi iran,NOR
revolusi islam,NOR
republik islam,NOR
majelis pakar,NOR
ayatollah seyyed,PER
mojtaba khamenei,PER
pemimpin tertinggi iran,NOR
mojtaba,PER
ali khamenei,PER
israel,GPE
ali khamenei,PER
menteri pertahanan menhan israel israel,NOR
katz,PER
militer negaranya,NOR
pemimpin,NOR
iran,GPE
ali,PER
khamenei,NOR
pemimpin,NOR
rezim,NOR
iran,GPE
israel,GPE
as,NOR
negaranegara kawasan,NOR
iran,GPE
katz,PER
al,NOR
jazeera,PER
tonton,NOR
mojtaba,PER
khamenei,PER
pemimpin,NOR
iran,GPE
gambasvideo,NOR
whnyld,ORG
iran,GPE
mojtaba,PER
khamenei,PER
houthi,NOR
wilda hayatun nufus detikbali ayatollah mojtaba khamenei,PER
pemimpin tertinggi iran,NOR
iran,GPE
rudal,PRD
israel,GPE
stasiun,ORG
televisi pemerintah iran,NOR
rudal,PRD
israel,GPE
ali khamenei,PER
iran,GPE
ayatollah,PER
seyyed,PER
mojtaba khamenei,PER
your command,EVT
mojtaba,PER
ayatollah seyyed mojtaba khamenei,PER
pemimpin tertinggi iran,NOR
pemimpin tertinggi iran,NOR
ali khamenei,PER
as,GPE
israel,GPE
mojtaba,PER
khamenei,PER
pemimpin,NOR
korps,NOR
revolusi islam,NOR
irgc,PER
mojtaba,PER
pemimpin,NOR
dinasti,ORG
pahlavi revolusi islam,NOR
israel,GPE
ali,PER
khamenei,PER
menteri,NOR
menhan,NOR
israel,GPE
israel,GPE
katz,PER
pemimpin iran,NOR
ali,PER
khamenei,PER
pemimpin,NOR
iran,NOR
israel,GPE
as,NOR
negaranegara,NOR
iran,NOR
katz pernyataannya,PER
iwsiws,NOR
aljazeera,PER
ali khamenei,PER
as,GPE
israel,GPE
majelis,NOR
pakar,ORG
mojtaba,NOR
pemimpin tertinggi iran,NOR
mojtaba khamenei,PER
korps garda revolusi islam irgc,NOR
mojtaba khamenei,PER
pahlavi,NOR
revolusi,EVT
islam,REG
israel,GPE
ali khamenei,PER
menteri pertahanan menhan israel israel,NOR
pemimpin iran,NOR
ali khamenei,PER
rezim,NOR
iran,GPE
israel,GPE
as,GPE
iran,GPE
katz,PER
jazeera,PER
bersembunyi,PER
cetusnya,PER
iran,GPE
mojtaba,PER
pemimpin,NOR
ayatollah,PER
ali,PER
khamenei,PER
israel,GPE
as,GPE
tim detikbali presiden amerika serikat as,NOR
donald trump,PER
mojtaba khamenei,PER
pemimpin tertinggi iran,NOR
trump,PER
senator senior as partai republik,NOR
ayatollah ali khamenei,PER
pemimpin tertinggi iran,NOR
trump,PER
mojtaba khamenei,PER
fox news,ORG
brian kilmeade,PER
kilmeade,PER
trump,PER
iran,GPE
mojtaba khamenei,PER
pemimpin,NOR
kilmeade,PER
trump,PER
trump,PER
mojtaba,NOR
trump,PER
khamenei,PER
trump,PER
pemimpin tertinggi iran persetujuan,NOR
as,GPE
trump al arabiya,PER
senator senior as,NOR
lindsey graham,PER
mojtaba,NOR
khamenei,PER
pemimpin,NOR
iran,NOR
mojtaba,PER
graham,PER
senator,NOR
south carolina,NOR
sosial x,NOR
graham,PER
melobi,NOR
militer as,NOR
iran,GPE
media as,NOR
wall,PER
street journal,NOR
wsj,PER
graham,PER
perdana,NOR
menteri,NOR
pm,NOR
israel,GPE
benjamin,PER
netanyahu,PER
presiden as,NOR
donald,PER
trump,PER
iran,NOR
iran,GPE
mojtaba,NOR
khamenei,PER
pemimpin,NOR
negara,NOR
sepekan,PER
ali,PER
khamenei,PER
mojtaba,NOR
khamenei,PER
ali,PER
khamenei,PER
ayatollah,PER
mojtaba,NOR
hosseini,PER
khamenei,PER
majelis,NOR
pakar,NOR
iran,GPE
pemimpin,NOR
mojtaba,NOR
amerika,GPE
serikat,NOR
israel,GPE
februari,PER
majelis,NOR
iran,NOR
ulama,NOR
anggota,NOR
majelis,NOR
iran,GPE
mohsen,PER
heidari,NOR
alekasir,PER
khamenei,PER
pemimpin,NOR
iran,GPE
setan,NOR
alekasir,PER
presiden as,NOR
donald,PER
trump,NOR
mojtaba,PER
mojtaba,NOR
pasukan,NOR
iran,GPE
kerajaan,NOR
reformis,NOR
barat,NOR
nuklir iran,NOR
mojtaba,NOR
garda,NOR
revolusi iran,NOR
irgc,NOR
mojtaba,NOR
politik,NOR
iran,NOR
pemimpin,NOR
iran,NOR
hak,NOR
negeri,NOR
nuklir iran,NOR
barat,NOR
teheran,NOR
senjata nuklir iran,NOR
kali,NOR
nuklir,NOR
selengkapnya,PER
iwsiws,NOR
iran,GPE
rudal,PRD
israel,GPE
negeri,GPE
mullah,NOR
mojtaba khamenei,PER
pemimpin,NOR
iran,NOR
israel,GPE
iran,GPE
ayatollah seyyed mojtaba khamenei,PER
your command,WOA
mojtaba,PER
sayyid mojtaba,PER
majelis pakar iran,NOR
mojtaba khamenei,PER
pemimpin tertinggi ketiga iran,NOR
mojtaba,PER
ayatollah ali khamenei mojtaba,PER
israel,GPE
menteri pertahanan israel israel,NOR
katz militernya,PER
ali,PER
pemimpin,NOR
iran,GPE
israel,GPE
as,GPE
iran,GPE
al,ORG
presiden amerika serikat as,NOR
donald trump,PER
ayatollah mojtaba khamenei,PER
pemimpin tertinggi iran,NOR
mojtaba khamenei,PER
ali khamenei,PER
as,GPE
israel,GPE
teheran,GPE
al,PER
jazeera,ORG
fox news,ORG
brian kilmeade kilmeade trump,PER
iran,GPE
mojtaba khamenei,PER
pemimpin,NOR
trump,PER
pemilihan,EVT
ayatollah seyyed,PER
mojtaba khamenei,PER
ayatollah ali khamenei,PER
mojtaba khamenei,PER
majelis pakar iran,NOR
pemimpin tertinggi iran,NOR
majelis pakar iran,NOR
ulama,NOR
mojtaba ulama,NOR
garis,PER
iran,GPE
khamenei,PER
majelis,NOR
iran,GPE
mohsen,NOR
khamenei,PER
pemimpin,NOR
iran,GPE
alekasir,PER
presiden,NOR
as,GPE
donald,PER
trump,PER
mojtaba,NOR
mojtaba,NOR
pasukan,NOR
iran,GPE
kerajaan,NOR
reformis,NOR
barat,NOR
nuklir,NOR
irna,PER
revolusi,NOR
iran,GPE
irgc,PER
mojtaba,NOR
iran,GPE
mojtaba,NOR
pemimpin,NOR
iran,GPE
negara,NOR
negeri,NOR
nuklir,NOR
iran,GPE
barat,NOR
teheran,NOR
senjata nuklir iran,NOR
nuklirnya,NOR
mojtaba khamenei,PER
pemimpin tertinggi iran,NOR
ayatollah ali khamenei,PER
amerika serikat,GPE
asisrael,PER
iran,GPE
mojtaba,PER
mojtaba,PER
kota,GPE
teheran,GPE
alunalun vanak,LOC
iran,GPE
mojtaba khamenei,PER
soraksorai yelyel,PER
majelis pakar iran,NOR
mojtaba khamenei,PER
ayatollah ali khamenei,PER
amerika serikat,GPE
asisrael,PER
februari,DAT
iran,GPE
ali khamenei,PER
amerika serikat,GPE
israel,GPE
teheran,GPE
iran,GPE
the guardian,ORG
lembaga ulama assembly of experts,ORG
pemimpin,NOR
iran,GPE
ali khamenei,PER
mojtaba khamenei,PER
pemimpin,NOR
republik,GPE
islam,NOR
iran,GPE
pemerintah,NOR
ulama,NOR
iran,GPE
mojtaba,NOR
khamenei,PER
revolusi iran,NOR
pemimpin,NOR
iran,GPE
iran,GPE
mojtaba,ORG
khamenei,PER
mojtaba,ORG
mashhad,NOR
iran,GPE
timur laut,NOR
pemimpin,NOR
iran,GPE
ali,PER
khamenei,NOR
the,ORG
mojtaba,ORG
ulama,NOR
iran,GPE
revolusi islam,NOR
united,ORG
nuclear,ORG
iran,GPE
mojtaba,ORG
pemerintahan,NOR
mohammad,NOR
reza,PER
pahlavi,ORG
khamenei,NOR
kerajaan,NOR
ali,PER
khamenei,PER
revolusi,NOR
iran,GPE
khamenei,NOR
pemerintahan,NOR
iran,GPE
presiden,NOR
pemimpin,NOR
iran,GPE
mojtaba,ORG
republik,GPE
islam,REG
iran,GPE
mojtaba,NOR
teheran,GPE
united,ORG
nuclear,NOR
iran,GPE
high,NOR
sekolah,NOR
iran,GPE
iran,GPE
sekolah,NOR
mojtaba,NOR
keagamaan,NOR
seminari,NOR
ulama syiah,NOR
iran,GPE
ulama konservatif,NOR
iran,GPE
united,ORG
nuclear,NOR
iran,GPE
ulama,NOR
barat,NOR
mojtaba,NOR
iran,GPE
mojtaba,NOR
al jazeera,NOR
iranirak,GPE
islamic,NOR
revolutionary guard,NOR
mojtaba,NOR
iran,GPE
mojtaba,NOR
mojtaba,ORG
charles,PER
sturt,NOR
university,NOR
iran,GPE
mojtaba,NOR
khamenei,NOR
ulama,NOR
iran,GPE
analisis,ORG
the,ORG
washington,NOR
institute,NOR
near,ORG
east,ORG
policy,NOR
mojtaba,NOR
iran,GPE
ulama,NOR
negara,GPE
mojtaba,ORG
khamenei,NOR
iran,GPE
charles,PER
sturt,ORG
university,ORG
mojtaba,NOR
barat,NOR
islamic,NOR
iran,GPE
the,ORG
washington,NOR
institute,NOR
near,NOR
east,ORG
ayatollah seyyed mojtaba hosseini khamenei,PER
ayatollah ali khamenei,PER
majelis pakar iran,NOR
amerika serikat,GPE
israel,GPE
majelis,NOR
pakar,ORG
iran,NOR
ulama,ORG
mojtaba,NOR
ulama,ORG
iran,GPE
khamenei,PER
majelis pakar iran,NOR
mohsen heidari alekasir,PER
khamenei,PER
pemimpin,NOR
iran,GPE
alekasir,PER
presiden as,NOR
donald trump mojtaba,PER
mojtaba,PER
pasukan keamanan iran kerajaan bisnis,NOR
barat,NOR
nuklir,NOR
irna,NOR
garda,NOR
revolusi,NOR
iran,GPE
irgc,NOR
mojtaba,NOR
iran,GPE
mojtaba,NOR
pemimpin,NOR
iran,GPE
negeri,NOR
iran,GPE
barat,NOR
teheran,GPE
nuklir,NOR
iran,GPE
nuklirnya,NOR
presiden,NOR
amerika,GPE
serikat,NOR
donald,PER
trump,PER
pemimpin,NOR
iran,GPE
fox,ORG
news,ORG
brian,PER
kilmeade,PER
al,PER
jazeera,PER
kilmeade,PER
presiden,NOR
as,GPE
iran,GPE
mojtaba,NOR
khamenei,PER
pemimpin,NOR
trump,PER
mojtaba,NOR
trump,PER
khamenei,PER
abc,ORG
news,ORG
iran,GPE
mojtaba,NOR
trump,PER
pemimpin,NOR
iran,GPE
al,PER
arabiya,GPE
selengkapnya,ORG
ayatollah ali khamenei,PER
mojtaba khamenei,PER
pemimpin,NOR
iran,NOR
iran,NOR
majelis pakar iran,NOR
iran,GPE
mojtaba khamenei,PER
majelis,NOR
badan ulama,ORG
pemimpin,NOR
negara,NOR
iran,GPE
mojtaba,PER
september,DAT
kota mashhad,GPE
timur laut,NOR
iran,GPE
iran,GPE
iran,GPE
pemimpin,NOR
iran,GPE
mojtaba,ORG
sekolah menengah,ORG
alavi high school,ORG
iran,GPE
menteri negeri iran,NOR
javad zarif,PER
sekolah,NOR
kamal kharrazi,PER
ali khamenei,PER
keagamaan,REG
tehran,REG
qom,REG
seminari,REG
islam,REG
qom,REG
teologi,REG
syiah,REG
iran,GPE
qom,PER
seminariseminari,REG
islam,REG
ulama,REG
iran,GPE
mojtaba,REG
teologi,REG
islam,REG
bimbingan,REG
ulama,REG
konservatif,REG
ulamaulama,REG
ayatollah,REG
mahmoud,REG
hashemi,REG
shahroudi,PER
ayatollah,REG
lotfollah,REG
safi,REG
golpaygani,PER
mohammadtaqi,PER
mesbahyazdi,NOR
ideolog,PER
iran,GPE
analisanalis,NOR
iran,GPE
mojtaba,REG
seminariseminari,REG
islam,REG
qom,REG
fiqih,REG
darse,REG
seminari,REG
islam,REG
mojtaba,PER
independen,ORG
mojtaba,PER
pemerintahan,NOR
darse,REG
kharej,REG
prasyarat,NOR
pangkat,REG
mujtahid,REG
seminari,REG
islam,REG
qom,PER
el,REG
pais,REG
september,REG
mojtaba,PER
ulama,REG
syiah,REG
mojtaba,PER
khamenei,PER
islam,REG
sinyal,REG
keagamaannya,REG
senator senior amerika serikat as,NOR
lindsey graham,PER
partai republik,NOR
mojtaba khamenei,PER
ayatollah ali khamenei,PER
pemimpin tertinggi iran,NOR
mojtaba,PER
graham al jazeera,PER
iran,GPE
khamenei,PER
graham,PER
senator south carolina,NOR
graham,PER
as,GPE
iran,NOR
as,GPE
wall street journal wsj,ORG
graham,PER
perdana menteri pm israel,NOR
benjamin netanyahu,PER
presiden as,NOR
donald trump,PER
iran,GPE
iran,GPE
mojtaba khamenei,PER
negara,NOR
majelis pakar iran,NOR
ulama senior,NOR
mojtaba ulama,NOR
khamenei,PER
kelompok,ORG
garis,PER
iran,NOR
trump,PER
iran,NOR
fox news,ORG
brian,PER
kilmeade,PER
trump,PER
mojtaba,PER
khamenei,PER
kilmeade,PER
trump,PER
trump,PER
khamenei,PER
abc,ORG
news,ORG
iran,NOR
mojtaba,PER
trump,PER
pemimpin,NOR
iran,GPE
al,ORG
arabiya,GPE
mojtaba,PER
khamenei,PER
iran,GPE
teheran,NOR
ayatollah seyyed mojtaba hosseini khamenei,PER
ayatollah ali khamenei,PER
majelis pakar iran,NOR
amerika serikat,GPE
israel,GPE
majelis,NOR
pakar,ORG
iran,NOR
ulama,ORG
mojtaba,NOR
ulama,ORG
iran,GPE
khamenei,PER
majelis pakar iran,NOR
mohsen heidari alekasir,PER
khamenei,PER
pemimpin,NOR
iran,GPE
alekasir,PER
presiden as,NOR
donald trump mojtaba,PER
mojtaba,PER
pasukan keamanan iran kerajaan bisnis,NOR
barat,NOR
nuklir,NOR
irna,NOR
garda,NOR
revolusi,NOR
iran,GPE
irgc,NOR
mojtaba,NOR
iran,GPE
mojtaba,NOR
pemimpin,NOR
iran,GPE
negeri,NOR
iran,GPE
barat,NOR
teheran,GPE
nuklir,NOR
iran,GPE
nuklirnya,NOR
presiden,NOR
amerika,GPE
serikat,NOR
donald,PER
trump,PER
pemimpin,NOR
iran,GPE
fox,ORG
news,ORG
brian,PER
kilmeade,PER
al,PER
jazeera,PER
kilmeade,PER
presiden,NOR
as,GPE
iran,GPE
mojtaba,NOR
khamenei,PER
pemimpin,NOR
trump,PER
mojtaba,NOR
trump,PER
khamenei,PER
abc,ORG
news,ORG
iran,GPE
mojtaba,NOR
trump,PER
pemimpin,NOR
iran,GPE
al,PER
arabiya,GPE
selengkapnya,ORG
presiden amerika serikat,NOR
donald trump,PER
pemimpin,NOR
iran,NOR
fox news,ORG
brian kilmeade al jazeera kilmeade,PER
presiden as,NOR
iran,GPE
mojtaba khamenei,PER
trump,PER
mojtaba,PER
trump,PER
khamenei,PER
abc news,ORG
iran,NOR
mojtaba,PER
trump,PER
pemimpin,NOR
iran,GPE
al,PER
arabiya,NOR
ayatollah seyyed,PER
mojtaba,PER
hosseini khamenei,PER
ayatollah,PER
ali khamenei,PER
majelis pakar iran pemimpin tertinggi negara,NOR
amerika serikat,GPE
israel,GPE
februari,DAT
majelis pakar iran,NOR
ulama,NOR
mojtaba ulama,NOR
iran,GPE
khamenei,PER
majelis,NOR
iran,GPE
mohsen,NOR
alekasir,PER
khamenei,PER
pemimpin,NOR
iran,GPE
alekasir,PER
presiden,NOR
as,GPE
donald,PER
trump,PER
mojtaba,NOR
mojtaba,NOR
pasukan,NOR
iran,GPE
kerajaan,NOR
barat,NOR
nuklir,NOR
irna,NOR
garda,NOR
revolusi iran,NOR
irgc,NOR
mojtaba,NOR
iran,GPE
mojtaba,NOR
pemimpin,NOR
iran,GPE
negeri,NOR
nuklir,NOR
iran,GPE
barat,NOR
teheran,NOR
nuklir,NOR
iran,GPE
nuklirnya,NOR
mojtaba,NOR
iran,GPE
teheran,NOR
perdana menteri pm israel,NOR
benjamin netanyahu,PER
iran,GPE
teheran,GPE
anadolu,PER
netanyahu,PER
iran,GPE
pm israel,NOR
bibi,PER
iran,GPE
iran,GPE
netanyahu,PER
netanyahu,PER
korps garda revolusi iran irgc,NOR
garda revolusisaya,NOR
netanyahu,PER
iran,GPE
iran,GPE
iran,GPE
iran,GPE
iran,GPE
israel,GPE
iran,GPE
netanyahu,PER
israel,GPE
amerika,GPE
serikat,GPE
as,GPE
iran,GPE
mullah,PER
pemimpin,NOR
ayatollah,NOR
ali,PER
khamenei,NOR
teheran,GPE
pemimpin,NOR
pemimpin,NOR
iran,GPE
novi christiastuti,PER
detikbali,ORG
iran,NOR
ayatollah seyyed mojtaba,PER
hosseini khamenei,PER
ayatollah ali khamenei,PER
majelis pakar iran,NOR
mojtaba,NOR
amerika serikat,GPE
as,GPE
israel,GPE
ulama,NOR
iran,GPE
majelis pakar iran,NOR
ulama,NOR
mojtaba,NOR
khamenei,PER
pemimpin tertinggi,NOR
iran,GPE
majelis pakar iran,NOR
mohsen heidari alekasir,PER
khamenei,PER
pemimpin,NOR
iran,GPE
alekasir,PER
as,GPE
donald,PER
trump,PER
mojtaba,PER
iran,GPE
kerajaan,NOR
reformis,NOR
barat,NOR
nuklir,NOR
iran,GPE
garda,NOR
revolusi,NOR
iran,GPE
irgc,NOR
mojtaba,NOR
aparatur,NOR
iran,GPE
mojtaba,NOR
pemimpin,NOR
iran,GPE
nuklir,NOR
iran,GPE
barat,NOR
teheran,NOR
nuklir,NOR
iran,GPE
nuklirnya,NOR
mojtaba,NOR
iran,GPE
otoritas,NOR
teheran,GPE
mojtaba,NOR
shah,NOR
iran,GPE
iranirak,GPE
qom,ORG
syiah,NOR
mojtaba,NOR
pemerintahan,NOR
iran,GPE
mojtaba,NOR
iran,GPE
dinasti,NOR
monarki,NOR
as,GPE
mojtaba,NOR
pemimpin,NOR
iran,GPE
hojjatoleslam,NOR
ayatollah,ORG
ruhollah,PER
khomenei,NOR
republik islam,NOR
iran,GPE
mojtaba,NOR
pemimpin,NOR
iran,GPE
presiden,NOR
raisi,PER
departemen,NOR
as,GPE
mojtaba,NOR
pemerintah,NOR
as,GPE
pemimpin,NOR
pemerintahan,NOR
mojtaba,NOR
komandan,NOR
quds,NOR
irgc,NOR
basij,PER
irgc,NOR
perdana menteri pm israel,NOR
benjamin netanyahu,PER
iran,GPE
netanyahu,PER
tel aviv,GPE
teheran,GPE
netanyahu,PER
anadolu,ORG
israel,GPE
iran,GPE
netanyahu,PER
israel,GPE
iran,GPE
iran,GPE
netanyahu,PER
garda revolusi iran irgc,NOR
garda revolusisaya,NOR
netanyahu,PER
iran,GPE
iran,GPE
iran,GPE
iran,GPE
iran,GPE
belenggu,NOR
iran,GPE
israel,GPE
iran,GPE
netanyahu,PER
israel,GPE
amerika,GPE
serikat,GPE
as,GPE
iran,GPE
februari,NOR
iran,GPE
pemimpin,NOR
ali,PER
khamenei,NOR
teheran,GPE
khamenei,NOR
pemimpin,NOR
pemimpin,NOR
iran,GPE
tonton,PER
teheran,GPE
ayatollah seyyed,PER
mojtaba hosseini khamenei,PER
ayatollah ali khamenei,PER
majelis pakar iran,NOR
amerika,GPE
serikat as,NOR
israel,GPE
mojtaba,NOR
majelis pakar iran,NOR
mojtaba,PER
iran,GPE
khamenei,PER
majelis pakar iran,NOR
mohsen heidari alekasir,PER
khamenei,PER
pemimpin,NOR
iran,NOR
alekasir presiden as,NOR
donald trump mojtaba,PER
mojtaba,PER
pasukan keamanan iran kerajaan,NOR
barat,NOR
nuklir,NOR
irna,NOR
garda,NOR
revolusi,NOR
iran,GPE
irgc,PER
mojtaba,NOR
iran,GPE
mojtaba,NOR
pemimpin,NOR
iran,GPE
nuklir,NOR
iran,GPE
barat,NOR
teheran,GPE
nuklir,NOR
iran,GPE
nuklirnya,NOR
mojtaba,NOR
iran,GPE
unjuk,NOR
teheran,GPE
mojtaba,NOR
mashhad,NOR
shah,NOR
iran,GPE
iranirak,GPE
agama,NOR
qom,NOR
syiah,NOR
pemerintahan,NOR
iran,GPE
mojtaba,NOR
iran,GPE
pengkritik,NOR
dinasti,NOR
monarki,NOR
as,GPE
mojtaba,NOR
keagamaan,NOR
pemimpin,NOR
iran,GPE
hojjatoleslam,NOR
ayatollah,NOR
ruhollah,NOR
khomenei,NOR
republik,GPE
islam,NOR
iran,GPE
mojtaba,NOR
pemimpin,NOR
iran,GPE
presiden,NOR
ebrahim,PER
raisi,NOR
departemen,NOR
as,GPE
mojtaba,NOR
pemimpin,NOR
pemerintahan,NOR
mojtaba,NOR
komandan,NOR
quds,NOR
irgc,PER
milisi,NOR
irgc,PER
tonton,NOR
mojtaba,NOR
pemimpin,NOR
iran,GPE
maret,DAT
iran,GPE
majelis pakar iran,NOR
mojtaba khamenei,PER
ayatollah ali khamenei,PER
majelis,ORG
ayatollah seyyed,PER
mojtaba,PER
hosseini khamenei,PER
ketiga sistem suci republik islam iran,NOR
mojtaba,ORG
iran,GPE
mojtaba,PER
ulama,ORG
irgc,ORG
iran,GPE
lembaga keamanan politik negara,NOR
balen shah,PER
perdana menteri kp sharma,NOR
pemilihan nepal partai rastriya swatantra,NOR
shah,ORG
parlemen,ORG
pemerintah,NOR
shah,PER
kp sharma oli,ORG
pemilihannya,EVT
shah,ORG
oli,ORG
mercedes,ORG
formula,ORG
oscar,ORG
grand prix,ORG
george,PER
russell,ORG
kimi,ORG
antonelli,PER
piastri,ORG
lap,ORG
albert,ORG
park,PER
russell,ORG
pole,EVT
charles,PER
ferrari,ORG
keempat,ORD
russell,PER
antonelli,PER
pit,ORG
safety car,ORG
safety car,ORG
ferrari,ORG
malaysia airlines,ORG
pemerintah,NOR
malaysia,ORG
laut,ORG
ocean,ORG
infinity,ORG
pesawat,PRD
pesawat,PRD
boeing,ORG
kuala lumpur beijing,ORG
maret,ORG
operasi,EVT
pesawat,PRD
samudra,ORG
hindia selatan,ORG
maret,ORG
malaysia,GPE
ocean,ORG
infinity,ORG
juta,ORG
pesawat,PRD
tonton,ORG
mojtaba,ORG
iran,ORG
teheran,ORG
gambasvideo,ORG
iran,GPE
pemimpin,NOR
ali khamenei,PER
israel,GPE
amerika serikat as,NOR
khamenei,PER
mojtaba khamenei,PER
pemimpin tertinggi iran,NOR
mojtaba,PER
khamenei aljazeera,PER
majelis,NOR
pakar,ORG
mojtaba,NOR
pemimpin tertinggi iran,NOR
mojtaba khamenei,PER
korps garda revolusi islam irgc,NOR
mojtaba khamenei,PER
pahlavi revolusi islam,NOR
mojtaba khamenei,PER
pemimpin tertinggi iran,NOR
garda revolusi iran,NOR
ayatollah,PER
mojtaba,PER
khamenei,PER
korps,NOR
garda revolusi islam,NOR
ilahi,NOR
ayatollah,PER
seyyed,PER
mojtaba,NOR
khamenei,PER
garda revolusi,NOR
houthi,ORG
yaman,NOR
iran,NOR
houthi,PER
mojtaba khamenei,NOR
houthi,PER
krusial perang amerika serikat,NOR
israel,GPE
iran,NOR
republik islam iran,NOR
sayyid,PER
mojtaba,PER
khamenei,PER
pemimpin,NOR
revolusi islam,NOR
krusial,PER
telegram,PER
houthi,ORG
mojtaba,PER
khamenei,NOR
garda,NOR
revolusi,NOR
iran,GPE
revolusi islam,NOR
republik islam,NOR
juru bicara,NOR
kementerian negeri,NOR
china,GPE
guo,NOR
jiakun,PER
iran,NOR
khamenei,PER
konstitusinya,NOR
china,GPE
negara dalih,NOR
iran,NOR
pemimpin iran beijing,NOR
teheran,NOR
khamenei,PER
iran negaranegara teluk,NOR
utusan china timur,NOR
zhai,PER
jun,PER
deeskalasi,NOR
menteri negeri,NOR
menlu arab saudi,NOR
faisal,PER
bin,NOR
farhan,NOR
china,GPE
operasi,NOR
eskalasi,PER
negaranegara,NOR
zhai,PER
jun,PER
menlu saudi,NOR
menteri negeri,NOR
china,GPE
wang,PER
yi,PER
perang,NOR
presiden amerika serikat,NOR
donald,PER
trump,PER
pemimpin,NOR
iran,NOR
fox,PER
news,NOR
brian,PER
kilmeade,PER
al jazeera,NOR
kilmeade,NOR
presiden as,NOR
iran,GPE
mojtaba,NOR
khamenei,PER
pemimpin,NOR
negara,NOR
trump,PER
terbuka,NOR
mojtaba,NOR
trump,PER
khamenei,NOR
abc,PER
news iran,NOR
mojtaba,PER
trump,PER
pemimpin,NOR
iran,NOR
al arabiya,NOR
ayatollah,PER
mojtaba,NOR
hosseini,PER
khamenei,PER
ayatollah,PER
ali,PER
khamenei,NOR
majelis,NOR
pakar iran,NOR
pemimpin,NOR
negara,NOR
amerika serikat,NOR
israel,GPE
februari,PER
majelis,NOR
iran,NOR
ulama,NOR
mojtaba ulama,NOR
garis,PER
iran,GPE
khamenei,PER
sepekan,PER
majelis,NOR
iran,NOR
moh,PER
mojtaba khamenei,PER
majelis pakar iran pemimpin tertinggi iran,NOR
ayatollah ali khamenei,PER
amerika serikat,GPE
asisrael,ORG
mojtaba,PER
the bishop avenue,LOC
inggris,GPE
frankfurt,GPE
dubai,GPE
mojtaba,ORG
the strait times,ORG
teluk,GPE
persia,LOC
bank swiss properti mewah inggris,ORG
juta pound sterling,MON
rp triliun kurs,MON
mojtaba,ORG
barat,GPE
elite,LOC
london,GPE
juta pound,MON
rp,MON
miliar,ORG
dubai,GPE
eropa,GPE
frankfurt,ORG
jerman,GPE
mallorca,ORG
spanyol,GPE
minyak,ORG
iran,GPE
bank,ORG
inggris,GPE
swiss,GPE
liechtenstein,ORG
uni,GPE
emirat,ORG
arab,GPE
pemerintah,NOR
iran,GPE
pemimpin,NOR
mojtaba,ORG
iran,GPE
bloomberg,ORG
mojtaba,ORG
iran,GPE
ali ansari,ORG
inggris,GPE
korps,ORG
garda,ORG
revolusi islam,ORG
irgc,ORG
iran,GPE
mojtaba,ORG
facto,ORG
iran,GPE
negeri,ORG
dr,ORG
farzin nadimi,ORG
senior,ORG
the,ORG
washington,GPE
institute for,ORG
near,ORG
east,ORG
kerajaan keuangan,ORG
ali,ORG
ansari,ORG
pemegang,ORG
ansari,ORG
oligarki,ORG
ali,ORG
ansari,ORG
mojtaba,ORG
khamenei,ORG
mojtaba,ORG
bloomberg,ORG
kementerian,NOR
negeri,ORG
iran,GPE
kedutaan,ORG
iran,GPE
uni,GPE
emirat,GPE
arab,GPE
inggris,GPE
januari,ORG
mojtaba,ORG
juta,ORG
pound,MON
sterling,ORG
rp,MON
triliun,ORG
pemerintah amerika serikat,NOR
kedutaan,NOR
arab saudi,GPE
iran,GPE
washington,GPE
israel,GPE
departemen negeri as,NOR
pemerintah as,NOR
pemerintah as,NOR
arab saudi,GPE
iran,GPE
presiden as,NOR
donald trump,PER
teheran,GPE
amerika serikat,GPE
departemen negeri as,NOR
amerika,GPE
arab saudi,GPE
iran,GPE
kedutaan as kota saudi,NOR
riyadh,GPE
drone,NOR
iran,GPE
kedutaan as kuwait uni emirat arab,NOR
arab,GPE
saudi,NOR
provinsi al kharj iran,GPE
amerika serikat,GPE
israel,GPE
pemimpin,NOR
ayatollah,PER
ali,PER
khamenei,NOR
kerajaankerajaan teluk,NOR
amerika,GPE
serikat,NOR
bahrain,GPE
qatar,GPE
as,GPE
presiden,NOR
iran,GPE
masoud,NOR
pezeshkian,NOR
negaranegara tetangga,NOR
iran,GPE
negaranegara,NOR
iran,GPE
trump,NOR
iran,GPE
pemimpin tertinggi iran,NOR
ayatollah seyyed mojtaba hosseini khamenei,PER
london,GPE
inggris,GPE
kedutaan,NOR
israel,GPE
the standard mojtaba,ORG
khamenei,PER
kensington,LOC
enam tujuh gedung istana kensington,LOC
juta,MON
pound sterling,MON
rp triliun,MON
kedutaan israel,NOR
london,GPE
iran,GPE
dinas intelijen iran,NOR
apartemen,LOC
khamenei,PER
kedutaan israel,NOR
kedutaan israel,NOR
kedutaan,NOR
iran,GPE
israel,GPE
mojtaba,ORG
the,ORG
polisi,NOR
juta,MON
pound,MON
rp miliar juta,MON
rp miliar,MON
supreme leader iran,NOR
ali khamenei,PER
amerika serikat,GPE
as,GPE
israel,GPE
teheran,NOR
ali khamenei,PER
pemimpin,NOR
iran,GPE
negara,NOR
pemerintahan iran,NOR
supreme,NOR
leader,ORG
pemilihan pemilu presiden,EVT
iran,NOR
masoud pezeshkian,PER
encyclopaedia britannica,ORG
supreme,NOR
leader,ORG
republik,GPE
islam iran,NOR
supreme,NOR
leader,ORG
assembly,NOR
experts,NOR
presiden iran,NOR
pemerintahan,NOR
kabinet,NOR
presiden,NOR
supreme,NOR
leader,ORG
militer keamanan,ORG
negeri,NOR
presiden,NOR
pelaksana,NOR
pemerintahan,NOR
supreme leader,NOR
negara,ORG
supreme,NOR
leader,ORG
pemimpin,NOR
iran,GPE
negara,NOR
presiden,NOR
kepala,NOR
supreme,NOR
leader,ORG
pemimpin,NOR
iran,GPE
wiaimk,ORG
supreme,NOR
leader,ORG
pemimpin,NOR
iran,GPE
mojtaba,NOR
ali,PER
khamenei,ORG
republik islam iran,NOR
kedubes,NOR
iran,GPE
jakarta,GPE
iran,GPE
vadeh sadegh,PER
ayatollah seyyed,PER
mojtaba,PER
khamenei,NOR
wilayahwilayah zionis israel kedubes iran,NOR
amerika,GPE
serikat,NOR
israel,GPE
februari,DAT
pusat perdagangan layanan pusat medis farmasi sekolah fasilitas pendidikan bangunan perhimpunan sabit merah infrastruktur penyediaan energi,ORG
ayatollah,FAC
mojtaba,NOR
pemimpin,NOR
iran,NOR
mojtaba,PER
ali,PER
khamenei,NOR
aljazeera,PER
ali,PER
khamenei,PER
as,NOR
israel,GPE
majelis,NOR
mojtaba,NOR
pemimpin,NOR
iran,NOR
mojtaba,NOR
khamenei,PER
publik,NOR
pemilihan dekade,NOR
lingkaran,NOR
pemimpin,NOR
korps,NOR
garda revolusi islam irgc,NOR
mojtaba khamenei,NOR
pemimpin,NOR
iran,NOR
rdpdhn,PER
iran kedubes iran motjaba khamenei,NOR
pemerintah china,NOR
iran,GPE
mojtaba khamenei,PER
china,GPE
china,GPE
israel,GPE
pemimpin tertinggi iran,NOR
ayatollah ali khamenei,PER
amerika serikat,GPE
israel,GPE
iran,NOR
presiden as,NOR
donald trump,PER
mojtaba khamenei,PER
pemimpin iran,NOR
juru bicara kementerian negeri china,NOR
guo jiakun,PER
iran,GPE
putra khamenei,PER
china,GPE
iran,GPE
pemimpin iran beijing,NOR
teheran,GPE
khamenei,PER
iran,GPE
negaranegara,GPE
teluk,NOR
utusan china timur,NOR
zhai jun,PER
menteri negeri,NOR
menlu,NOR
arab,GPE
saudi,NOR
faisal,PER
bin,PER
farhan,PER
china,GPE
operasi,NOR
zhai,PER
menlu saudi,NOR
menteri negeri,NOR
china,GPE
wang,PER
yi,PER
selengkapnya,PER
pemimpin iran,NOR
ayatollah ali khamenei,PER
asisrael,FAC
iran,GPE
khamenei,PER
badan ulama,NOR
khamenei,PER
majelis pakar,NOR
ahmad alamolhoda mehr iran,PER
iran,ORG
asisrael,PER
depot,LOC
teheran,GPE
alamolhoda,LOC
sekretariat badan ulama,NOR
majelis,NOR
iran,GPE
ayatollah ali khamenei,PER
khamenei,PER
badan,NOR
ulama,ORG
khamenei,PER
majelis,NOR
pakar,ORG
ahmad alamolhoda mehr iran,PER
israel,GPE
majelis,NOR
pakar,ORG
garda revolusi iran,NOR
drone rudal timur,PRD
enam,CRD
badan,NOR
ulama,ORG
ayatollah ali khamenei,PER
perang timur,EVT
majelis,NOR
pakar,ORG
ahmad alamolhoda mehr iran alamolhoda,PER
sekretariat,ORG
israel,GPE
majelis,NOR
pakar,ORG
garda revolusi iran,NOR
drone rudal timur enam simak,PRD
lautan hitam ardabil,LOC
iran,GPE
khamenei,PER
gambasvideo,PER
yldyld iran khamenei,PER
timur,EVT
asisrael,EVT
iran,GPE
depot,LOC
minyak pusat transportasi produk minyak bumi,ORG
teheran,GPE
alborz,ORG
pesawat,PRD
perusahaan distribusi produk minyak nasional,ORG
iran,NOR
veyskarami,ORG
televisi pemerintah iran,NOR
truk tangki minyak,PRD
veyskarami,LOC
iran,GPE
udara veyskarami,LOC
depot,LOC
minyak,ORG
iran,GPE
bensin,PRD
as,GPE
israel,GPE
iran,GPE
pemimpin,NOR
ayatollah ali khamenei,PER
perang timur iran,EVT
pesawat berawak rudal,PRD
israel,GPE
as,GPE
sirine,LOC
rudal iran,PRD
tel,LOC
aviv,GPE
iran,GPE
israel,GPE
teheran,GPE
timur,GPE
iran,GPE
amerika,GPE
serikat,GPE
al jazeera,GPE
teheran,GPE
iran,GPE
israel,GPE
israel,GPE
angkatan bersenjata iran,NOR
pemerintah,NOR
iran,GPE
infrastruktur,LOC
republik,GPE
islam,NOR
depot minyak selatan teheran,LOC
amerika serikat,GPE
zionis,NOR
irna,NOR
depot minyak kawasan kilang minyak utama ilna,LOC
depot minyak wilayah barat laut teheran,LOC
amerika serikat,GPE
israel,GPE
iran,GPE
pemimpin tertinggi iran,NOR
ayatollah ali khamenei,PER
perang timur,EVT
iran,GPE
drone rudal,PRD
israel,GPE
amerika serikat,GPE
kawasan simak trump pede militer iran,LOC
lebur gambasvideo,LOC
knvidn,ORG
perang,LOC
israel,GPE
iran depot minyak iran,LOC
perdana menteri,NOR
benjamin netanyahu,PER
israel,GPE
amerika serikat,GPE
iran,GPE
teheran,GPE
iran,GPE
israel,GPE
amerika serikat,GPE
iran,GPE
pemimpin tertinggi iran,NOR
ayatollah ali khamenei,PER
pemerintah,NOR
netanyahu,PER
israel,GPE
israel,GPE
amerika,GPE
iran,GPE
iran,GPE
netanyahu,PER
israel,GPE
iran,GPE
israel,GPE
timur,GPE
israel,GPE
iran,GPE
televisi,NOR
pemerintah,NOR
iran,GPE
iran,GPE
iran,GPE
garda revolusi iran,NOR
enam,CRD
amerika serikat,GPE
israel,GPE
juru bicara garda revolusi,NOR
ali,PER
mohammad naini,PER
iran,GPE
rudal,PRD
rudal jarak,PRD
presiden iran,NOR
as,GPE
asisrael,GPE
iran,GPE
arab saudi,GPE
kota,GPE
riyadh kuwait,GPE
bahan bakar,PRD
bahan bakar,PRD
kuwait,GPE
minyak,PRD
minyak,PRD
selat,NOR
hormuz,ORG
minyak,PRD
gas dunia transit,NOR
iran,GPE
as,GPE
israel,GPE
minyak,PRD
iran,GPE
minyak,NOR
republik,GPE
islam,NOR
minyak,NOR
militer,NOR
israel,GPE
teheran,GPE
israel,GPE
teheran,NOR
presisi,NOR
komandan,NOR
quds,NOR
negeri,NOR
garda,NOR
revolusi,EVT
iran,GPE
beirut,GPE
perdana,NOR
menteri,NOR
israel,GPE
benjamin,ORG
netanyahu,NOR
iran,GPE
israel,GPE
asisrael,ORG
ayatollah,ORG
ali,ORG
regional,NOR
trump,NOR
iran,GPE
iran,GPE
garda revolusi,NOR
iran,GPE
teheran,GPE
asisrael serang,NOR
iran,GPE
iran,GPE
rezim,NOR
iran,GPE
netanyahu,NOR
israel,GPE
amerika serikat,GPE
iran,GPE
pemimpin tertinggi iran,NOR
ayatollah ali khamenei,PER
pemerintah,NOR
netanyahu,PER
israel,GPE
israel,GPE
amerika,GPE
iran,GPE
iran,GPE
israel,GPE
israel,GPE
timur,GPE
israel,GPE
iran,GPE
wnvwnv,NOR
israel,GPE
iran amerika,NOR
serikat,GPE
benjamin netanyahu,PER
presiden iran,NOR
masoud pezeshkian,PER
iran,GPE
iran,GPE
detikcom,ORG
iran,GPE
presiden iran,NOR
as,GPE
iran,GPE
iran,GPE
pemerintah iran,NOR
dewan kepemimpinan,NOR
iran,GPE
israel,GPE
amerika serikat,GPE
timur,NOR
presiden iran,NOR
masoud pezeshkian,PER
iran,GPE
pemerintah,NOR
iran,GPE
iran,GPE
iran,GPE
iran,GPE
enam,CRD
amerika serikat,GPE
israel,GPE
ali,PER
iran,GPE
rudal,PRD
asisrael,ORG
iran,GPE
arab,GPE
saudi,GPE
riyadh,GPE
kuwait,GPE
kuwait,GPE
minyak,PRD
minyak,PRD
hormuz,GPE
minyak,PRD
iran,GPE
as,GPE
israel,GPE
minyak,PRD
iran,GPE
minyak,PRD
republik,GPE
islam,GPE
minyak,PRD
israel,GPE
teheran,GPE
israel,GPE
teheran,GPE
quds,ORG
garda,NOR
revolusi,ORG
iran,GPE
beirut,GPE
perdana,NOR
menteri,NOR
israel,GPE
netanyahu,ORG
iran,GPE
israel,GPE
asisrael,ORG
ali,PER
presiden amerika serikat as,NOR
donald trump,PER
iran,GPE
israel,GPE
trump,PER
iran,GPE
trump,PER
iran,GPE
as,GPE
israel,GPE
iran,GPE
pemimpin tertinggi iran,NOR
ali khamenei,PER
as,GPE
iran,GPE
juru bicara korps garda revolusi islam iran irgc,NOR
brigadir jenderal ali mohammad naeini,PER
iran,GPE
iran,GPE
iran,GPE
tv,NOR
garda revolusi iran,NOR
pesawat nirawak drone armada drone,PRD
israel,GPE
amerika serikatisrael,GPE
iran,GPE
pemimpin tertinggi iran,NOR
ali khamenei,PER
presiden iran,NOR
masoud pezeshkian,PER
iran,GPE
amerika serikatisrael,GPE
presiden rusia,NOR
vladimir putin,PER
pezeshkian,GPE
amerika serikat,GPE
israel as,GPE
israel,GPE
iran,GPE
februari,DAT
pemimpin,NOR
ayatollah,NOR
seyyed,PER
ali khamenei,PER
iran,GPE
drone,PRD
israel,GPE
militer,NOR
as,GPE
negaranegara regional pezeshkian,NOR
ayatollah khamenei,PER
sembono,PER
sembrono,PER
negara,GPE
presiden,NOR
iran,GPE
iran,GPE
press,NOR
putin,PER
israel,GPE
iran,GPE
presiden,NOR
iran,GPE
putin,PER
rusia,GPE
iran,GPE
as,GPE
iran,GPE
republik,GPE
islam,GPE
iran,GPE
putin,PER
ayatollah,PER
iran,GPE
putin,PER
pemimpin,NOR
dewan,NOR
teluk,NOR
persia,GPE
teheran,GPE
moskow,GPE
rusia,GPE
as,GPE
iran,GPE
gulingkan,PER
iran,GPE
trump,PER
trump,PER
trump,PER
iran,GPE
iran,GPE
as,GPE
israel,GPE
iran,GPE
iran,GPE
rezim iran,NOR
pemimpin tertinggi iran,NOR
ali khamenei,PER
asisrael,NOR
bicara korps garda revolusi islam iran irgc,NOR
brigadir jenderal ali mohammad naeini,PER
iran,GPE
amerika serikat,GPE
israel,GPE
iran,GPE
iran,NOR
iran,GPE
iran,GPE
operasi,EVT
iran,GPE
tv,NOR
gedung,NOR
iran,GPE
gambasvideo,NOR
wnvdhn,NOR
donald,PER
trump,NOR
iran,GPE
timur,NOR
israel,GPE
rezim pusat teheran,NOR
tertinggi rezim iran pusat komando darurat aman militer israel israel,NOR
khamenei,PER
israel,GPE
iran,GPE
khamenei,PER
israel,GPE
iran,GPE
khamenei,PER
rezim iran militer israel militer,NOR
israel,GPE
jalan,LOC
teheran,GPE
ali khamenei,PER
asisrael,NOR
perang timur pentagon,EVT
israel,GPE
trump,PER
as,GPE
khamenei,PER
pemimpin tertinggi iran,NOR
kota suci,GPE
masshad,GPE
netanyahu,NOR
teheran,GPE
israel,GPE
ali khamenei,PER
bunker,LOC
teheran,GPE
iran,GPE
yogi ernes detikbali,PER
pemimpin tertinggi iran,NOR
ali khamenei,PER
amerika serikat,GPE
israel,GPE
teheran,NOR
pemerintah iran,NOR
kota,LOC
mashhad,GPE
fars,PER
pemerintah iran,NOR
khamenei,PER
mashhad,LOC
kompleks imam reza,LOC
masshad,ORG
iran,GPE
kompleks suci imam reza makam imam,LOC
kedelapan,EVT
syiah,REG
umat,REG
syiah,REG
pemakaman upacara perpisahan,EVT
teheran,GPE
revolusi,NOR
pemerintah iran,NOR
khamenei khamenei,PER
gabungan,NOR
as,GPE
israel iran,NOR
khamenei,PER
dewan beranggotakan orang majelis pakar,NOR
dewan,NOR
kepala peradilan,NOR
dewan,NOR
badan,NOR
pemilu fars,NOR
sidang,NOR
majelis,NOR
media,ORG
iran,GPE
kota,NOR
qom selatan,NOR
teheran,GPE
asisrael,NOR
kota,NOR
iran,GPE
selengkapnya,NOR
yogi ernes detikbali,PER
pemimpin tertinggi iran,NOR
ali khamenei,PER
amerika serikat,GPE
israel,GPE
teheran,NOR
pemerintah iran,NOR
kota,LOC
mashhad,GPE
fars,PER
pemerintah iran,NOR
khamenei,PER
mashhad,LOC
kompleks imam reza,LOC
masshad,ORG
iran,GPE
kompleks suci imam reza makam imam,LOC
kedelapan,EVT
syiah,REG
umat,REG
syiah,REG
pemakaman upacara perpisahan,EVT
teheran,GPE
revolusi,NOR
pemerintah iran,NOR
khamenei khamenei,PER
gabungan,NOR
as,GPE
israel iran,NOR
khamenei,PER
dewan beranggotakan orang majelis pakar,NOR
dewan,NOR
kepala peradilan,NOR
dewan,NOR
badan,NOR
pemilu fars,NOR
sidang,NOR
majelis,NOR
media,ORG
iran,GPE
kota,NOR
qom selatan,NOR
teheran,GPE
asisrael,NOR
kota,NOR
iran,GPE
selengkapnya,NOR
iran,GPE
fars,NOR
pemerintah iran,NOR
khamenei,PER
ali khamenei,PER
makam imam reza masshad,LOC
iran,GPE
kompleks suci imam reza,LOC
syiah,REG
umat,REG
syiah,REG
upacara perpisahan,EVT
teheran,GPE
garda revolusi,NOR
pemerintah iran,NOR
khamenei khamenei,PER
gabungan,NOR
as,GPE
israel,GPE
iran,NOR
khamenei,PER
dewan beranggotakan orang majelis pakar,NOR
dewan presiden kepala peradilan ahli hukum dewan penjaga badan mengawasi legislasi,NOR
fars,NOR
pemakaman,EVT
khamenei,PER
iran,GPE
kota,GPE
suci,NOR
qom,PER
selatan teheran,NOR
asisrael,NOR
kota,GPE
iran,NOR
doa,NOR
khamenei,NOR
icc,NOR
dubes iran,NOR
gambasvideo,NOR
ali,PER
khamenei,NOR
mashhad,NOR
iran,GPE
imam,NOR
reza,PER
konflik asisrael,NOR
iran,GPE
pemimpin tertinggi iran,NOR
ayatollah ali khamenei,PER
amerika,GPE
serikat as,NOR
israel,GPE
republik islam,NOR
khamenei,PER
islam,NOR
khamenei,PER
ruhollah khomeini,PER
pemerintah iran,NOR
presiden as,NOR
donald trump,PER
iran,GPE
otoritas moral loyal republik islam,NOR
pakar,NOR
al,PER
jazeera,PER
khamenei,PER
iran,GPE
dewan,NOR
dewan,NOR
dewan,NOR
khamenei,PER
khamenei,PER
mojtaba,PER
islam,REG
ulama,REG
syiah,NOR
iran,GPE
mojtaba,PER
ulama,NOR
as,GPE
alireza,PER
arafi,PER
ketua,NOR
majelis,NOR
dewan,NOR
iran,GPE
timur,NOR
alex,PER
arafi,PER
khamenei,PER
arafi,PER
lembaga,NOR
mirbagheri,PER
majelis,NOR
akademi,NOR
islam,REG
qom,PER
ulama,NOR
hassan,PER
khomeini,PER
ayatollah,PER
ruhollah,PER
khomeini,PER
majelis,NOR
bushehri,PER
ulama,NOR
wakil,NOR
ketua,NOR
majelis,NOR
khamenei,PER
irgc,PER
pemimpin tertinggi iran,NOR
ayatollah ali khamenei,PER
israel,GPE
amerika serikat as,NOR
guru hukum internasional,ORG
universitas indonesia hikmahanto juwana,ORG
pemimpin iran,NOR
khamenei,PER
ali khameini,PER
iran,GPE
ayatollah,PER
ketua ma,NOR
wakil,PER
mullah hikmahanto,PER
hikmahanto,PER
pemimpin,NOR
iran,GPE
as,GPE
israel,GPE
khamenei,PER
ali khameini,PER
as,GPE
israel,GPE
hikmahanto,PER
hikmahanto,PER
rezim,NOR
as,GPE
venezuela,NOR
khamenei,PER
khamenei,PER
shah,PER
iran,NOR
pahlavi,PER
pemerintah,NOR
venezuela,GPE
as,GPE
isrsel,PER
iran,GPE
syah,PER
iran,GPE
reza,PER
pahlevi,PER
khamenei,PER
israel,GPE
as,GPE
as,GPE
israel,GPE
israel,GPE
nuklir,PER
uranium,PER
ketiga,ORD
proxy,PER
israel,GPE
hamas,PER
houti,ORG
khamenei,PER
israel,GPE
as,GPE
iran,GPE
khamenei,PER
khamenei,PER
presiden,NOR
as,GPE
donald,PER
trump,PER
khamenei,PER
israel,GPE
as,GPE
iran,GPE
khameini,PER
trump,PER
social,PER
iran,GPE
pemimpin,NOR
ali,PER
khamenei,PER
iran,GPE
khamenei,PER
pemimpin,NOR
iran,GPE
komandan,NOR
garda,NOR
revolusi,NOR
iran,GPE
mohammad,PER
menteri pertahanan,NOR
aziz,PER
nasirzadeh,PER
iran,GPE
asisrael,PER
iran,GPE
pemimpin tertinggi iran,NOR
ayatollah ali khamenei,PER
amerika,GPE
serikat as,NOR
israel,GPE
aljazeera,PER
ulama iran,NOR
khamenei,PER
ulama,NOR
majelis,NOR
khamenei,PER
badan ulama republik islam,NOR
khamenei,PER
ayatollah ruhollah khomeini,PER
pemerintah iran,NOR
khamenei,PER
presiden as,NOR
donald trump,PER
republik,NOR
islam,REG
majelis,NOR
ulama,REG
reformis,NOR
aljazeera,ORG
ali,PER
khamenei,PER
dewan,NOR
pemimpin,NOR
iran,GPE
dewan,NOR
presiden,NOR
kepala,NOR
dewan,NOR
iran,GPE
khamenei,PER
khamenei,PER
mojtaba,PER
khamenei,PER
korps,NOR
garda,NOR
revolusi,NOR
islam,REG
irgc,NOR
basij,PER
ulama,REG
muslim,REG
syiah,NOR
iran,GPE
mojtaba,PER
ulama,NOR
as,GPE
alireza,PER
arafi,NOR
ulama,REG
pemerintahan,NOR
khamenei,PER
wakil,NOR
ketua,NOR
majelis,NOR
dewan,NOR
parlemen,NOR
kepala,NOR
iran,GPE
alex,PER
middle,NOR
east,ORG
khamenei,PER
arafi,ORG
arafi,ORG
arab,GPE
inggris,GPE
mirbagheri,NOR
ulama,REG
majelis,NOR
ulama,REG
israel,GPE
gaza,NOR
tuhan,REG
iranwire,GPE
barat,NOR
akademi,NOR
islam,REG
qom,REG
utara,NOR
khomeini,PER
republik,NOR
islam,REG
ayatollah,ORG
ruhollah,PER
khomeini,PER
khomeini,PER
majelis,NOR
bushehri,NOR
ulama,NOR
lembagalembaga,NOR
majelis,NOR
wakil,NOR
ketua khamenei,NOR
irgc,REG
pemimpin,NOR
iran,GPE
ayatollah ali khamenei,PER
amerika serikat as,GPE
israel,GPE
teheran,GPE
iran,GPE
abc news,ORG
satelit hitam,PRD
kompleks rumah khamenei,LOC
business insider,ORG
kompleks hangus khamenei,LOC
as,GPE
israel,GPE
iran,GPE
israel,GPE
as,NOR
perwakilan pentagon,NOR
pasukan pertahanan israel,NOR
business,ORG
aljazeera,PER
khamenei,PER
pemerintah iran,NOR
pemerintah,NOR
tujuh,CRD
as,GPE
israel,GPE
iran,GPE
iran,GPE
kota teheran iran,GPE
rudal,PRD
israel,GPE
pangkalan,LOC
as,GPE
bahrain,GPE
uea,GPE
qatar,GPE
kuwait,GPE
detikproperti,ORG
pemimpin tertinggi iran,NOR
ayatollah ali khamenei,PER
amerika,GPE
serikat as israel,NOR
presiden as,NOR
donald trump,PER
iran,GPE
trump,PER
as,GPE
new york times,ORG
nyt gulf news,ORG
iran,GPE
as,GPE
israel,GPE
teheran,GPE
iran,GPE
trump,PER
iran,GPE
khamenei,PER
trump,PER
ketiga,CRD
trump,PER
trump,PER
khamenei,PER
truth,ORG
social as as,NOR
israel,GPE
iran,GPE
khamenei,PER
trump,PER
keadilan rakyat iran,NOR
amerika,GPE
dimutilasi,PER
khamenei,PER
haus,PER
presiden as,NOR
trump,PER
iran,NOR
khamenei,PER
pemimpin,NOR
asisrael,PER
teheran,NOR
khamenei,PER
iran,GPE
khamenei,PER
majelis,NOR
ulama,PER
khamenei,PER
khamenei,PER
mojtaba,PER
khamenei,PER
khamenei,PER
alireza,PER
arafi,PER
ulama,NOR
khamenei,PER
mohammad,PER
mehdi,PER
mirbagheri,PER
ulama,REG
majelis,NOR
hassan,PER
khomeini,PER
republik,NOR
islam,PER
ayatollah,PER
ruhollah,PER
khomeini,PER
hashem,PER
hosseini,PER
bushehri,PER
ulama,NOR
khamenei,PER
selengkapnya,PER
khamenei,PER
trump,PER
jaringan media social truth,ORG
as,GPE
israel,GPE
iran,GPE
iran,GPE
khamenei,GPE
teheran,GPE
ali khamenei,LOC
jaringan channel,ORG
israel,GPE
perdana menteri israel,NOR
benjamin netanyahu,PER
israel,GPE
iran,GPE
netanyahu,PER
khamenei,PER
ali khamenei,PER
teheran,GPE
netanyahu,PER
televisi,ORG
sabit merah,ORG
iran,GPE
israel,GPE
as,GPE
trump,PER
ali khamenei,PER
as,GPE
israel,GPE
teheran,GPE
konflik,GPE
timur,GPE
iran,GPE
ali khamenei,PER
amerika serikat israel,GPE
pemerintah pemimpin tertinggi iran,NOR
tasnim fars al jazeera,PER
kota,GPE
teheran,GPE
israel,GPE
khamenei,PER
perdana menteri israel,NOR
benjamin netanyahu,PER
pusat komando iran,NOR
ali khamenei,PER
teheran,GPE
netanyahu,PER
netanyahu,PER
khamenei,PER
khamenei,PER
israel,GPE
ali khamenei,PER
israel,GPE
amerika serikat,GPE
pemerintah iran,NOR
pemimpin,NOR
iran,NOR
pemimpin,NOR
iran,NOR
stasiun penyiaran negara internasional al jazeera tasnim,ORG
fars,PER
ali khamenei,PER
israel,GPE
as,GPE
iran,GPE
as,GPE
israel,GPE
iran,GPE
as,GPE
israel,GPE
khamenei,PER
teheran,GPE
ali khamenei,PER
teheran,GPE
perdana menteri israel,NOR
benjamin netanyahu,PER
televisi,NOR
tentara,NOR
israel,GPE
as,NOR
khamenei,PER
netanyahu,PER
khamenei,PER
israel,GPE
netanyahu,PER
diktator,NOR
presiden,NOR
as,GPE
donald,PER
trump,PER
khamenei,PER
israel,GPE
as,GPE
iran,GPE
khameini,NOR
trump,PER
jaringan,NOR
selengkapnya,NOR
pemimpin,NOR
iran,GPE
stasiun,ORG
penyiaran negara,NOR
internasional al jazeera,ORG
tasnim fars,PER
ali khamenei,PER
israel,GPE
as,GPE
iran,GPE
as,GPE
israel,GPE
iran,NOR
as,GPE
israel,GPE
khamenei,PER
teheran,GPE
ali khamenei,PER
teheran,GPE
perdana menteri israel,NOR
benjamin netanyahu,PER
televisi,NOR
israel,GPE
as,NOR
khamenei netanyahu,PER
khamenei,PER
israel,GPE
netanyahu,GPE
presiden as,NOR
donald trump,PER
khamenei,PER
israel,GPE
as,GPE
iran,GPE
khameini,PER
trump,PER
media,NOR
trump,PER
pemimpin,NOR
iran,NOR
ali,PER
ali,PER
iran,PER
israel,GPE
timur,NOR
donald,PER
trump,PER
netanyahu,PER
israel,GPE
amerika serikat,NOR
presiden amerika serikat,NOR
donald trump,PER
pemimpin tertinggi iran,NOR
ayatollah ali khamenei,PER
trump,PER
truth social,PRD
februari,DAT
trump,PER
iran,GPE
israel,GPE
presiden amerika serikat as,NOR
donald trump,PER
pemimpin tertinggi iran,NOR
ali khamenei,PER
khamenei,PER
as,GPE
israel,GPE
teheran,GPE
khamenei,PER
trump,PER
media social truth,ORG
as,GPE
israel,GPE
iran,GPE
iran,GPE
khamenei teheran,LOC
as,GPE
israel,GPE
ali khamenei,PER
jaringan channel,ORG
israel,GPE
perdana menteri israel,NOR
benjamin netanyahu,PER
israel,GPE
iran,GPE
netanyahu,PER
khamenei,PER
diktator,PER
ali khamenei,PER
teheran,GPE
diktator hidup,NOR
netanyahu,PER
televisi,ORG
sabit,ORG
merah,NOR
iran,GPE
israel,GPE
as,GPE
pemimpin tertinggi iran,NOR
ayatollah ali khamenei,PER
amerika,GPE
serikat as israel,NOR
garda revolusi iran,NOR
garda revolusi,NOR
khamenei,PER
angkatan bersenjata republik islam iran,NOR
pangkalan teroris,NOR
amerika,GPE
korps garda revolusi islam irgc,NOR
pemerintah iran,NOR
dunia islam,NOR
dewan keamanan nasional tertinggi snsc negara,NOR
asisrael iran,NOR
pemberontakan besarbesaran,EVT
snsc,NOR
strategi pertahanan keamanan nasional iran,NOR
snsc iran,NOR
as,GPE
israel,GPE
as,NOR
israel,GPE
udara,NOR
provinsi,GPE
iran,GPE
wina,NOR
nuklir,NOR
iran,GPE
keempat,NOR
iran,NOR
as,GPE
februari,DAT
ketiga jenewa,NOR
menteri negeri iran,NOR
abbas araghchi,NOR
oman,GPE
badr,ORG
bin,NOR
hamad,NOR
al,NOR
februari,DAT
as,GPE
israel,GPE
iran,GPE
nasional,NOR
teritorial,NOR
republik,GPE
islam,NOR
iran,GPE
iran,GPE
fasilitas pertahanan sipil,NOR
kota,GPE
iran,GPE
iran,NOR
pemimpin,NOR
ali,PER
khamenei,NOR
iran,NOR
iran,GPE
pemimpin,NOR
ayatollah ali khamenei,PER
amerika,GPE
serikat as,NOR
israel,GPE
khamenei,PER
pemimpin,NOR
iran,NOR
penyiaran,ORG
al jazeera tasnim fars,PER
ali khamenei,PER
israel,GPE
as,GPE
iran,GPE
pemerintah iran,NOR
irna fars,PER
khamenei,PER
pemerintah iran,NOR
ayatollah khamenei,PER
presiden as,NOR
donald trump,PER
perdana menteri israel,NOR
benjamin netanyahu khameini,PER
trump,PER
media social truth,ORG
ali khamenei,PER
teheran,NOR
netanyahu,ORG
pemimpin tertinggi iran,NOR
ayatollah ali khamenei,PER
israel,GPE
amerika serikat,GPE
pemimpin,NOR
iran,GPE
penyiaran,NOR
kanal,LOC
utama,ORG
iran,GPE
al jazeera tasnim fars,PER
ali khamenei,PER
teheran,GPE
amerika,GPE
serikat,NOR
israel,GPE
khamenei,PER
perdana menteri israel,NOR
benjamin netanyahu,PER
ali khamenei,PER
teheran,GPE
netanyahu,PER
iran,GPE
israel,GPE
israel,GPE
diktator,NOR
presiden,NOR
amerika,GPE
serikat,GPE
donald,PER
trump,PER
trump,PER
iran,GPE
trump,PER
yogi ernes detikbali,PER
presiden amerika serikat as,NOR
donald trump,PER
pemimpin tertinggi iran,NOR
ali khamenei trump khamenei,PER
khamenei,PER
as,GPE
israel,GPE
teheran,GPE
khamenei,PER
trump,PER
media social truth,ORG
as,GPE
israel,GPE
iran,GPE
iran,GPE
khamenei,PER
teheran,GPE
kompleks ali khamenei,LOC
jaringan channel,ORG
israel,GPE
perdana menteri israel,NOR
benjamin netanyahu,PER
iran,GPE
netanyahu,PER
tandatanda khamenei,PER
ali khamenei,PER
teheran,GPE
diktator,PER
netanyahu,NOR
iran,GPE
israel,GPE
as,GPE
iran,GPE
amerika serikat,GPE
as,GPE
israel,GPE
iran,GPE
presiden as,NOR
donald trump,PER
pemimpin tertinggi iran,NOR
ali khamenei,PER
as,GPE
israel,GPE
ibukota iran teheran,GPE
ali khamenei,PER
ali khamenei,LOC
jaringan channel israel,ORG
donald trump,PER
ali khamenei,PER
trump,PER
ali khamenei khamenei,PER
trump,PER
jaringan media social truth,ORG
perdana menteri israel,NOR
benjamin netanyahu netanyahu,PER
ali khamenei,PER
ali khamenei,PER
teheran,GPE
diktator,NOR
netanyahu,PER
pemimpin tertinggi iran,NOR
ayatollah ali khamenei,PER
amerika serikat israel,GPE
khamenei,PER
pemimpin,NOR
iran,NOR
stasiun penyiaran negara internasional,ORG
ayatollah ali khamenei,PER
iran,GPE
ayatollah,PER
ali khamenei,PER
iran,GPE
khameneiir,PER
mashhad,REG
ulama,REG
sayyed javad khamenei,PER
khamenei,PER
sekolah,REG
tradisional,ORG
maktab,REG
teologi,REG
seminari,REG
mashhad,ORG
ulama,REG
islam,REG
sekolah,REG
agama,REG
soleiman,REG
khan,PER
nawwab,REG
khamenei,REG
pidato,REG
nawwab,REG
safavi,REG
shah,REG
imam,REG
khomeini,PER
shah,REG
imam,REG
khomeini,REG
penjara,REG
polisi,NOR
savak,REG
dinasti,REG
pahlavi,REG
revolusi,REG
islam,REG
khamenei,REG
krusial,REG
dewan,NOR
revolusi,REG
islam,REG
republik,GPE
islam,REG
pemerintahan,NOR
khamenei,PER
islam,REG
alquran,REG
persatuan,NOR
partai,NOR
imam,REG
syiah,REG
as,REG
pesan,REG
amerika serikat,GPE
as,GPE
iran,GPE
pemimpin tertinggi iran,NOR
ali khamenei,PER
operasi epic fury,EVT
nbc,NOR
news,ORG
menteri pertahanan as,NOR
pete hegseth,PER
as,GPE
iran,GPE
operasi epic fury,EVT
udara,EVT
iran,GPE
iran,GPE
amerika,GPE
presiden,PER
trump,PER
hegseth,PER
as,GPE
rudalrudal ampuh,PRD
amerika,GPE
rudalrudal iran,PRD
rudal angkatan lautnya,PRD
presiden trump,PER
iran,GPE
senjata nuklir,PRD
hegseth,PER
as,GPE
iran,GPE
as,GPE
amerika serikat,GPE
amerika,GPE
iran,GPE
as,GPE
epic,ORG
februari,GPE
donald,PER
trump,PER
as,GPE
as,GPE
as,GPE
iran,GPE
as,GPE
komando,NOR
korps,NOR
islam,GPE
iran,GPE
rudal,PRD
drone,PRD
presiden,NOR
komandan,NOR
brad,ORG
as,GPE
sekutu,PRD
rudal,PRD
iran,GPE
as,GPE
as,GPE
scorpion,ORG
drone serang,PRD
as,GPE
arab,GPE
ali khamenei,PER
pemimpin tertinggi republik islam iran,NOR
april,DAT
suci,GPE
mashhad,NOR
iran,GPE
sayyed javad khamenei,PER
khamenei,PER
alquran,REG
islam,REG
dasar,ORG
agama,NOR
seminari,REG
teologi mashhad,NOR
yurisprudensi,REG
islam,REG
ulama,REG
khamenei,PER
revolusi islam,REG
iran,GPE
ayatollah,PER
ruhollah khomeini,PER
pemimpin,NOR
khamenei,PER
ulama,REG
nawwab safavi,PER
shah,PER
rezim,NOR
shah,PER
ayatollah,PER
ali,PER
khamenei,NOR
barisan,NOR
imam,NOR
khomeneipemimpin,PER
revolusi,REG
islam,REG
iranmenentang,NOR
rezim,NOR
shah,PER
antiislam,NOR
shah,PER
khamenei,PER
imam,NOR
khomeini,PER
pesan,REG
ayatollah,REG
milani,PER
ulama,REG
shah,PER
revolusi,REG
islam,REG
ayatollah,REG
ali,PER
khamenei,PER
polisisavak,NOR
teheran,GPE
ayatollah,PER
khamenei,PER
savak,PER
demonstrasi,REG
iran,GPE
khamenei,NOR
republik,NOR
islam,REG
ayatollah,PER
ruhollah,PER
khomeini,PER
pemimpin,NOR
revolusi,REG
islam,NOR
khamenei,PER
iran,GPE
pemimpin,NOR
iran,GPE
presiden,NOR
perang,REG
irak,GPE
iran,GPE
barat,NOR
pemimpin,NOR
irak,GPE
saddam,PER
hussein,PER
khamenei,PER
barat,NOR
amerika,GPE
serikat,NOR
presiden,NOR
amerika,GPE
serikat,NOR
as,GPE
donald,PER
trump,PER
pemimpin,NOR
iran,GPE
ali,PER
khamenei,PER
khamenei,NOR
as,GPE
israel,GPE
teheran khamenei,NOR
trump,PER
truth,NOR
as,GPE
israel,GPE
iran,GPE
iran,GPE
khamenei,PER
teheran,GPE
iran,GPE
khamenei,NOR
iran,GPE
ali,PER
khamenei,NOR
israel,GPE
amerika,GPE
serikat,NOR
pemimpin,NOR
iran,GPE
pemimpin,NOR
iran,GPE
syahid,NOR
stasiun,NOR
al,NOR
jazeera,PER
tasnim,PER
fars,PER
ali,PER
khamenei,NOR
israel,GPE
as,GPE
iran,GPE
fars,PER
pemerintah,NOR
iran,GPE
nasional,NOR
khamenei,PER
pemerintah,NOR
tujuh,CRD
libur,REG
nasional,NOR
artikel,REG
pemimpin tertinggi iran,NOR
ali khamenei,PER
israel,GPE
fars,PER
pemerintah iran,NOR
ali khamenei,PER
aljazeera,PER
israel,GPE
amerika serikat,GPE
teheran,GPE
khamenei fars,PER
pemimpin,NOR
iran,GPE
khameneiir,PER
ali khamenei,PER
kota,GPE
mashhad,NOR
april khamenei,PER
ulama,REG
iran,GPE
sayyed javad khamenei,PER
khameni,PER
gerakan,NOR
revolusi iran,NOR
pendiri,NOR
partai republik islam irp,NOR
khamenei,PER
shah,PER
shah,PER
ayatollah,REG
ruhollah,PER
khomeini,PER
pemimpin,NOR
revolusioner,REG
pemimpin,NOR
iran,GPE
khomeini,PER
ali,PER
khamenei,NOR
pemimpin,NOR
ali,PER
khamenei,PER
iran,GPE
ali,PER
khamenei,PER
ali,PER
khamenei,NOR
maktab,REG
sekolah,NOR
alfabet,PER
alquran,REG
sekolah,NOR
islam,REG
seminari,REG
teologi,REG
mashhad,PER
sekolah,NOR
agama,REG
soleiman,REG
khan,PER
nawwab,REG
ali,PER
khamenei,PER
logika,PER
filsafat,REG
yurisprudensi,REG
islam,REG
ulama,REG
ali,PER
khamenei,PER
islam,REG
alquran,REG
persatuan,NOR
partai,NOR
imam,REG
syiah,REG
as,GPE
pesan,REG
as,GPE
israel,GPE
iran,GPE
kota,GPE
iran,GPE
khamenei,PER
teheran,NOR
bom,REG
iran,GPE
khamenei,NOR
rudal,PER
israel,GPE
sd,REG
kota,GPE
minab,PER
provinsi,NOR
hormozgan,PER
iran,GPE
selatan,NOR
israel,GPE
sekolah,NOR
minab,PER
kota,GPE
provinsi,NOR
hormozgan,PER
iran,GPE
selatan,NOR
aljazeera,PER
perdana menteri israel,NOR
benjamin netanyahu,PER
iran,GPE
netanyahu,NOR
pemimpin tertinggi iran,NOR
ali khamenei,PER
netanyahu,PER
iran,GPE
ali khamenei,PER
teheran,GPE
netanyahu,PER
tentara,NOR
israel,GPE
amerika serikat,GPE
khamenei,PER
netanyahu,PER
pemimpin iran,NOR
israel,GPE
netanyahu,PER
televisi,NOR
israel,GPE
khamenei,PER
teheran,GPE
israel,GPE
iran,GPE
iran,GPE
abbas,PER
araghchi,PER
nbc,NOR
news,ORG
iran,GPE
pemimpin,NOR
rezim,NOR
abbas,PER
ali,PER
iran,GPE
dpp pkb,NOR
pemimpin tertinggi iran,NOR
ali khamenei,PER
teheran,GPE
israel,GPE
amerika serikat,GPE
iran,GPE
ketua deplu kerjasama internasional dpp pkb,NOR
luluk nur hamidah,PER
dpp pkb,NOR
jakarta,GPE
israel,GPE
amerika serikat,GPE
iran,GPE
iran,GPE
palestina,GPE
dpp pkb,NOR
dpp,NOR
pkb,NOR
perserikatan bangsabangsa,NOR
israel,GPE
amerika,GPE
timur,NOR
iran,GPE
as,GPE
israel,GPE
korps,NOR
garda,NOR
revolusi,NOR
rudal,PRD
drone,ORG
iran,GPE
iran,GPE
iran,GPE
provinsi,GPE
iran,GPE
komando,NOR
as,GPE
sekolah,ORG
iran,GPE
selatan,NOR
iran,GPE
angkatan,NOR
israel,GPE
israel,GPE
idf,ORG
rudal,PRD
iran,GPE
pangkalan,NOR
irgc,GPE
idf,NOR
iran,GPE
barat,NOR
idf,NOR
rudal,PRD
iran,GPE
as,GPE
israel,GPE
iran,GPE
pemimpin,NOR
iran,GPE
iran,GPE
ali,NOR
dekdek,NOR
pkb,NOR
ali,PER
israel,GPE
amerika,GPE
serikat,GPE
iran,GPE
pemimpin tertinggi iran,NOR
ayatollah ali khamenei,PER
pemerintah iran,NOR
amerika,GPE
serikat,NOR
israel,GPE
republik islam iran,NOR
presiden as,NOR
donald trump,PER
iran,GPE
khamenei,PER
trump,PER
indonesia,GPE
al jazeera,ORG
pemerintah,NOR
iran,GPE
timur,EVT
ayatollah,PER
ali khamenei,PER
detikers,ORG
ayatollah ali khamenei,PER
ayatollah ruhollah,PER
khomeini,PER
khomeini,PER
revolusi,EVT
iran,GPE
the,ORG
khamenei,PER
iran,GPE
lebanon,GPE
hamas,GPE
gaza,ORG
houthi,ORG
yaman,GPE
arab,GPE
saudi,GPE
israel,GPE
korps,ORG
garda,NOR
revolusi,EVT
islam,REG
irgc,PER
amerika,GPE
serikat,NOR
iran,GPE
york,EVT
khamenei,PER
barat,NOR
as,GPE
women,ORG
freedom,PER
januari,ORG
al,GPE
jazeera,PER
provinsi,ORG
sekolahsekolah,ORG
khamenei,PER
khamenei,PER
menteri,NOR
israel,GPE
komandan,NOR
garda,ORG
revolusi,EVT
donald,PER
trump,PER
khamenei,PER
duta,NOR
iran,GPE
pbb,NOR
amir,NOR
saeid,NOR
iravani,PER
as,GPE
israel,GPE
iran,GPE
khamenei,PER
iran,GPE
pemerintahan,NOR
barbara,PER
al,ORG
jazeera,ORG
iran,GPE
dewan,NOR
pemerintahan,NOR
ayatollah,PER
khomeini,PER
histeris,ORG
the,ORG
conversation,ORG
iran,GPE
ayatollah,ORG
iran,GPE
khamenei,PER
donald,PER
trump,PER
pemimpin,NOR
timur,NOR
syiah,NOR
ayat,ORG
yogi ernes detikbali,PER
pemimpin tertinggi iran,NOR
ayatollah ali khamenei,PER
tentara,NOR
israel,GPE
amerika serikat as teheran,NOR
khamenei,PER
israel,GPE
as,GPE
iran,GPE
kemartiran,NOR
iran,GPE
fars,ORG
media,ORG
iran,GPE
khamenei,PER
pemerintah iran,NOR
khamenei,PER
pemerintah,NOR
tujuh,CRD
pemimpin,NOR
iran,GPE
penyiaran,NOR
khamenei,PER
gabungan,NOR
as,GPE
israel iran iran,NOR
rudal,PRD
israel,GPE
negaranegara,GPE
arab,GPE
as,GPE
qatar,GPE
uea,NOR
bahrain,GPE
as,GPE
israel,GPE
teheran,NOR
israel,GPE
as,GPE
netanyahu,ORG
khamenei,NOR
diktator,NOR
diktator,NOR
israel,GPE
netanyahu,ORG
diktator,NOR
presiden,NOR
as,GPE
donald,PER
trump,PER
trump,PER
khamenei,PER
israel,GPE
as,GPE
iran,GPE
khameini,PER
trump,PER
social,ORG
truth,ORG
selengkapnya,ORG
haris fadhil detikbali,PER
pemimpin tertinggi iran,NOR
ayatollah ali khamenei,PER
khamenei,NOR
iran,GPE
israel,GPE
khamenei,PER
televisi,NOR
pemerintah,NOR
iran,GPE
khamenei,GPE
udara,EVT
israel,GPE
komandan iran,NOR
nuklir,NOR
iran,GPE
pemerintah,NOR
ashura scroll,EVT
continue,EVT
doa,REG
khamenei,PER
khamenei,PER
juni khamenei,PER
iran,GPE
presiden amerika serikat as,NOR
donald trump khamenei,PER
iran,GPE
israel,GPE
presiden iran,NOR
masoud pezeshkian,PER
perang,EVT
israel,GPE
juni,DAT
iran,GPE
iran,GPE
irna,EVT
bangsa,EVT
senjata,EVT
provokasi,EVT
israel,GPE
iran,GPE
berunding,EVT
as,GPE
perang,EVT
israel,GPE
iran,GPE
tenaga atom damai,EVT
hak,REG
sah artikel,EVT
selengkapnya,EVT
surah assaff,REG
iran,GPE
israel,GPE
pemimpin tertinggi iran,NOR
ayatollah ali khamenei,PER
iran,GPE
izin,EVT
allah swt,REG
juni,PER
ali khamenei,PER
allah,REG
republik islam,REG
zionis,REG
allah,REG
ayatollah khamenei,REG
islam,REG
surah assaff ayat,REG
allah swt,REG
muslim,REG
allah,REG
janji,EVT
allah,REG
surah assaff,REG
واخرى تحبونها نصر,REG
الله,REG
وفتح,REG
قريب,REG
المومنين arab latin,REG
wa ukhra,REG
tuhibbunaha,REG
nasrum minallahi,REG
wa,REG
fathun,REG
qaribun,REG
wa,REG
basysyirilmuminina,REG
pertolongan allah,REG
mukmin,REG
tafsir,REG
tahlili,REG
quran,REG
kemenag,REG
surah,REG
assaff,REG
ayat,REG
janji,REG
allah rasulullah saw,REG
kaum muslimin,REG
perluasan,REG
wilayah tegaknya,REG
islam timur barat,REG
agama islam,REG
ayat,REG
alquran,REG
islam keyakinan,REG
janji allah,REG
kaum muslimin allah,REG
ayat,REG
arab,REG
akhirat,REG
buku,REG
asbabun,REG
nuzul,REG
suhaimi harahap,REG
asbabun,REG
nuzul,REG
surah assaff ayat,REG
ikrimah,REG
ra,REG
ra,REG
ayat,REG
abdullah bin umar,REG
ra zaid,REG
haritsah,REG
ra,REG
abdullah bin,REG
umar,REG
ra,REG
zaid,REG
haritsah,REG
ra,REG
pertolongan yahudi,REG
pertolongan,REG
ayat,REG
petunjuk,REG
pengingat,REG
kaum muslimin,REG
sandaran pertolongan,REG
presiden amerika serikat,NOR
donald trump,PER
israel,GPE
pemimpin tertinggi iran,NOR
ayatollah ali khamenei trump,PER
as,GPE
iran,GPE
perdana menteri israel,NOR
benjamin netanyahu,PER
iran,GPE
iran,GPE
israel,GPE
netanyahu,PER
iran,GPE
pemimpin,NOR
iran,GPE
iran,GPE
iran,GPE
ayatollah ali khamenei,PER
pemimpin,NOR
negara revolusi islam,NOR
iran,GPE
khamenei,PER
khamenei,PER
kepala negara panglima tertinggi militer,NOR
garda revolusi,NOR
iran,GPE
irgc,PER
ayatollah,PER
khamenei,PER
salat,REG
masjid,REG
imam,REG
khomeini,PER
musalla,PER
teheran,GPE
oktober,REG
anadolugetty,PER
khamenei,PER
mashhad,PER
kota,GPE
iran,GPE
delapan,CRD
ulama,REG
syiah,REG
alquran,REG
ulama,REG
pemimpin,NOR
agama,REG
orator,PER
khamenei,PER
shah,PER
iran,GPE
raja,NOR
revolusi,REG
islam,REG
enam,CRD
polisi,NOR
shah,PER
negeri,GPE
revolusi,REG
islam,REG
ayatollah,PER
ruhollah,PER
khomeini,PER
pemimpin,NOR
salat,REG
teheran,GPE
khamenei,PER
presiden,NOR
delapan,CRD
pemuka,NOR
agama,REG
ayatollah,REG
khomeini,PER
ali,PER
khamenei,PER
negeri,NOR
kota,GPE
teheran,NOR
puisi,REG
merokok,REG
agama,REG
iran,GPE
an,REG
khamenei,PER
khojasteh,PER
baqerzadeh,PER
enam,CRD
putri,REG
khamenei,PER
keempat,ORD
mojtaba,PER
mojtaba,PER
sma,REG
teheran,GPE
sekolah,NOR
republik,GPE
islam,REG
gholamali,REG
haddadadel,PER
ulama,REG
qom,PER
nurphotogetty,PER
khamenei,PER
ali,PER
khamenei,PER
iran,GPE
mojtaba,PER
agama,REG
qomlembaga,PER
syiah,REG
iran,GPE
mojtaba,PER
mojtaba,PER
pemilihan,EVT
presiden,NOR
mehdi,PER
karroubi,REG
mahmoud,REG
ahmadinejad,PER
ayatollah,PER
khamenei,PER
an,NOR
mojtaba,PER
republik,GPE
islam,REG
iran,GPE
anekdot,REG
khamenei,PER
ali,PER
khamenei,PER
pemimpin iran,NOR
ayatollah ali khamenei,PER
revolusi,EVT
islam,REG
iran,EVT
imam khomeini,PER
revolusi iran,NOR
shah,PER
republik islam,NOR
ayatollah ayatullah,PER
syiah,NOR
ali khamenei,PER
pemimpin,NOR
iran,GPE
imam khomeini,PER
britannica,ORG
ayatollah,PER
ali khomenei rahbar,PER
pemimpin,NOR
iran,GPE
imam khomeini,PER
ayatollah,PER
ali khamenei,PER
revolusi,NOR
iran,GPE
iran,GPE
kali,PER
ali khamenei,PER
partai republik islam irp,NOR
presiden,NOR
iran,GPE
mohammad,PER
ali,PER
rajai,NOR
sekretaris,NOR
irp,PER
ali,PER
khamenei,PER
sekretaris,NOR
irp,NOR
presiden,NOR
irp,PER
pemimpin,NOR
iran,GPE
imam,NOR
khomeini,PER
dewan,NOR
khameneiir,PER
dewan,NOR
dewan revolusi islam,NOR
dewan,NOR
ali,PER
khamenei,PER
imam,NOR
khomeini,PER
ali,PER
khamenei,PER
ulama,NOR
ayatollah,PER
ali,PER
khamenei,NOR
iran,GPE
nuklir,NOR
iran,GPE
israel,GPE
nuklir,NOR
iran,GPE
iran,GPE
nuklirnya teheran,NOR
iran,GPE
as,GPE
iran,GPE
iran,GPE
shah,PER
barat,NOR
iran,GPE
nuklirnya,NOR
an,PER
as,NOR
as,GPE
shah,PER
revolusi islam,NOR
barat,NOR
iran,GPE
republik,GPE
islam,REG
iran,GPE
uranium,PRD
iran,GPE
nuklir,NOR
iran,GPE
rouhani,PER
ayatollah,NOR
ali,PER
khamenei,NOR
iran,GPE
ayatollah,PER
ali,PER
khamenei,PER
the,ORG
juni,PER
iran,GPE
uranium,PRD
iran,GPE
netanyahu,NOR
presiden as,NOR
donald trump,PER
israel,GPE
iranisrael,GPE
netanyahu,PER
iran,GPE
israel,GPE
iran,GPE
israel,GPE
israel,GPE
teheran,GPE
pemimpin tertinggi iran,NOR
ayatollah ali khamenei,PER
israel,GPE
teheran,GPE
drone rudal,PRD
israel,GPE
angkatan udara israel,NOR
iran,GPE
iran,GPE
mediator,NOR
qatar,GPE
oman,GPE
israel,GPE
iran,GPE
simak,NOR
rudal,PRD
israel,GPE
israel,GPE
iran,GPE
iran,GPE
israel,GPE
benjamin,PER
netanyahu,NOR
iran,GPE
israel,GPE
pemimpin tertinggi iran,NOR
ayatollah ali khamenei,PER
republik islam,REG
allah swt,REG
ayatollah,REG
ali khamenei,PER
ali khamenei,PER
alquran,REG
surah as saff,REG
pertolongan allah,REG
qs republik islam,REG
zionis,REG
allah,REG
ali khamenei,PER
allah,REG
imminent,REG
conquest holy,EVT
quran,REG
the,ORG
islamic,EVT
republic,ORG
the zionist regime,EVT
will,ORG
of god,WOA
pictwittercomsuzvapavg,EVT
detikhikmah,ORG
ali,PER
khamenei,REG
israel,REG
iran,GPE
komandan,NOR
ali,PER
khamenei,REG
ayatollah,REG
ali,PER
khamenei,PER
yaman,GPE
ali,PER
khamenei,PER
syuhada,REG
rezim,REG
zionismerujuk israeltelah,REG
tuhan,REG
rezim,REG
bangsa,REG
iran,GPE
martirnya,REG
ali,PER
khamenei,REG
khameneiir,REG
revolusi,REG
islam,REG
angkatan,ORG
iran,GPE
insyaallah,REG
imam,REG
khomeini,PER
rezim,NOR
zionis,REG
angkatan,ORG
bersenjata,REG
iran,GPE
ali,PER
khamenei,PER
iran,REG
angkatan,ORG
republik,GPE
islam,REG
rezim,REG
zionis,REG
allah,REG
ali,PER
khamenei,PER
salam,REG
ali,PER
khamenei,PER
alquran,REG
surah,REG
ayat,REG
surah as,REG
saff,REG
واخرى,REG
تحبونها,REG
نصر,REG
من,REG
الله,REG
وفتح,REG
قريب,REG
وبشر,REG
المومنين,REG
allah,REG
mukmin,REG
tafsir,REG
alquran,REG
kementerian,NOR
agama ri,REG
ayat,REG
mukjizat,REG
allah swt,REG
rasulullah saw,REG
muslimin,REG
muslim,REG
negeri,REG
kaum muslimin,REG
iman,REG
tafsir,REG
simak,REG
dubes iran,REG
israel,GPE
bela,REG
gambasvideo,REG
iran,GPE
israel,GPE
pemimpin tertinggi iran,NOR
ayatollah ali khamenei,PER
republik islam,REG
allah swt,REG
ayatollah,REG
ali khamenei,PER
ali khamenei,PER
alquran,REG
surah as saff,REG
pertolongan allah,REG
qs republik islam,REG
zionis,REG
allah,REG
ali khamenei,PER
allah,REG
imminent,REG
conquest holy,EVT
quran,REG
the,ORG
islamic,EVT
republic,ORG
the zionist regime,EVT
will,ORG
of god,WOA
pictwittercomsuzvapavg,EVT
detikhikmah,ORG
ali,PER
khamenei,REG
israel,REG
iran,GPE
komandan,NOR
ali,PER
khamenei,REG
ayatollah,REG
ali,PER
khamenei,PER
yaman,GPE
ali,PER
khamenei,PER
syuhada,REG
rezim,REG
zionismerujuk israeltelah,REG
tuhan,REG
rezim,REG
bangsa,REG
iran,GPE
martirnya,REG
ali,PER
khamenei,REG
khameneiir,REG
revolusi,REG
islam,REG
angkatan,ORG
iran,GPE
insyaallah,REG
imam,REG
khomeini,PER
rezim,NOR
zionis,REG
angkatan,ORG
bersenjata,REG
iran,GPE
ali,PER
khamenei,PER
iran,REG
angkatan,ORG
republik,GPE
islam,REG
rezim,REG
zionis,REG
allah,REG
ali,PER
khamenei,PER
salam,REG
ali,PER
khamenei,PER
alquran,REG
surah,REG
ayat,REG
surah as,REG
saff,REG
واخرى,REG
تحبونها,REG
نصر,REG
من,REG
الله,REG
وفتح,REG
قريب,REG
وبشر,REG
المومنين,REG
allah,REG
mukmin,REG
tafsir,REG
alquran,REG
kementerian,NOR
agama ri,REG
ayat,REG
mukjizat,REG
allah swt,REG
rasulullah saw,REG
muslimin,REG
muslim,REG
negeri,REG
kaum muslimin,REG
iman,REG
tafsir,REG
simak,REG
dubes iran,REG
israel,GPE
bela,REG
gambasvideo,REG
farih maulana,PER
detikbali,PER
israel,GPE
pemimpin tertinggi iran,NOR
ayatollah ali khamenei,PER
presiden amerika serikat as,NOR
donald trump,PER
israel,GPE
israel,GPE
pemimpin,NOR
iran,NOR
presiden,PER
trump,PER
israel,GPE
as,GPE
perdana menteri pm israel,NOR
benjamin netanyahu,PER
trump,PER
israel,GPE
khamenei,PER
netanyahu,PER
fox news,ORG
amerika serikat amerika serikat,GPE
israel,GPE
iran,GPE
yerusalem,GPE
teheran,GPE
israeliran,GPE
israel,GPE
pangkalan,NOR
iran,GPE
iran,GPE
israel,GPE
iran,GPE
iran,GPE
israel,GPE
presiden amerika serikat as,NOR
donald trump,PER
israel,GPE
pemimpin tertinggi iran,NOR
ayatollah ali khamenei,PER
as,GPE
israel,GPE
pemimpin tertinggi iran,NOR
presiden,PER
trump,PER
israel,GPE
as,GPE
perdana menteri pm israel,NOR
benjamin netanyahu,PER
trump,PER
israel,GPE
khamenei,PER
netanyahu,PER
fox news,ORG
amerika serikat amerika serikat,GPE
israel,GPE
iran,GPE
teheran,GPE
israeliran,GPE
israel,GPE
iran,GPE
iran,GPE
israel,GPE
iran,GPE
iran,GPE
israel,GPE
pemimpin tertinggi iran,NOR
ayatollah ali khamenei,PER
israel,GPE
iran,GPE
israel,GPE
israel,GPE
ap,NOR
presiden amerika serikat,NOR
donald trump,PER
ayatollah ali khamenei,PER
israel,GPE
trump,PER
khamenei,PER
gedung,NOR
israel,GPE
trump,PER
israel,GPE
ap,PER
as,GPE
ayatollah,PER
ali khamenei,PER
iran,GPE
ayatollah ali khamenei,PER
iran,GPE
khameneiir,PER
ali khamenei,PER
kota suci mashhad,GPE
april,PER
sayyed javad khamenei,PER
ulama,REG
ali,PER
khamenei,PER
maktab,REG
sekolah,NOR
alfabet,PER
alquran,REG
sekolah,REG
islam,REG
seminari,REG
teologi,REG
mashhad,REG
sekolah,REG
agama,REG
soleiman,PER
khan,PER
nawwab,REG
ali,PER
khamenei,PER
logika,REG
filsafat,REG
yurisprudensi,REG
islam,REG
ulama,REG
islam,REG
ayatollah,REG
ali,PER
khamenei,REG
pidato,REG
ulama,REG
nawwab,REG
safavi,REG
shah,REG
antiislam,REG
shah,PER
ayatollah,REG
ali,PER
khamenei,PER
imam,REG
khomeneipemimpin,PER
revolusi,REG
islam,REG
iranmenentang,GPE
shah,PER
proamerika,REG
shah,PER
ali,PER
khamenei,REG
imam,REG
khomeini,REG
pesan,REG
ayatollah,REG
milani,PER
ulama,REG
rezim,NOR
shah,REG
revolusi,REG
islam,REG
ayatollah,REG
ali,PER
khamenei,PER
polisisavak,NOR
teheran,GPE
ceramah,REG
ayatollah,REG
ali,PER
khamenei,PER
savak,REG
iran,GPE
ayatollah,REG
ali,PER
khamenei,PER
rezim,REG
tirani,REG
pahlavi,REG
republik,GPE
islam,REG
iran,GPE
revolusi,REG
islam,REG
februari,PER
imam,REG
khomeini,PER
iran,GPE
ayatollah,REG
ali,PER
khamenei,PER
dewan,NOR
revolusi,REG
islam,REG
ayatollah,REG
ali,PER
khamenei,REG
republik,GPE
islam,REG
iran,GPE
pemimpin,NOR
iran,GPE
republik,GPE
islam,REG
ayatollah,REG
ali,PER
khamenei,REG
islam,REG
alquran,REG
persatuan,REG
partai,NOR
imam,REG
syiah,REG
as,GPE
iran,GPE
timur,NOR
maret,DAT
februari,DAT
amerika serikat,GPE
israel,GPE
teheran,GPE
teheran,GPE
jet tempur siluman,PRD
rudal jelajah,PRD
operasi sandi epic fury pentagon,EVT
pertahanan,NOR
israel,GPE
idf,ORG
amerika,GPE
serikat,PRD
israel,GPE
panduan perang,PRD
irak,GPE
amerika,GPE
israel,GPE
venezuela,GPE
iran,GPE
matahari,EVT
iran,GPE
kota,GPE
shahed,ORG
iran,GPE
iran,GPE
rudal,PRD
uranium,PRD
rudal balistik,PRD
pemimpin,NOR
teheran,GPE
airbus,ORG
operasi,EVT
timur,EVT
teheran,GPE
pemimpin,NOR
presiden,NOR
donald,PER
trump,PRD
israel,GPE
pemerintah,NOR
iran,GPE
iran,GPE
iran,GPE
mojtaba khamenei,PER
pemimpin,NOR
iran,GPE
ayatollah ali khamenei,PER
mojtaba khamenei,PER
ayatollah,PER
ali khamenei,PER
pemimpin,NOR
iran,GPE
amerika,GPE
serikat,NOR
israel,GPE
pemimpin ketiga republik islam iran,NOR
ulama,EVT
iran,GPE
mojtaba,PER
khamenei,PER
majelis ahli iran lembaga,NOR
ulama,NOR
pemimpin,NOR
ayatollah,PER
ali khamenei,PER
pemimpin,NOR
iran,GPE
asisrael,PER
mojtaba,PER
ayatollah ali khamenei,PER
iran,GPE
mojtaba,NOR
pemimpin,NOR
ketiga,ORD
iran,GPE
revolusi,NOR
islam,REG
mojtaba,NOR
khamenei,PER
pemimpin,NOR
iran,GPE
ayatollah,PER
ali,PER
khamenei,PER
bbc,NOR
mojtaba,PER
khamenei,PER
mojtaba,NOR
khamenei,PER
september,NOR
mashhad,PER
timur,NOR
iran,GPE
enam,CRD
ali,PER
khamenei,PER
zahra,PER
haddadadel,NOR
gholamali,PER
haddadadel,PER
ketua,NOR
parlemen,NOR
iran,GPE
lembaga,NOR
zahra,PER
amerika,GPE
serikat,NOR
israel,GPE
khamenei,PER
teheran,GPE
mojtaba,NOR
mojtaba,PER
sekolah,NOR
teheran,GPE
agama,REG
iran,GPE
mojtaba,NOR
dinas,NOR
iranirak,GPE
delapan,CRD
iran,GPE
amerika,GPE
serikat,NOR
barat,NOR
irak,GPE
mojtaba,NOR
qom,PER
syiah,REG
ulama,REG
seminari,NOR
mojtaba,NOR
ulama,REG
pemimpin,NOR
iran,GPE
iran,GPE
mojtaba,NOR
ayatollah,PER
pemimpin,NOR
seminari,NOR
syiah,REG
ayatollah,PER
pemimpin,NOR
ali,PER
khamenei,PER
ayatollah,PER
pemimpin,NOR
iran,GPE
mojtaba,NOR
khamenei,PER
iran,GPE
iran,GPE
pemilihan,EVT
presiden,NOR
mojtaba,NOR
pemerintah,NOR
iran,GPE
unjuk,NOR
iran,GPE
mojtaba,NOR
iranirak,GPE
presiden,NOR
barat,NOR
korps,NOR
garda,NOR
revolusi,REG
islam,REG
irgc,PER
pemimpin tertinggi iran,NOR
ali khamenei,PER
amerika serikat israel,GPE
presiden republik indonesia ketua pdi perjuangan,NOR
pemerintah,NOR
iran,NOR
dewan pimpinan pusat pdi perjuangan kedutaan iran jakarta,NOR
politik,PRD
keadilan,EVT
megawati,PER
iran,GPE
khamenei,PER
indonesia,GPE
megawati,PER
indonesia,GPE
iran,GPE
sukarno,PER
trump,PER
iran,NOR
khamenei,PER
sukarno,PER
pancasila,WOA
bandung,GPE
konferensi,EVT
asiaafrika,GPE
megawati,PER
indonesia,GPE
indonesia,GPE
megawati,PER
februari,EVT
presiden,NOR
republik,GPE
indonesia,GPE
megawati,PER
teheran,GPE
konferensi,EVT
iran,GPE
megawati,PER
islam,REG
wakil presiden,NOR
gibran,PER
rakabuming raka,PER
pemimpin tertinggi iran,NOR
ayatollah ali khamenei,PER
amerika serikat,GPE
israel,GPE
februari,DAT
indonesia,GPE
cek fakta foto,ORG
artificial intelligence,PRD
ayatollah,PER
ali khamenei,PER
faceboook,ORG
gibran,PER
ali khamenei,PER
militer iran,NOR
wakil presiden,NOR
pimpinan iran,NOR
ali khamenei,PER
militer iran,NOR
indonesia,GPE
gibran,PER
gibran,PER
ayatollah ali khamenei,PER
gibran,PER
iran,GPE
presiden,NOR
gibran,PER
ali,PER
khamenei,PER
hive,PER
moderation,PER
hive,PER
moderation,PER
ai,PER
gibran,PER
khamenei,PER
ai,PER
gibran,PER
ayatollah,PER
ali,PER
khamenei,PER
ai,PER
gibran,PER
ali,PER
khamenei,PER
pemimpin tertinggi iran,NOR
ayatollah ali khamenei,PER
ayatollah khamenei,PER
israelas,GPE
iran,GPE
as,GPE
israel,GPE
ali khamenei,PER
ali khamenei,PER
facebook,PRD
sayid ayatulloh,PER
ali khamenei,PER
firdaus,EVT
artificial,PRD
intelligence ai sight engine,ORG
ai,PER
the hive,ORG
khamenei,PER
ai,PER
iran,GPE
beite,ORG
rahbari,PER
pemimpin,NOR
iran,GPE
associated,ORG
khamenei,PER
khamenei,PER
pemerintah,NOR
iran,GPE
pemimpin,NOR
iran,GPE
ayatollah,PER
ali,PER
khamenei,PER
manipulatif,ORG
ai,PER
israelas,GPE
pemimpin,NOR
khamenei,PER
pemerintah,NOR
iran,GPE
maret,DAT
america,GPE
donald trump,PER
amerika,GPE
israel,GPE
iran,GPE
amerika,GPE
maine,GPE
california,GPE
operation epic fury,EVT
iran,GPE
ali khamenei,PER
bensin,PRD
amerika,GPE
washington,GPE
bensin,PRD
dollar as,MON
maret,DAT
dollar as,MON
januari,DAT
amerika,GPE
persen,PRC
trump,PER
amerika,GPE
trump,PER
hormuz,PRD
california,GPE
dollar,MON
as,GPE
dollar,MON
as,GPE
washington,GPE
hawaii,GPE
dollar,MON
as,GPE
dollar,MON
as,GPE
heartland,PRD
oklahoma,GPE
kansas,GPE
dollar,MON
as,GPE
dollar,MON
as,GPE
iran,GPE
minyak,PRD
amerika,GPE
minyak,PRD
amerika,GPE
iran,GPE
phillips,ORG
bensin,PRD
minyak,PRD
helium,PRD
qatar,GPE
pupuk,PRD
amerika,GPE
amerika,GPE
jakarta,GPE
presiden ri,NOR
prabowo subianto,PER
pemimpin tertinggi iran,NOR
ayatollah ali khamenei,PER
menteri negeri menlu,NOR
sugiono,PER
duta republik islam,NOR
mohammad boroujerdi,PER
sugiono,PER
masoud pezeshkian,PER
pemimpin,NOR
iran,NOR
sugiono,PER
dubes iran,NOR
prabowo,PER
as,GPE
dubes boroujerdi,NOR
sugiono,PER
sugiono sugiono,PER
hukum,LAW
piagam persatuan bangsabangsa pbb,LAW
hukum internasional piagam pbb,LAW
sugiono,PER
iran,GPE
sugiono,PER
ya,PER
ali,PER
khamenei,PER
asisrael,PER
khamenei,PER
airbus,PER
khamenei,PER
iran,GPE
nasional,NOR
khamenei,PER
timur,NOR
iran,GPE
iran,GPE
pemimpin,NOR
ayatollah,REG
ali,PER
umat islam,NOR
pemimpin,NOR
masjid,REG
khomenei,PER
teheran,NOR
dewan,NOR
islam,NOR
irna,PER
teheran,GPE
pemimpin tertinggi iran,NOR
ayatollah ali khamenei,PER
iran,GPE
amerika serikat as,GPE
pemerintah,NOR
komandan angkatan darat,NOR
trumpnetanyahu,PER
iran as,GPE
trump,PER
perdamaian nuklir,EVT
iran,GPE
trump,PER
teheran,GPE
senjata,PRD
januari,DAT
iran,GPE
senjata nuklir,PRD
iran,GPE
trump,PER
palestina,GPE
iran,GPE
senjata atom,PRD
washington,GPE
minyak mentah iran,PRD
china,GPE
teheran,GPE
pemerintah,NOR
pemerintah,NOR
as,GPE
amerika,GPE
ali,PER
iran,GPE
as,GPE
iran,GPE
ayatollah seyed mojtaba khamenei,PER
pemimpin tertinggi iran,NOR
ayatollah seyed ali khamenei,PER
amerika,GPE
serikatisrael,NOR
februari,DAT
tasmin,PER
mojtaba,NOR
majelis ahli iran,NOR
pemilihan,EVT
ali khamenei,PER
iran,GPE
mojtaba khamenei,PER
pemimpin,NOR
iran,GPE
majelis ahli,NOR
ali khamenei,PER
asisrael,NOR
iran,GPE
ali khamenei,PER
pemilihan tinjauan ayatollah,EVT
pemimpin,NOR
ketiga,ORD
revolusi islam,NOR
ali,PER
khamenei,NOR
majelis,NOR
majelis,NOR
badan keagamaan,NOR
pemimpin,NOR
majelis,NOR
delapan,CRD
pemimpin revolusi,NOR
islam,REG
mojtaba khamenei,NOR
majelis,NOR
iran,GPE
persatuan,NOR
mojtaba khamenei,NOR
pemimpin,NOR
iran,GPE
mojtaba khamenei,NOR
al jazeera,NOR
pemimpin,NOR
revolusi,NOR
ketiga,ORD
iran,GPE
pemilihan,EVT
pemungutan,NOR
mojtaba,PER
khamenei,PER
pemimpin,NOR
mojtaba khamenei,PER
ayatollah ali khamenei,PER
pemimpin tertinggi iran,NOR
asisrael,EVT
perang asisrael,EVT
khamenei khamenei,PER
iran,GPE
mojtaba khamenei,PER
iran,GPE
khamenei,PER
republik islam,NOR
mojtaba khamenei,PER
ali khamenei,PER
iran,GPE
bbc,ORG
september,REG
kota,GPE
timur,NOR
iran,GPE
mojtaba,PER
enam,CRD
sekolah,NOR
teheran,GPE
mojtaba,PER
iranirak,GPE
mojtaba,PER
qom,PER
teologi,REG
syiah,REG
keagamaan,REG
seminari,ORG
mojtaba,PER
pemimpin,NOR
iran,GPE
iran,GPE
mojtaba,PER
ayatollah,REG
ulama,REG
pemimpin tertinggi iran,NOR
ayatollah ali khamenei,PER
ali khamenei,PER
cek fakta,ORG
facebook,PRD
ali khamenei,PER
iran,GPE
daru tanah,NOR
arab,GPE
ali khamenei,PER
imam khamenei,PER
cek fakta,ORG
ali khamenei,PER
israel,GPE
amerika,GPE
februari,DAT
ap news media pemerintah iran,NOR
ali khemenei,PER
pemimpin,NOR
iran,GPE
satelit airbus,PRD
aljazeera,PER
iran,GPE
ali,PER
khamenei,PER
presiden,NOR
iran,GPE
israel,GPE
amerika,GPE
tujuh,CRD
nasional,NOR
teheran,GPE
kota,GPE
khamenei,PER
khamenei,PER
shiraz,NOR
yasuj,PER
lorestan,PER
narasi,PER
ayatollah,PER
ali,PER
pemimpin,NOR
iran,GPE
israel,GPE
amerika,GPE
serikat,NOR
februari,PER
iran,GPE
teheran,GPE
pemimpin tertinggi republik islam iran,NOR
ayatollah ali khamenei,PER
pemimpin de facto myanmar,NOR
aung san suu kyi,PER
krisis khamenei,EVT
teheran,GPE
times,ORG
suu kyi,PER
rohingya khamenei,PER
islam,REG
rakhine,GPE
umat buddha umat muslim banglades myanmar,NOR
rohingya,GPE
khamenei,PER
sekretaris jenderal perserikatan bangsabangsa pbb,NOR
antonio guterres khamenei,PER
pbb,NOR
ham,NOR
pemimpin,NOR
islam,NOR
oki,NOR
konferensi,NOR
rohingya,NOR
indonesia,GPE
rohingya banglades,NOR
teheran,GPE
pemimpin tertinggi iran,NOR
mojtaba khamenei,PER
ali larijani,PER
mojtaba,NOR
larijani,PER
amerika,GPE
serikat,NOR
israel,GPE
larijani,PER
morteza,PER
iran,GPE
qatar,GPE
larijani,PER
iran,GPE
islam,REG
mojtaba,NOR
menteri,NOR
intelijen,NOR
iran,GPE
khatib,PER
asisrael,NOR
iran,GPE
asisrael,NOR
alireza,PER
dewan,NOR
amerika,GPE
serikat,GPE
israel,GPE
iran,GPE
februari,NOR
pemimpin,NOR
iran,GPE
ali,PER
iran,GPE
pesawat,PRD
israel,GPE
yordania,GPE
irak,GPE
teluk,NOR
as,GPE
trump,PER
iran,GPE
menteri,NOR
iran,GPE
israel,GPE
amerika,GPE
serikatisrael,NOR
teheran,GPE
amerika,GPE
israel,GPE
republik,GPE
islam,REG
iran,GPE
araghchi,PER
al,ORG
jazeera,PER
iran,GPE
iran,GPE
araghchi,PER
teheran,GPE
amerika,GPE
serikatisrael,NOR
pemimpin tertinggi iran,NOR
ayatollah ali khamenei,PER
khamenei,PER
iran,GPE
iran,GPE
islam,REG
iran,GPE
majelis,NOR
pakar badan ulama,ORG
delapan,CRD
khamenei khamenei,PER
hizbullah,ORG
as,GPE
israel,GPE
al jazeera,PER
ali khamenei,PER
mojtaba,ORG
administrator pemerintahan korps garda revolusi islam irgc,NOR
iran,GPE
shah,PER
pahlavi,NOR
revolusi,EVT
as,NOR
induk,ORG
uss,ORG
abraham,PER
lincoln,PER
ulama,NOR
lembaga keagamaan iran,NOR
arafi,PER
wakil,NOR
ketua,NOR
majelis,NOR
dewan,NOR
dewan,NOR
pemimpin,NOR
seminari,ORG
shalat,PER
qom,ORG
iran,NOR
ali,PER
khamenei,PER
iran,NOR
asisrael,PER
mirbagheri,PER
ulama,NOR
dunia barat,NOR
majelis,NOR
akademi,NOR
islam qom,NOR
teheran,GPE
pemimpin spiritual iran,NOR
ayatollah ali khamenei,PER
donald trump,PER
as,GPE
amerika,GPE
khamenei,PER
pemerintahan as,NOR
khamenei,PER
iran,GPE
bandara,FAC
as,GPE
trump,PER
tujuh,CRD
iran,GPE
amerika,GPE
khamenei,PER
khamenei,PER
trump,PER
iran,GPE
iran,GPE
presiden,PER
obama,PER
trump,PER
khamenei,PER
obama,PER
iran,GPE
isis,NOR
suriah,GPE
irak,GPE
shabnam,PER
von,ORG
heindw,PER
indonesia teheran,NOR
israel,GPE
israel,GPE
palestina,GPE
aliansi,NOR
pasukan proksi lebanon irak suriah,NOR
yaman,GPE
palestina,GPE
israel,GPE
hamas,GPE
israel,GPE
oktober,DAT
israel,GPE
hamas,GPE
gaza,GPE
lebanon,GPE
suriah,GPE
yaman,GPE
iran,GPE
juni,DAT
as,GPE
israel,GPE
februari,NOR
as,GPE
pasukan serang iran,NOR
isyarat,EVT
ayatollah ali khamenei,PER
tuhan,REG
perwira,NOR
garda revolusi,NOR
tuhan,REG
tuhan,REG
khamenei,PER
pemimpin politik agama tertinggi iran,NOR
wakil tuhan bumi,NOR
asisrael,NOR
iran,GPE
khomeini,GPE
republik,GPE
islam,GPE
iran,GPE
kepala,NOR
negara,GPE
iran,GPE
kota,GPE
suci,NOR
umat syiah timur,NOR
laut,GPE
iran,GPE
negara,GPE
pemimpin tertinggi iran,NOR
ayatollah ali khamenei,PER
israelamerika,GPE
serikat,GPE
as,NOR
khamenei,PER
israel,GPE
khamenei,PER
khameneiir khamenei,PER
kota,GPE
suci,LOC
mashhad,GPE
provinsi khurasan iran,GPE
tionghoa,GPE
chindo,PER
indonesia,GPE
khamenei,PER
mohammad,PER
maktab,REG
dasar,ORG
alfabet,REG
alquran,REG
sekolah,REG
islam,REG
khamenei,PER
seminari teologi mashhad,ORG
sekolahsekolah,ORG
agama,NOR
soleiman khan nawwab,PER
ulama,REG
khamenei,PER
yurisprudensi,LAW
islam,REG
darse,PER
kharij,PER
ulama,REG
grand,REG
ayatollah,PER
milani,NOR
khamenei,REG
ziarah,REG
irak,GPE
iran,GPE
najaf,GPE
papua,GPE
uncen,REG
khamenei,PER
ulama,REG
ayatollah,PER
ayatollah,REG
shahrudi,PER
khamenei,PER
suka,REG
kota,GPE
qum,REG
iran,GPE
iran,GPE
khamenei,PER
agama,REG
seminari,REG
universitas,ORG
provokasi,REG
polisi,NOR
ui,ORG
ali,PER
khamenei,PER
iran,GPE
ayatollah,PER
ruhollah,PER
khomeini,PER
khomeini,PER
motor,REG
revolusi,REG
islam,REG
khamenei,PER
iran,GPE
iran,GPE
presiden,NOR
perang,REG
irak,GPE
sudut,REG
teheran,GPE
pemimpin tertinggi iran,NOR
ayatollah ali khamenei,PER
irak,GPE
amerika serikat,GPE
as,NOR
perdana,NOR
adel abdel mahdi,PER
teheran,NOR
irak,GPE
as,GPE
ayatollah khamenei,PER
as,GPE
garda revolusi iran,NOR
mahdi khamenei,PER
washington,GPE
pemerintah irak,NOR
irak,GPE
syiah teheran,NOR
irak,GPE
partai syiah iran,NOR
negara islam irak suriah irak,NOR
as,GPE
washington,GPE
irak,GPE
iran,GPE
donald trump,PER
as,GPE
perjanjian nuklir,LAW
iran,GPE
iran,GPE
invasi,NOR
as,GPE
saddam hussein,NOR
khamenei,NOR
politi,NOR
irak,GPE
asing,NOR
pentagon,NOR
tentara,NOR
as,GPE
irak,GPE
middle,NOR
east,NOR
pasukan asing irak,NOR
grup,NOR
perang,NOR
as,GPE
as,GPE
kota,GPE
kekhalifahan,NOR
isis mosul,NOR
khamenei,NOR
mahdi,PER
presiden,NOR
irak,GPE
hassan,NOR
rouhani,NOR
energi,NOR
as,GPE
iran,GPE
pekanbaru,GPE
kabupaten kampar,GPE
provinsi riau,GPE
ali khamenei,PER
pemimpin tertinggi negara iran,NOR
ali khamenei,PER
israelamerika serikat,GPE
februari,DAT
ali khamenei,PER
kabupaten bayi kampar,GPE
ali khamenei,PER
iran,NOR
arsa,PER
ali khamenei,PER
ali khamenei arsa,PER
arsa,PER
rumah sakit bersalin,FAC
kabupaten,GPE
kampar maret,NOR
ali khamenei,PER
asisrael,PER
arsa,PER
ali,PER
khamenei,PER
arsa,PER
kedutaan,NOR
iran,GPE
iran,GPE
indonesia,GPE
mohammad,PER
iran,GPE
ali khamenei,PER
dubes,NOR
iran,GPE
arsa,PER
netanyahu,PER
trump,PER
iran,GPE
ali,PER
khamenei,PER
ali,PER
khamenei,PER
ulama,NOR
iran,GPE
arsa,PER
arsa,PER
pemimpin,NOR
adil,PER
pemimpin tertinggi iran,NOR
ayatollah ali khamenei,PER
israelas,GPE
khamenei,PER
khamenei,PER
facebook,PRD
khamenei,PER
iran,GPE
usa,NOR
israel,GPE
ali khamenei,PER
teheran,GPE
iran,GPE
associated press,ORG
israelas,GPE
iran,GPE
beite,LOC
rahbari,PER
satelit,PRD
pemerintah,NOR
iran,GPE
pemimpin,NOR
iran,GPE
ayatollah,ORG
ali,PER
pemerintah,NOR
iran,GPE
pemimpin agung iran,NOR
ayatollah ali khamenei,PER
arab saudi,GPE
ulama,REG
syiah,REG
stasiun televisi pemerintah iran,NOR
ali khamenei,PER
sheikh nimr alnimr,PER
ulama,REG
khamenei,PER
khamenei,PER
pemerintah saudi,NOR
nimr alnimr,PER
politisi saudi,NOR
khamenei,PER
khomeini,PER
kebebasan demokrasi hak asasi manusia,NOR
pemerintah saudi,NOR
khamenei,PER
juru bicara kementerian negeri iran,NOR
hossein jaber,PER
ansari,NOR
pemerintah saudi,NOR
negeri,NOR
mahal,NOR
ansari,NOR
juru,NOR
kementerian negeri,NOR
arab,GPE
saudi,NOR
mansur,PER
alturki,PER
iran,NOR
pemerintah saudi,NOR
iran,NOR
negeri,NOR
arab,GPE
saudi,NOR
kemenlu,NOR
arab,GPE
saudi,NOR
sheikh,PER
nimr,PER
alnimr iran,NOR
kedutaan saudi,NOR
ulama,REG
syiah,NOR
sheikh,PER
nimr alnimr,NOR
kepolisian,NOR
iran,GPE
jenderal,NOR
hossein,NOR
sajedinia,PER
molotov,NOR
kedutaan,NOR
gedung teheran,NOR
isna,NOR
jaksa,NOR
abbas,PER
jafari,PER
kedutaan arab saudi,NOR
sheikh,PER
nimr,PER
alnimr,NOR
salah,PER
provinsi timur,NOR
arab,GPE
saudi,NOR
alnimr,NOR
aldhubaiti,PER
kamera,NOR
bbc,NOR
simon,PER
jakarta,GPE
wakil presiden,NOR
jusuf kalla,PER
jk,PER
pemimpin tertinggi iran,NOR
ayatollah ali khamenei khamenei,PER
israel,GPE
amerika serikat,GPE
as,GPE
iran,GPE
sby,PER
trump khamenei,PER
as,GPE
iran,GPE
pemimpin,NOR
iran,GPE
jk,PER
jalan brawijaya raya pulo kebayoran,LOC
jakarta selatan,GPE
jk,PER
iran,GPE
pemerintah,NOR
ketiga,CRD
pahlavi,NOR
ali khamenei,PER
gitu,PER
jk,PER
indonesia,GPE
muslim,REG
perserikatan bangsabangsa pbb indonesia,NOR
indonesia,GPE
islam,GPE
pbb,NOR
jk,NOR
isak,PER
tangis,NOR
tv,ORG
iran,GPE
khamenei,NOR
israel,GPE
teheran,GPE
iran,GPE
israel,GPE
the,ORG
guardian,ORG
israel,GPE
iran,GPE
drone,PRD
rudal,PRD
israel,GPE
francepresse,ORG
teheran,GPE
pemimpin,NOR
iran,GPE
ali,PER
khamenei,GPE
associated,NOR
pemimpin,NOR
iran,GPE
ali,PER
khamenei,GPE
amerika,GPE
serikat,GPE
as,GPE
as,GPE
as,GPE
kapal,PRD
iran,GPE
pemimpin,NOR
ali,PER
khamenei,PER
presiden,NOR
iran,GPE
fars,NOR
ayatollah,ORG
ali,PER
khamenei,GPE
khamenei,PER
iran,GPE
tujuh,CRD
presiden as,NOR
donald trump,PER
pemimpin tertinggi iran,NOR
ayatollah ali khamenei,PER
trump,PER
truth social,PRD
israel,GPE
amerika serikat,GPE
iran,GPE
iran,GPE
rudal drone,PRD
ali khamenei,PER
juru bicara kementerian negeri iran,NOR
esmail baghaei,PER
iran,GPE
tasnim news agency,ORG
pasukan as israel,NOR
angkatan bersenjata iran,NOR
rudal pesawat nirawak,PRD
israel,GPE
pangkalanpangkalan amerika,NOR
ali khamenei,PER
iran,GPE
pemimpin tertinggi iran,NOR
ali khamenei,PER
reza pahlavi,PER
al,ORG
arabiya,GPE
ali,PER
khamenei,PER
pemerintah,NOR
iran,GPE
nasional,NOR
tujuh,CRD
pemimpin,NOR
pemimpin,NOR
otoritas,NOR
politik,NOR
iran,GPE
presiden,NOR
angkatan bersenjata,NOR
kepala,NOR
pemerintah,NOR
badanbadan,NOR
negeri,NOR
nuklir,NOR
khamenei,PER
ulama syiah,NOR
khomeini,PER
rezim,NOR
iran,GPE
revolusi,NOR
shah,PER
mohammad,PER
reza,PER
pahlavi,NOR
suksesi,NOR
iran,GPE
selat,NOR
hormuz,PER
minyak,NOR
khamenei,PER
transisi,NOR
konfrontasi,NOR
teheran,GPE
ali larijani,PER
kepala dewan keamanan nasional tertinggi iran,NOR
israel,GPE
teheran,GPE
ali khamenei,PER
larijani,EVT
iran,GPE
iran,GPE
panglima pasukan garda revolusi iran,NOR
irgc qassem soleimani,PER
amerika serikat,GPE
as,GPE
baghdad,GPE
as,GPE
drone,PRD
kamikaze,PER
kw,PER
shahed,PER
iran,NOR
larijani,PER
china,GPE
rusia,GPE
israel,GPE
as,GPE
pemimpin pemerintahan iran,NOR
iran,NOR
dewan eropa hubungan negeri,NOR
ellie geranmayeh,PER
perdana menteri israel,NOR
netanyahu,PER
presiden,NOR
as,GPE
donald,PER
trump,PER
iran,GPE
rusia,GPE
iran,GPE
as,GPE
drone,PER
the,ORG
trump,PER
iran,GPE
rodriguez,PER
venezuela,GPE
as,GPE
iran,GPE
irgc,PER
pemimpin,NOR
ali,PER
iran,GPE
presiden,NOR
hassan,PER
rouhani,NOR
pemilihan,EVT
mojtaba,NOR
majelis,NOR
pemimpin tertinggi iran,NOR
ayatollah ali khamenei,PER
amerika serikat israel,GPE
ali khamanei,PER
kota,GPE
iran teheran,GPE
khamenei,PER
khamenei,PER
ali khamenei,PER
artificial intelligence,PRD
ai,ORG
hive,PRD
pemimpin tertinggi iran,NOR
ayatollah ali khamenei,PER
amerika serikat,GPE
israel,GPE
iran,GPE
ayatollah,PER
garda revolusi,NOR
asisrael iran,NOR
uss,PER
abraham lincoln,PER
iran,GPE
iran,GPE
pemimpin,NOR
israel,GPE
iran,GPE
mohammad reza pahlavi,PER
ayatollah,PER
ruhollah khomeini,PER
vilayate,PER
ulama,REG
imam,REG
syiah,REG
ulama,REG
khamenei,PER
ulama,NOR
presiden,NOR
parlemen,NOR
khomeini,PER
khamenei,PER
pemimpin,NOR
pemimpin,NOR
mojtaba,PER
khamenei,PER
pemimpin,NOR
iran,GPE
iran,GPE
pemimpin,NOR
presiden,NOR
masoud,PER
dewan,NOR
alireza,PER
arafi,PER
kepala,NOR
ayatollah,PER
gholamhossein,PER
mohseniejei,PER
komite,NOR
pemimpin,NOR
majelis,NOR
ulama,NOR
delapan,NOR
khamenei,PER
khamenei,PER
pemimpin tertinggi iran,NOR
ayatollah ali khamenei,PER
israel,GPE
amerika serikat teheran,GPE
pemerintah iran,NOR
pemerintah iran,NOR
as,GPE
pemerintah,NOR
tasnim news agency,ORG
pemimpin tertinggi iran,NOR
ayatollah,PER
ali khamenei,PER
khamenei,PER
trump,PER
iran,GPE
amerika,GPE
khamenei,PER
trump,PER
iran,GPE
israel,GPE
khamenei,PER
iran,GPE
trump,PER
iran,GPE
rezim,NOR
iran,GPE
as,GPE
israel,GPE
iran,GPE
pemerintahan,NOR
trump,PER
iran,GPE
teheran,GPE
as,GPE
washington,PER
nuklir,PER
trump,PER
iran,GPE
timur,GPE
pemimpin,NOR
iran,GPE
ali,PER
reza,PER
pahlavi,PER
timnas iran,ORG
piala dunia,EVT
ali khamenei,PER
amerika serikat iran,GPE
ibukota iran teheran,GPE
amerika serikat,GPE
kanada,GPE
amerika serikat,GPE
israel,GPE
iran teheran,GPE
amerika serikat,GPE
ayatollah,PER
ali khamenei,PER
iran,GPE
the new york times,ORG
satelit airbus defence and space bangunan,PRD
kota teheran,LOC
pemimpin iran,NOR
ayatollah ali khamenei,PER
amunisi penghancur bunker,PRD
iran,GPE
tasnim and fars,PER
pemimpin tertinggi iran,NOR
ayatollah,PER
ali,PER
khamenei,PER
amerika,GPE
serikat,ORG
israel,GPE
kongres amerika,NOR
serikat,ORG
iran,ORG
juru,ORG
gedung,ORG
putih,PER
karoline,ORG
leavitt,PER
amerika serikat iran,ORG
presiden,NOR
asosiasi,ORG
bola iran,ORG
mehdi,ORG
iran,NOR
piala dunia,ORG
amerika,GPE
serikat,NOR
piala dunia,ORG
taj,PER
daily mail,ORG
timnas iran,ORG
salah,PER
piala dunia,ORG
asia,ORG
grup,ORG
amerika serikat kanada meksiko belgia,ORG
mesir,GPE
selandia,NOR
teherankompascom pemimpin tertinggi iran,NOR
ayatollah ali khamenei,PER
palestina,GPE
islam,REG
yerusalem,GPE
pemerintah khamenei,NOR
perancis,GPE
khamenei,PER
arab saudi,GPE
amerika serikat as,GPE
yahudi,REG
presiden iran,NOR
khamenei,PER
nowruz,PER
iran,GPE
palestina,GPE
tanah,NOR
palestina,GPE
palestina,GPE
khamenei,GPE
khamenei,PER
zionis negara,NOR
palestina,GPE
amerika serikat,GPE
iran,GPE
markas militer as,NOR
garda revolusi al quds pemerintahan arab palestina,NOR
as,GPE
khamenei,PER
palestina,GPE
satusatunya,CRD
palestina,GPE
khamenei,PER
syiah,REG
damaskus,GPE
garda,NOR
revolusi,EVT
iran,GPE
palestina,GPE
gaza,GPE
zionis,GPE
iran,GPE
quds,GPE
revolusi,EVT
islam,REG
ramadhan,REG
muslim,REG
palestina,GPE
khamenei,PER
pemimpin,NOR
palestina,GPE
muslim,REG
iran,GPE
qasem,PER
cincin,NOR
republik,GPE
islam,REG
iran,GPE
quds,GPE
corona,NOR
februari,DAT
quds,GPE
qasem,PER
soleimani,PER
januari,REG
soleimani,PER
quds,GPE
operasi,EVT
garda,NOR
revolusi,EVT
iran,GPE
wakil presiden gibran,NOR
rakabuming raka,PER
pemimpin tertinggi iran,NOR
ayatollah ali khamenei,PER
amerika serikat,GPE
israel,GPE
februari,DAT
gibran,PER
ali khamenei,PER
maret,DAT
gibran,PER
khamenei,PER
indonesia,GPE
gibran,PER
ali khamenei,PER
iran,GPE
helikopter,PRD
gibran,PER
iran,NOR
ali khamenei,PER
wakil presiden gibran,NOR
iran,GPE
artificial intelligence ai,PRD
hive moderation,PRD
persen ai,PRD
simak,PER
teheran,GPE
pemimpin tertinggi iran,NOR
ayatollah ali khamenei,PER
iran,GPE
amerika serikat as,GPE
persatuan,NOR
khamenei,GPE
teheran,GPE
teheran,GPE
israel,GPE
iran,GPE
dewan pertahanan nasional khamenei,NOR
israel,GPE
as,GPE
juni,DAT
iran,GPE
israel,GPE
agenagen,NOR
amerika,GPE
eropa,GPE
iran,GPE
amerika serikat,GPE
iran,GPE
khamenei,PER
iran,GPE
juni,DAT
iran,GPE
israel,GPE
as,GPE
iran,GPE
angkatan,NOR
pemerintah,NOR
khamenei,PER
iran,GPE
iran,GPE
amerika,GPE
israel,GPE
israel,GPE
gaza,GPE
iran,GPE
amerika,GPE
serikat,GPE
revolusi,EVT
kedutaan,NOR
as,GPE
teheran,GPE
washington,GPE
iran,GPE
as,GPE
iran,GPE
teheran,GPE
juni,GPE
teheran,GPE
washington,GPE
keenam,ORD
chicago,GPE
trump,GPE
iran,GPE
inggris,GPE
perancis,GPE
jerman,GPE
eropa,GPE
riyadh,GPE
mahkota arab saudi,NOR
pangeran mohammed bin salman,PER
pemimpin tertinggi iran,NOR
ayatollah ali khamenei hitler,PER
pemimpin tertinggi hitler timur,NOR
the new york times,ORG
eropa,GPE
hitler,NOR
iran,GPE
eropa timur,GPE
iran,GPE
yaman,GPE
bandara,FAC
riyadh,GPE
november,PER
macron,PER
mahkota,NOR
arab,GPE
saudi,NOR
houthi,ORG
iran,GPE
peluru kendali teheran,PRD
houthi,ORG
hassan rouhani,PER
arab saudi,GPE
iran,GPE
pangeran mohammed bin salman,PER
menteri,NOR
pangeran mohammed bin salman,PER
menteri,NOR
riyadh,GPE
raja,NOR
arab,GPE
saudi,ORG
agung,ORG
arab,GPE
saudi,NOR
as,GPE
pemimpin tertinggi iran,NOR
ayatollah ali khamenei,PER
maret,DAT
tim cek fakta,ORG
intelligence ai konteks,ORG
februari,DAT
israel,GPE
amerika serikat,GPE
pemimpin,NOR
iran,NOR
facebook,ORG
ali khamenei,PER
iran,GPE
inalilahiwainalilahirojiun,PER
presiden iran,NOR
ali khamenei,PER
cek fakta,ORG
reverse image search,PRD
facebook akun,PRD
arab,GPE
whatsapp,PRD
facebook,PRD
ali,PER
ali,PER
persen,PRD
facebook,PRD
ai,PER
pemimpin tertinggi iran,NOR
ayatollah ali khamenei,PER
israel,GPE
amerika serikat,GPE
cek fakta,ORG
facebook,PRD
ali khamenei,PER
rumah sakit iran,NOR
ayatullah ali khamenei,PER
cek fakta,ORG
image search,PRD
youtube euro news,ORG
pemimpin tertinggi iran,NOR
ayatollah ali khamenei,PER
operasi prostat,EVT
iran,GPE
hassan,PER
rouhani,PER
menjenguk,PER
ali,PER
khamenei,PER
taheran,PER
ali khamenei,PER
prostat,PER
hassan,PER
rouhani,PER
ali khamenei,PER
bbc,ORG
alarabiya,PER
english,PER
ali,PER
khamenei,PER
israel,GPE
amerika,GPE
serikat,ORG
beite,PER
rahbari,PER
beite,PER
rahbari,PER
ali,PER
khamenei,ORG
ali,PER
khamenei,ORG
presiden,NOR
iran,GPE
hassan,PER
rouhani,PER
menjenguk,PER
ali khamenei,PER
prostat,PER
ayatollah,PER
ali,PER
khamenei,PER
israel,GPE
amerika,GPE
serikat,ORG
beite,PER
rahbari,PER
teheran,GPE
pemimpin tertinggi iran,NOR
ayatollah ali khamenei mansoureh khojasteh bagherzadeh,PER
pemerintah press tv,ORG
bagherzadeh,PER
amerika,GPE
serikatisrael,NOR
teheran press tv,ORG
khamenei,PER
iran,GPE
rudal hipersonik,PRD
kheibar,PER
khamenei,PER
pemerintah tasnim,NOR
fars,ORG
ayatollah alireza arafi,PER
pemimpin transisi iran,NOR
new york times,ORG
satelit airbus defence and space bangunan,PRD
israel,GPE
amerika,GPE
beite,ORG
pemimpin,NOR
iran,GPE
iran,GPE
bandarabandara,ORG
israel,GPE
amerika serikat as,GPE
februari,DAT
pemimpin tertinggi iran,NOR
ayatollah ali khamenei,PER
khamenei,PER
ledakan bom rumah khamenei,ORG
facebook instagram,PRD
pemimpin,NOR
iran,GPE
ayatollah ali khamenei,PER
as,GPE
israel,GPE
ayatollah ali khamenei,PER
pemimpin spiritual,NOR
islam,REG
syiah,NOR
pemimpin tertinggi republik islam iran,NOR
israel,GPE
amerika serikat,GPE
imam,PER
ali khamenei,PER
iran,GPE
cek,PER
ai,ORG
bom,ORG
khamenei,PER
ai,PER
the,ORG
hive,PER
ai,ORG
israel,GPE
beite rahbari,ORG
ali,PER
khamenei,PER
ali,PER
khamenei,PER
khamenei,PER
associated,ORG
bom,ORG
khamenei,PER
israel,GPE
khamenei,ORG
the,ORG
hive,PER
ai,PER
teheran,GPE
iran,GPE
duta perancis,NOR
pemimpin tertinggi negara,NOR
ayatollah ali khamenei,PER
charlie hebdo majalah mingguan,ORG
republik,GPE
islam,NOR
desember,DAT
iran,GPE
september,DAT
iran,GPE
campur priawanita,EVT
kementerian negeri iran,NOR
duta perancis,NOR
nicolas roche,PER
perancis,GPE
muslim,REG
juru bicara kementerian negeri nasser kanani,NOR
iran,GPE
pemerintah,NOR
perancis,GPE
perancis,GPE
inggris,GPE
pengawal revolusi iran,NOR
kelompok teror menteri negeri iran,NOR
hossein amirabdollahian,PER
perancis,GPE
pemerintah,NOR
perancis,GPE
perancis,GPE
majalah,ORG
nabi,REG
muhammad,PER
iran,GPE
charlie,ORG
hebdo,ORG
iran,GPE
ulama,NOR
algojo,NOR
khamenei,PER
kepalan,NOR
polisi,NOR
iran,GPE
departemen pertahanan amerika serikat pentagon,NOR
pemimpin tertinggi iran,NOR
ayatollah ali khamenei,PER
april khamenei,PER
teheran,GPE
israel,GPE
amerika serikat,GPE
februari,DAT
ayatollah,PER
april,DAT
facebook,PRD
khamenei,PER
pentagon,NOR
pemimpin,NOR
iran,GPE
al jazeera,ORG
al jazeera,ORG
pentagon,NOR
ali khamenei,PER
april,DAT
departemen pertahanan amerika serikat,NOR
ali khamenei,PER
al jazeera,ORG
pemerintah iran,NOR
amerika israel,GPE
februari,DAT
amerika,GPE
israel,NOR
khamenei,PER
khamenei,PER
pemimpin,NOR
iran,GPE
iran,NOR
shah,PER
ayatollah,PER
ruhollah,PER
khomeini,PER
revolusi,NOR
iran,GPE
ali,PER
khamenei,PER
pemimpin,NOR
mojtaba,PER
khamenei,PER
ali,PER
khamenei,PER
bbc iran,NOR
ali,PER
khamenei,PER
maret,PER
amerika,GPE
serikat,NOR
israel,GPE
iran,GPE
maret,NOR
khamenei,PER
grand,NOR
mosalla,NOR
kota,GPE
iran,GPE
teheran,NOR
pentagon,NOR
ayatollah,PER
ali,PER
khamenei,PER
april,PER
hoaks,NOR
pentagon,NOR
ali,PER
khamenei,PER
ali,PER
khamenei,PER
dunia,NOR
februari,PER
udara,NOR
amerika,GPE
serikat,NOR
israel,GPE
teheran,GPE
iran,GPE
upacara pemakaman,EVT
pemimpin,NOR
ayatollah ali khamenei,PER
umat islam,REG
masjid agung imam khomenei teheran,LOC
dewan koordinasi pembangunan islam,ORG
irna,PER
khamenei,ORG
mashhad,GPE
timur,LOC
laut,GPE
iran,GPE
operation genesis,EVT
khamenei,PER
asisrael,ORG
khamenei,PER
khamenei,GPE
iran,GPE
satelit airbus defence and space,PRD
as,GPE
pentagon,NOR
ayatollah khamenei,PER
beite rahbari,PER
iran,GPE
perimeter,ORG
pola,ORG
mashhad,ORG
al,ORG
iran,GPE
majelis,ORG
delapan,CRD
presiden amerika serikat,NOR
donald trump,PER
iran,GPE
pemimpin tertinggi iran,NOR
ayatollah ali khamenei trump,PER
washington,GPE
teheran,GPE
trump,PER
gabungan,NOR
as,GPE
israel,GPE
iran,NOR
ali khamenei,PER
presiden iran,NOR
iran,GPE
trump,PER
serang,NOR
iran,GPE
presiden iran,NOR
masoud pezeshkian,PER
khamenei,PER
islam,REG
syiah,NOR
israelamerika,GPE
al jazeera,ORG
iran,GPE
komandan,NOR
korps,NOR
garda,NOR
revolusi islam,NOR
islamic,NOR
guard,ORG
irgc,NOR
ali,PER
reza,NOR
pahlavi,ORG
iran,GPE
irgc,NOR
israel,GPE
pangkalan,NOR
as,GPE
as,GPE
pangkalan,NOR
nof,ORG
israel,GPE
aviv,NOR
iran,GPE
as,GPE
israelm,GPE
irak,GPE
pemerintah,NOR
iran,GPE
trump,PER
iran,GPE
ali,PER
khamenei,NOR
iran,GPE
israelas,GPE
iran,GPE
timur,NOR
eskalasi,NOR
iran,GPE
israel,GPE
april,DAT
rudal balistik,PRD
drone,PRD
iran,GPE
israel,GPE
khamenei,PER
amerika,GPE
serikat,ORG
the most powerful man,WOA
iran,GPE
forbes,ORG
april,DAT
iran,GPE
majalah forbes,ORG
ayatollah ali khamenei,PER
forbes,ORG
khamenei,PER
israel,GPE
teheran,GPE
twitter,ORG
pemimpin tertinggi iran,NOR
ayatollah ali khamenei,PER
vaksin,PRD
corona as,PRD
inggris,GPE
vaksin,PRD
as,GPE
inggris,GPE
twitter,PRD
donald trump,PER
perancis,GPE
perancis,PRD
pemimpin twit tagar coronavaccine twitter,ORG
twit,PER
twit,PER
twitter,ORG
media,ORG
sosial,NOR
as,GPE
desember,DAT
twitter,EVT
twit,PER
trump,PER
republik islam iran,NOR
amerika serikat as,GPE
vaksin,PRD
presiden,NOR
iran,GPE
hassan,PER
rouhani washington,PRD
teheran,GPE
bank,ORG
as,GPE
as,GPE
twit,ORG
trump,PER
twitter,PRD
perancis,GPE
khamenei,PRD
hiv,PRD
perancis,GPE
negeri,NOR
iran,GPE
khamenei,PRD
vaksin,PRD
farmasi,PRD
as,GPE
jerman,GPE
biontech,PRD
amerika,GPE
vaksin,PRD
multinasional,PRD
astrazeneca,ORG
universitas,ORG
oxford,GPE
inggris,GPE
organisasi,ORG
dunia who,PRD
vaksin,PRD
desember,PER
trump,PER
twitter,PRD
twit,ORG
khamenei,PRD
iran,GPE
twitter,PRD
inggris,GPE
iran,GPE
presiden,NOR
rouhani,PRD
menteri negeri,NOR
mohammed,ORG
javad zarif,PRD
teheran,GPE
pemimpin tertinggi iran,NOR
ayatollah ali khamenei,PER
israelamerika,GPE
khamenei,PER
rakyat,NOR
iran,GPE
ayatollah agung,PER
imam sayyid ali khamenei,PER
revolusi islam,NOR
as,GPE
zionis,NOR
februari,DAT
tasnim,PER
asisrael,ORG
khamenei,PER
khamenei,PER
asisrael,ORG
iran,GPE
khamenei,PER
teheran,GPE
al,PER
jazeera,NOR
ali khamenei,PER
iran,GPE
ayatollah ruhollah khomeini khomeini,PER
revolusi islam,EVT
khamenei,PER
iran,GPE
iran,GPE
presiden,NOR
irak,GPE
barat,NOR
saddam,NOR
hussein,PER
ketidakpercayaannya,ORG
as,GPE
korps,ORG
garda revolusi islam,NOR
irgc,PER
pasukan,ORG
iran,GPE
khamenei,NOR
iran,GPE
kota,GPE
mashhad,PER
pemimpin,NOR
muslim,REG
azerbaijan,NOR
al quran,NOR
pusatpusat,NOR
najaf,NOR
qom,PER
teheran,GPE
sekretaris dewan keamanan nasional iran,NOR
ali larijani,PER
ayatollah ali khamenei,PER
amerika,GPE
serikatisrael,NOR
al jazeera,ORG
ali larijani,PER
khamenei,PER
iran,GPE
iran,GPE
khamenei,PER
iran,GPE
larijani,PER
iran,GPE
presiden rusia,NOR
vladimir putin,PER
moskwa,NOR
teluk,NOR
mediator,NOR
teheran,GPE
washington,NOR
pemimpin,NOR
iran,GPE
iran,GPE
ayatollah ali khamenei,PER
iran,GPE
larijani,PER
kepala,NOR
iranisrael,GPE
ali,PER
vaez,ORG
direktur,NOR
international,NOR
crisis,PER
iran,GPE
pemimpin,NOR
khamenei,PER
trump,PER
iran,GPE
najaf,ORG
irak,GPE
republik,GPE
islam,REG
ayatollah,PER
ruhollah,PER
khomeini,PER
iran,GPE
bantah,PER
barat,NOR
universitas,ORG
teheran,GPE
reza,PER
pahlavi,PER
khamenei,PER
iran,GPE
wakil menteri kesehatan iran,NOR
alireza raisi,PER
alireza,PER
pemerintah,NOR
iran,GPE
china,GPE
penasihat pemimpin tertinggi iran,NOR
ali khamenei mohammad mirmohammadi,PER
radio pemerintah iran,NOR
mirmohammadi,PER
middle east eye,ORG
mirmohammadi,PER
iran,GPE
menteri pemerintah,NOR
wakil presiden,NOR
masoumeh ebtekar,PER
wakil menteri kesehatan,NOR
iraj harirchi,PER
pemerintah iran,NOR
pasukan,NOR
garda revolusi iran,NOR
garda,ORG
revolusi,EVT
teheran,GPE
wuhan,NOR
china,GPE
garda,NOR
revolusi,EVT
pemerintah,NOR
pemerintah,NOR
corona,NOR
iran,GPE
pasukan,ORG
garda,ORG
revolusi,EVT
jalanan,NOR
iran,GPE
corona,NOR
qom,NOR
iran,GPE
teluk,ORG
iran,GPE
arab,GPE
saudi,GPE
corona,ORG
pekanbaru,GPE
ap,PER
kedutaan iran,NOR
ap,NOR
kabupaten,GPE
kampar riau,NOR
kedubes iran,NOR
ali khamenei ap,PER
ali khamenei,PER
asisrael,PER
iran,GPE
iran,GPE
kedubes rumah kebanggaan kehormatan,ORG
ap,NOR
ap,PER
duta iran indonesia,NOR
mohammad boroujerdi,PER
ali khamenei,PER
netanyahu,NOR
trump,PER
iran,GPE
ali khamenei,PER
iran,GPE
amerika,GPE
serikat,NOR
israel,GPE
februari,DAT
timur,NOR
teheran,GPE
pemimpin tertinggi iran,NOR
ayatollah ali khamenei,PER
israel,GPE
amerika serikat as,GPE
iran,GPE
amerika serikat,GPE
israel,GPE
iran,GPE
iran,GPE
khamenei,PER
teheran,GPE
teheran,GPE
houthi,ORG
yaman,GPE
hizbullah,NOR
lebanon,GPE
hamas,NOR
palestina,GPE
perang israelhamas gaza,EVT
oktober,DAT
iran,GPE
irak,GPE
suriah,GPE
as,GPE
militer timur,NOR
iran,GPE
hizbullah,NOR
israel,GPE
hamas,NOR
israel,GPE
oktober,DAT
israel,GPE
september oktober,DAT
israel,GPE
iran,GPE
teheran,GPE
oktober,DAT
pemimpin,NOR
iran,GPE
komandan,NOR
garda,NOR
revolusi,NOR
iran,GPE
iran,GPE
iran,GPE
pemimpin,NOR
iran,GPE
khamenei,NOR
israel,GPE
iran,GPE
persiapkan,GPE
israel,GPE
israel,GPE
iran,GPE
oktober,GPE
amerika,GPE
serikat,NOR
timur,NOR
pesawat,PRD
iran,GPE
iran,GPE
israel,GPE
iran,GPE
iran,GPE
garda,NOR
revolusi,NOR
ali,PER
mohammad,PER
naini,NOR
iran,GPE
israel,GPE
naini,NOR
fars,NOR
presiden iran,NOR
masoud pezeshkian,PER
pemimpin tertinggi iran,NOR
ayatollah ali khamenei,PER
amerika,GPE
serikat,NOR
israel,GPE
pemerintah,NOR
pemimpin tertinggi iran,NOR
stasiun televisi pemerintah iran,NOR
khamenei,PER
satelit airbus asap hitam,PRD
pemimpin,NOR
kota,GPE
teheran,GPE
khamenei,PER
trump,PER
mbs,PRD
as,GPE
iran,GPE
arab,GPE
truth social,EVT
presiden as,NOR
donald trump,PER
asisrael iran,NOR
trump,PER
iran,GPE
khamenei,PER
iran,GPE
klakson,ORG
trump,PER
presiden,NOR
iran,GPE
islam,REG
syiah,PRD
pemimpin,NOR
israelamerika,GPE
jazeera,NOR
gaza,GPE
hamas,NOR
pemimpin tertinggi iran,NOR
ayatollah ali khamenei,PER
palestina,GPE
hamas,NOR
amerika serikat,GPE
israel,GPE
hamas,NOR
ayatollah,PER
hamas,NOR
iran,NOR
khamenei,PER
hamas,GPE
amerika serikat,GPE
pemerintah,NOR
israel,GPE
amerika serikat,GPE
israel,GPE
republik,GPE
islam,NOR
iran,GPE
militer hamas,NOR
brigade,PER
izz,NOR
addin alqassam,PER
khamenei,PER
brigade alqassam,ORG
palestina,GPE
republik,GPE
islam,REG
israel,GPE
oktober,EVT
pemimpin,NOR
iran,GPE
hamas,GPE
palestina,GPE
palestinian,GPE
islamic,NOR
jihad,EVT
as,GPE
israel,GPE
dubai,NOR
pemimpin tertinggi iran,NOR
ayatollah ali khamenei,PER
amerika serikat as,GPE
khamenei,PER
pemerintah as,NOR
washington,GPE
khamenei,PER
teheran,GPE
as,GPE
iran,GPE
miliaran,MON
dolar,MON
presiden iran,NOR
masoud pezeshkian,PER
khamenei,PER
perwira angkatan udara teheran,NOR
khamenei,PER
teokrasi iran,NOR
garda revolusi khamenei,NOR
trump,PER
perjanjian nuklir,EVT
iran,GPE
amerika,GPE
menepati,NOR
khamenei,PER
khamenei,PER
teheran,GPE
iran,GPE
teheran,GPE
pemimpin tertinggi iran,NOR
ayatollah ali khamenei,PER
farideh moradkhani,PER
pemerintah asing,NOR
pemerintah iran,NOR
kejaksaan,NOR
twit,EVT
mahmoud moradkhani,PER
mahmoud moradkhani,PER
farideh moradkhani,PER
pemerintah,NOR
iran,GPE
pemerintah asing,NOR
iran,GPE
pemerintah,NOR
farideh moradkhani,PER
iran,GPE
as,GPE
iran,GPE
iran,GPE
farideh,PER
moradkhani,NOR
farideh,NOR
iran,GPE
pemerintah asing,NOR
iran,GPE
iran,GPE
iran,GPE
iran,GPE
iran,GPE
iran,GPE
kurdi,GPE
sholat,REG
farideh,PER
mahmoud,NOR
moradkhani,NOR
ali,PER
ulama,NOR
hosseini,NOR
khamenei,PER
farideh,PER
iran,GPE
farideh,PER
organisasi,NOR
gerakan,NOR
iran,GPE
mahsa,PER
amini,PER
polisi,NOR
iran,GPE
september,NOR
timnas,NOR
iran,GPE
universitas,NOR
provinsi,NOR
iran,GPE
komisaris,NOR
pbb,NOR
kepala,NOR
volker turk,NOR
turk,GPE
enam,CRD
pbb,NOR
iran,GPE
washington dc,GPE
presiden amerika serikat,NOR
donald trump,PER
perdana menteri pm israel,NOR
benjamin netanyahu,PER
iran,GPE
netanyahu,PER
trump,PER
iran,GPE
trump,PER
pemimpin,NOR
iran,NOR
teheran,GPE
trump,PER
iran,GPE
jepang,GPE
netanyahu,PER
khamenei,PER
iran,GPE
trump,PER
trump,PER
presiden departemen kehakiman as,NOR
pakistan,GPE
amerika serikat,GPE
komandan,NOR
garda,NOR
revolusi,NOR
iran,GPE
operasi,EVT
as,GPE
trump,PER
operasi,EVT
iran,GPE
as,GPE
timur,NOR
iran,GPE
as,GPE
trump,PER
trump,PER
trump,PER
operasi,EVT
februari,PER
trump,PER
iran,GPE
barat,NOR
khamenei,NOR
iran,GPE
pemerintahan,NOR
pemimpin tertinggi iran,NOR
ayatollah ali khamenei,PER
senjata,EVT
israel,GPE
televisi,ORG
pemerintah iran,NOR
perdana,EVT
juni,NOR
israeliran,GPE
gencatan,EVT
trump,PER
amerikan serikat,GPE
as,GPE
israel,GPE
khamenei,PER
iranisrael,GPE
pemimpin,NOR
iran,GPE
as,GPE
khamenei,PER
presiden,NOR
donald trump,PER
as,GPE
nuklir,PRD
iran,GPE
khamenei,PER
ap news,ORG
nuklir,PRD
iran,GPE
as,GPE
nuklir,FAC
iran,GPE
khamenei,PER
direktur international atomic energy agency,NOR
iaea,PER
rafael grossi,PER
as,GPE
nuklir,ORG
teheran,GPE
iran,GPE
grossi,PER
israel,GPE
as,GPE
iran,GPE
gencatan,NOR
iran,GPE
kementerian negeri,NOR
iran,GPE
jakarta,GPE
prabowo subianto,PER
pemimpin tertinggi iran,NOR
ayatollah ali khamenei ali khamenei,PER
israel,GPE
amerika,GPE
serikat,NOR
as,GPE
sekretaris kabinet,NOR
teddy indra wijaya,PER
pemimpin,NOR
iran,NOR
maret,DAT
teddy,PER
instagram,ORG
prabowo,PER
ayatollah,PER
ali khamenei,PER
teddy,PER
prabowo,PER
menteri negeri menlu,NOR
sugiono sugiono,PER
duta iran indonesia,NOR
mohammad boroujerdi,PER
jakarta,GPE
teddy,PER
presiden iran,NOR
masoud pezeshkian,PER
ayatollah ali khamenei,PER
iran,GPE
masoud,NOR
menteri negeri,NOR
sugiono,PER
dubes,NOR
iran,GPE
jakarta,GPE
teddy,PER
timur,NOR
iran,GPE
israel,GPE
as,GPE
iran,GPE
dewan,NOR
ali,PER
jenewa,GPE
swiss,GPE
as,GPE
iran,GPE
kebuntuan,NOR
israel,GPE
iran,GPE
presiden,NOR
as,GPE
donald,PER
trump,PER
negeri,NOR
sam,NOR
israel,GPE
iran,GPE
israel,GPE
amerika,GPE
iran,GPE
teheran,NOR
teheran,GPE
presiden,NOR
ahmadinejad,PER
muhammadiyah,NOR
iran,GPE
arab,NOR
pemimpin,NOR
ali,PER
israel,GPE
reza pahlavi,PER
ayatollah ali khamenei,PER
amerika serikat,GPE
as,GPE
israel,GPE
iran,GPE
ali khamenei,PER
pemerintahan pahlavi,NOR
iran,GPE
as,GPE
israel,GPE
reza pahlavi,PER
shah iran,NOR
mohammad reza pahlavi,PER
teheran,GPE
iran,GPE
oktober,DAT
as,GPE
inggris,GPE
perdana menteri iran,NOR
mohammad mosaddegh mosaddegh,PER
minyak anglopersia,PRD
monarki iran,NOR
shah,PER
iran,GPE
barat,NOR
revolusi,EVT
aljazeera,PER
monarki shah,NOR
iran,GPE
timur,NOR
israel,GPE
serang,GPE
iran,GPE
hizbullah,PER
israel,GPE
revolusi,EVT
pahlavi,NOR
angkatan,NOR
texas,NOR
amerika,GPE
serikat,NOR
pahlavi,NOR
southern,ORG
california ayahnya,NOR
mohammad,PER
reza,PER
pahlavi,NOR
mesir,GPE
pemimpin tertinggi iran,NOR
ayatollah ali khamenei,PER
amerika serikat,GPE
israel,GPE
teheran,GPE
februari,DAT
khamenei,PER
intelligence,PRD
ai,ORG
foto,PRD
foto,PRD
generatif,PRD
sight engine hive moderation,PRD
ai,PRD
teheran,GPE
pemimpin tertinggi iran,NOR
ayatollah ali khamenei,PER
perancis,GPE
pemerintah eropa,NOR
nabi muhammad,REG
nabi,REG
muhammad khamenei,PER
perancis,GPE
pemerintah,NOR
khamenei,PER
al,PER
jazeera,ORG
pemimpin,NOR
perancis,GPE
eropa,NOR
nabi muhammad,REG
perancis,GPE
charlie hebdo,PER
alqaeda,REG
oktober,DAT
guru bahasa perancis,NOR
samuel paty,PER
kota,GPE
nabi,REG
muhamamad,REG
muridmuridnya,REG
khamenei,PER
pemerintah,NOR
perancis,GPE
khamenei,PER
pemimpin,NOR
muslim,REG
perancis,GPE
islam,REG
muslim,REG
macron,PER
islam,REG
agama,REG
pemimpin,NOR
muslim,REG
perancis,GPE
iran,GPE
kedutaan,NOR
perancis,GPE
neauphlelechateau,REG
teheran,GPE
oktober,REG
al,REG
jazeera,REG
macron,PER
muslim,REG
islam,REG
muslim,REG
pemerintah,NOR
surat,REG
pemerintah,NOR
gereja,REG
perancis,GPE
corona,PER
khamenei,REG
perancis,GPE
eropa,GPE
hak,REG
washington dc,GPE
amerika serikat,GPE
as,GPE
israel,GPE
iran,GPE
pemimpin tertinggi iran,NOR
ayatollah ali khamenei,PER
presiden as,NOR
donald trump,PER
trump,PER
iran,GPE
trump,PER
ali khamenei,PER
reza pahlavi,PER
iran,GPE
trump,PER
iran,GPE
senjata nuklir,PRD
iran,GPE
teheran,GPE
as,GPE
israel,GPE
iran,GPE
senjata nuklir,PRD
international,ORG
atomic,NOR
energy,ORG
agency,NOR
intelijen as iran,NOR
senjata nuklir,PRD
iran,GPE
trump,PER
rudal iran,PRD
iran,GPE
rudal jarak,PRD
eropa,GPE
amerika serikat,GPE
trump,PER
as,GPE
iran,GPE
teheran,GPE
as,GPE
timur,NOR
trump,PER
iran,GPE
hamas,NOR
israel,GPE
as,GPE
iran,GPE
khamenei,NOR
trump,PER
trump,PER
pemerintah,NOR
iran,GPE
ham,NOR
pemerintah,NOR
iran,GPE
trump,PER
iran,GPE
pemerintahnya,NOR
iran,GPE
iran,GPE
fars,NOR
iran,GPE
airbus defence,NOR
pemimpin,NOR
iran,GPE
timur,NOR
pemimpin tertinggi iran,NOR
ayatollah ali khamenei,PER
israel,GPE
operasi rising lion,EVT
khamenei,PER
iran,GPE
israel,GPE
amerika serikat,GPE
khamenei,PER
trump,PER
gencatan,EVT
israeliran,GPE
iran,GPE
amerika,GPE
khamenei,PER
israel,GPE
as,GPE
nuklir,NOR
iran,GPE
pidatonya,PER
khamenei,PER
presiden,NOR
donald trump,PER
as,NOR
nuklir,PRD
iran,GPE
ali khamenei,PER
perdana gencatan senjata iranisrael,NOR
pemimpin tertinggi iran revolusi iran,NOR
khamenei,PER
mashhad,PER
iran,GPE
delapan,CRD
ulama,NOR
menteri pertahanan,NOR
china,GPE
israel,GPE
khamenei,PER
ulama,NOR
ulama,NOR
pemimpin,NOR
iran,GPE
presiden,NOR
iran,GPE
revolusi,NOR
iran,GPE
pahlavi,PER
mohammad,PER
reza,PER
shah,PER
pahlavi,PER
reza,PER
pahlavi,PER
iran,GPE
khamenei,PER
khamenei,PER
shah,PER
iran,GPE
raja,NOR
revolusi,NOR
khamenei,PER
enam,CRD
polisi,NOR
shah,PER
negeri,NOR
grand,NOR
ayatollah,PER
ruhollah,PER
khomeini,PER
partai,NOR
republik,GPE
islam,NOR
ali,PER
khamenei,PER
israeliran,GPE
trump,PER
gaza,GPE
presiden,NOR
iran,GPE
ulama,NOR
delapan,CRD
khamenei,PER
agama,NOR
ayatollah,PER
khomeini,PER
khamenei,PER
trump,PER
intel,PER
as,GPE
nuklir,NOR
iran,GPE
khamenei,PER
kepala,NOR
panglima,NOR
korps,NOR
garda revolusi,NOR
iran,GPE
irgc,NOR
kompascomdanur,PER
pristiandaru,PER
jaya,NOR
iswara,NOR
maharani,PER
washington dc,GPE
presiden amerika serikat as,NOR
donald trump,PER
perdana menteri pm israel,NOR
benjamin netanyahu,PER
iran,GPE
trump,PER
operasi,EVT
iran,GPE
trump,PER
pemimpin tertinggi iran,NOR
ali khamenei,PER
teheran,GPE
trump,PER
iran,GPE
irgc,NOR
selat hormuz,LOC
decapitation,EVT
netanyahu,PER
khamenei,PER
iran,GPE
trump,PER
trump,PER
presiden departemen kehakiman as,NOR
pakistan,GPE
amerika,GPE
serikat,GPE
iran,GPE
operasi,EVT
as,GPE
trump,PER
operasi,EVT
iran,GPE
as,GPE
timur,GPE
iran,GPE
qatarenergy,GPE
as,GPE
netanyahu,PER
trump,PER
trump,PER
operasi,EVT
februari,NOR
epic,PER
trump,PER
iran,GPE
iran,GPE
pemerintahan,NOR
jakarta,GPE
duta republik islam iran indonesia,NOR
mohammad boroujerdi,PER
iran,NOR
dewan kepemimpinan pemimpin tertinggi iran,NOR
ayatollah ali khamenei,PER
amerika,GPE
serikat,NOR
asisrael,PER
boroujerdi,PER
menteng,GPE
jakarta,GPE
dewan kepemimpinan anggota,NOR
presiden republik islam iran,NOR
masoud pezeshkian,PER
ketua kekuasaan yudikatif iran,NOR
ketiga,CRD
dewan ahli dewan penjaga konstitusi dubes iran,NOR
prabowo,PER
as,GPE
dewan ahli dewan penjaga konstitusi,NOR
iran,GPE
pemimpin,NOR
republik islam iran,NOR
iran,NOR
pemerintah terorganisir,NOR
rezim,NOR
israel,GPE
teheran iran,NOR
israel,GPE
misbakhun,NOR
iran,NOR
as,NOR
israel,GPE
the,ORG
guardian,NOR
israel,GPE
iran,NOR
militer,NOR
israel,GPE
agence francepresse,NOR
teheran,NOR
associated,ORG
pemimpin,NOR
iran,NOR
timur,NOR
pemerintah iran,NOR
ayatollah,PER
ali khamenei khamenei,PER
amerika,GPE
serikat,NOR
israel,GPE
kota,GPE
teheran,GPE
iran,GPE
islam,NOR
iran,GPE
pemerintah iran,NOR
reza pahlavi,PER
pahlavi,GPE
pemerintahan republik islam,NOR
shah iran,NOR
iran,GPE
republik islam,NOR
pahlavi,PER
pahlavi,NOR
militer,NOR
korps,NOR
revolusi,EVT
islam,NOR
irgc,NOR
pemerintahan,NOR
bangsa,NOR
khamenei,NOR
iran,GPE
bbc,ORG
verify,ORG
khamenei,NOR
teheran,GPE
irgc,NOR
pemimpin,NOR
iran,GPE
retaliasi,NOR
iran,GPE
irgc,NOR
israel,GPE
pangkalan,NOR
as,GPE
dubai,GPE
doha,GPE
bahrain,GPE
negeri,GPE
iran,GPE
sekolah,NOR
pemimpin,NOR
iran,GPE
ali,PER
khamenei,NOR
reza,PER
pahlavi,NOR
teheran,GPE
reza,PER
pahlavi,GPE
iran,GPE
reza,PER
pahlavi,NOR
instagram,ORG
pemimpin tertinggi iran,NOR
ayatollah ali khamenei,PER
amerika serikat as,GPE
israel,GPE
teheran,GPE
iran,GPE
washington,GPE
teheran,GPE
trump,PER
khamenei,PER
iran,GPE
presiden as,NOR
donald trump,PER
khamenei,PER
trump,PER
iran,GPE
trump,PER
war,NOR
of,EVT
nerves,NOR
militer iran,NOR
irgc kepolisian,NOR
as,GPE
rezim,ORG
bbc,ORG
iran,GPE
teheran,GPE
pemimpin,NOR
kementerian,NOR
iran,GPE
presiden,NOR
mahdi,LOC
trump,PER
iran,GPE
iran,GPE
israelas,GPE
iran,GPE
iran,GPE
as,GPE
dubai,GPE
doha,GPE
bahrain,GPE
kuwait,GPE
timur,NOR
teheran,GPE
washington,GPE
iran,GPE
pemimpin tertinggi iran,NOR
ayatollah ali khamenei,PER
asisrael,PER
reza pahlavi,PER
teheran,GPE
pahlavi,GPE
rezim,NOR
republik islam,NOR
reza pahlavi,PER
iran,GPE
as,GPE
israel,GPE
pemerintahan demokratis,NOR
iran,GPE
pahlavi,PER
iran,GPE
khamenei,GPE
kepresidenan teheran,NOR
iran,GPE
republik islam,NOR
pahlavi,PER
pahlavi,GPE
iran,GPE
iran,GPE
amerika,GPE
serikat,GPE
revolusi,NOR
washington,GPE
dc,GPE
pahlavi,PER
iran,GPE
teheran,GPE
garda,NOR
revolusi islam,NOR
pangkalan,NOR
as,GPE
teluk,NOR
pahlavi,GPE
iran,GPE
iran,GPE
khamenei,GPE
rusia,GPE
pahlavi,GPE
pm,NOR
israel,GPE
benjamin,PER
netanyahu,NOR
donald,PER
trump,PER
pemimpin tertinggi iran,NOR
ayatollah ali khamenei,PER
amerika serikat,GPE
israel,GPE
februari,DAT
islam,REG
pahlavi,NOR
iran,GPE
israel as,GPE
pemimpin,NOR
iran,GPE
reza khan,PER
dinasti pahlavi,NOR
mohammad reza shah pahlavi,PER
pahlavi,NOR
iran,GPE
revolusi ayatollah khomeini,EVT
republik islam,NOR
khomeini,REG
syiah,NOR
iran,GPE
amini,PER
iran,GPE
reza,PER
pahlavi,REG
pemerintahan,NOR
iran,GPE
ayatollah,PER
ali khamenei,PER
amerika,GPE
serikat as israel,NOR
presiden iran,NOR
ketua pengadilan,NOR
dewan wali iran,NOR
dewan wali,NOR
konstitusi,LAW
iran,GPE
iran,GPE
agama,NOR
republik islam iran,NOR
presiden iran,NOR
iran,GPE
ali khamenei,PER
ali khamenei,PER
presiden iran,NOR
al jazeera,PER
majelis pakan,NOR
ali khamenei,PER
iran,GPE
ali,PER
dewan,NOR
pemimpin,NOR
iran,GPE
majelis,NOR
dewan,NOR
pemimpin,NOR
dewan,NOR
negeri,NOR
as,GPE
ulama,NOR
iran,GPE
israel,GPE
as,GPE
ayatollah ali khamenei,PER
iran,GPE
asisrael,PER
pemimpin tertinggi iran,NOR
ayatollah ali khamenei,PER
amerika,GPE
serikat,NOR
israel,GPE
republik islam iran,NOR
iran,GPE
nuklir,NOR
iran,GPE
ayatollah,PER
ali khamenei,PER
anadolu,PER
ali khamenei,PER
reza pahlavi,PER
iran,GPE
khamenei,PER
april,DAT
mashhad,NOR
iran,GPE
timur,NOR
mashhad,PER
qom,REG
ulama,REG
khamenei,PER
khomeini,PER
shah,NOR
mohammad,NOR
reza,PER
pahlavi,NOR
badan,NOR
shah,GPE
khamenei,NOR
revolusi islam,NOR
revolusi islam,NOR
khamenei,GPE
dewan,NOR
revolusi,NOR
wakil,NOR
menteri,NOR
imam salat,NOR
teheran,GPE
parlemen,NOR
presiden,NOR
mohammad,NOR
ali,PER
rajai,NOR
khamenei,NOR
presiden,NOR
masjid,NOR
khomeini,NOR
juni,NOR
majelis,NOR
khamenei,NOR
pemimpin,NOR
konstitusi,NOR
iran,GPE
pemimpin,NOR
legislatif,NOR
ali,PER
khamenei,NOR
pemimpin,NOR
iran,GPE
republik,GPE
islam,NOR
ruhollah,PER
khomeini,NOR
pemimpin,NOR
angkatan,NOR
negeri,NOR
iran,GPE
presiden,NOR
parlemen,NOR
panglima,NOR
angkatan,NOR
garda,NOR
revolusi,NOR
iran,GPE
irgc,NOR
khamenei,GPE
iran,GPE
iranirak,GPE
barat,NOR
konfrontasi,NOR
washington,GPE
aviv,NOR
iran,GPE
pengkritik,NOR
reformasi,NOR
iran,GPE
khamenei,NOR
barat,NOR
iran,GPE
iran,GPE
joint,NOR
of,NOR
nuklir,NOR
pelonggaran,NOR
khamenei,NOR
amerika,GPE
serikat,NOR
presiden,NOR
as,GPE
donald,PER
trump,PER
as,GPE
iran,GPE
washington,GPE
teheran,GPE
nuklir,NOR
iran,GPE
palestina,GPE
khamenei,PER
gaza,NOR
oktober,DAT
israel,GPE
amerika,GPE
serikat,NOR
israel,GPE
iran,GPE
regional,NOR
lebanon,GPE
irak,GPE
yaman,GPE
poros,NOR
faksi,NOR
palestina,GPE
hamas,GPE
suriah,GPE
bashar,NOR
khamenei,NOR
amerika,GPE
serikat,GPE
israel,GPE
iran,GPE
israel,GPE
iran,GPE
teheran,GPE
khamenei,NOR
trump,PER
israel,GPE
teheran,GPE
pemimpin tertinggi iran,NOR
ayatollah ali khamenei,PER
as,GPE
februari,DAT
kamera pengawas cctv,PRD
khamenei,PER
mojtaba,LOC
khamenei,PER
cia,NOR
mossad wion,PER
perang,NOR
timur,EVT
lebanon,GPE
al,PER
mayadeen,ORG
teheran,GPE
khamenei,PER
al quran,REG
pemerintah,NOR
iran,GPE
ali khamenei,PER
asisrael,PER
alquran,REG
jend qasem soleimani,PER
al,ORG
ai,PER
cctv,PRD
netanyahu,ORG
trump,PER
serang,PER
iran,GPE
ali,PER
februari,NOR
as,GPE
israel,GPE
teheran,GPE
iran,GPE
fury,PER
amerika,GPE
serikat,GPE
israel,GPE
roaring,PER
lion,PER
washington,GPE
teheran,GPE
iran,GPE
iran,GPE
israel,GPE
pangkalan,NOR
as,GPE
timur,ORG
jakarta,GPE
ketua dpr ri,NOR
puan maharani,PER
pemimpin tertinggi republik islam iran,NOR
ayatollah ali khamenei,PER
rapat paripurna pembukaan sidang iv kompleks parlemen jakarta,EVT
dpr ri,NOR
ayatollah,PER
pimpinan tertinggi republik islam iran,NOR
israel,GPE
amerika serikat,GPE
iran,GPE
indonesia,GPE
china,GPE
mojtaba,NOR
khamenei,PER
israel,GPE
pemimpin iran indonesia,NOR
iran,GPE
as,GPE
israel,GPE
iran,GPE
konflik timur,EVT
lembaga,NOR
global,EVT
keseimbangan,EVT
trump,GPE
pemimpin,NOR
iran,GPE
as,GPE
israel,GPE
iran,GPE
israel,GPE
teheran,GPE
iran,GPE
israel,GPE
associated,ORG
pemimpin,NOR
iran,GPE
ali,PER
amerika,GPE
serikat,GPE
as,GPE
prabowo,PER
timur,NOR
ali,PER
iran,GPE
tujuh,CRD
pemimpin tertinggi iran,NOR
ayatollah ali khamenei,PER
maret,DAT
cek,ORG
februari,DAT
ali khamenei,PER
maret,DAT
facebook,PRD
ali khamenei,PER
alhamdulillah,REG
pemimpin agung,NOR
ali khamenei,PER
maret,PER
ali khamenei,PER
amerika serikat israel,GPE
iran,GPE
kota,GPE
tel aviv,GPE
ali khamenei,PER
cek fakta,ORG
google,ORG
instagram,PRD
iran,GPE
tabrizisna,PER
februari,PER
khamenei,NOR
provinsi,ORG
azerbaijan,GPE
timur,ORG
khomeini,PER
husseiniyeh,PER
teheran,GPE
iran,GPE
wire,PER
februari,PER
khamenei,PER
presiden,NOR
amerika serikat,GPE
donald,PER
trump,PER
amerika,GPE
khamenei,PER
amerika serikat,GPE
republik,PER
islam,REG
iran,GPE
amerika,GPE
serikat,ORG
iran,GPE
ayatollah ali khamenei,PER
israelas,GPE
khamenei,PER
khamenei,PER
tim cek fakta,ORG
khamenei,PER
facebook,PRD
iran,GPE
cek fakta,ORG
artificial intelligence,PRD
the hive,ORG
khamenei,PER
sight engine,ORG
ai al jazeera iran,NOR
tujuh libur,EVT
iran,GPE
pemerintah,NOR
iran,GPE
iran,GPE
manipulatif,ORG
the,ORG
stasiun televisi pemerintah iran,NOR
pemimpin,NOR
ayatollah ali khamenei khamenei,PER
amerika serikat,GPE
israel,GPE
teheran,GPE
iran,GPE
iran,GPE
selat hormuz,LOC
instagram,PRD
shah iran,NOR
republik islam,NOR
reza pahlavi,PER
amerika serikat,GPE
iran,GPE
khamenei,PER
iran,GPE
republik islam,NOR
reza pahlavi,PER
instagram,PRD
khamenei,PER
pahlavi,GPE
iran,GPE
pemerintah,NOR
rezim,NOR
bangsa,NOR
pahlavi,NOR
bersatu,NOR
pemerintah,NOR
iran,GPE
dewan,NOR
bbc,NOR
leadership,NOR
teheran,GPE
presiden,NOR
as,GPE
donald,PER
trump,PER
operasi,EVT
iran,GPE
pemimpin tertinggi iran,NOR
ayatollah ali khamenei,PER
iran,GPE
tasnim fars,PER
the new york times,ORG
satelit airbus defence and space,PRD
israel,GPE
amerika serikat,GPE
beite rahbari,PER
ali khamenei,PER
reza pahlavi,PER
iran,GPE
khamenei,PER
amunisi penghancur bunker bunkerbuster senjata,PRD
iran,GPE
tujuh libur nasional,EVT
khamenei,PER
iran,GPE
ali,PER
khamenei,PER
iran,GPE
khamenei,PER
teheran,GPE
starlink,ORG
farzad,PER
teheran,GPE
kota,GPE
riuh,ORG
iran,GPE
ali khamenei,PER
bunker teheran,LOC
as,GPE
amerika serikat,GPE
as,NOR
israel,GPE
iran,GPE
komando strategi,ORG
lokasi,NOR
iran,GPE
pemimpin tertinggi iran,NOR
pemerintahan militer iran,NOR
islamic republic news agency irna,ORG
khamenei,PER
khamenei,PER
presiden iran,NOR
masoud pezeshkian,PER
khamenei,PER
deklarasi perang terbuka umat,EVT
islam,REG
islam,REG
aljazeera irna,PER
iran,GPE
as,GPE
israel,GPE
iran,GPE
ali khamenei,PER
ali khamenei,PER
iran,GPE
amerika,GPE
serikat,NOR
israel,GPE
ali shamkhani,PER
sekretaris,NOR
dewan,NOR
iran,GPE
pemimpin,NOR
ali,PER
khamenei,PER
as,GPE
iran,GPE
nuklir,NOR
shamkhani,PER
israel,GPE
juni,NOR
iran,GPE
israel,GPE
sekretaris,NOR
dewan,NOR
iran,GPE
lembaga,NOR
pertahanan,NOR
teheran,GPE
pemimpin tertinggi iran,NOR
ayatollah ali khamenei,PER
iran,GPE
israel,GPE
khamenei,PER
shalat teheran,EVT
kali khamenei,PER
iran,GPE
israel,GPE
hizbullah,NOR
israel,GPE
besarbesaran,EVT
lebanon,GPE
pemimpin,NOR
iran,GPE
nasrallah,REG
lebanon,GPE
palestina,GPE
hamas,GPE
israel,GPE
oktober,DAT
israel,GPE
lebanon,GPE
israel,GPE
israel,GPE
lintas batas,PRD
hizbullah,NOR
hizbullah lebanon,NOR
september,NOR
kementerian kesehatan lebanon,NOR
israel,GPE
israel,GPE
jenderal iran,NOR
pemimpin hamas,NOR
ismail,PER
komandan,NOR
hizbullan,NOR
pemimpin,NOR
hizbullah,NOR
hassan,NOR
nasrallah,REG
nasrallah,NOR
pemimpin,NOR
iran,GPE
iran,GPE
farsi,NOR
arab,GPE
israel,GPE
iran,GPE
hizbullah,NOR
iran,GPE
nasrallah,NOR
shalat,REG
khamenei,NOR
hizbullah,NOR
lebanon,GPE
hizbullah,NOR
israel,GPE
hizbullah,NOR
gaza,NOR
masjid,NOR
yerusalem,GPE
rezim,NOR
israel,GPE
islam,NOR
khamenei,NOR
khotbah,REG
shalat,REG
pemimpin,NOR
iran,GPE
hamas,GPE
palestina,GPE
israel,GPE
oktober,DAT
mui,NOR
ali khamenei,PER
israelas,GPE
majelis ulama indonesia mui,NOR
pemimpin tertinggi iran,NOR
ali khamenei,PER
israelamerika,GPE
februari,DAT
mui,NOR
israelamerika,GPE
iran,GPE
ahad tausiyah,NOR
kepdpmuiiii,LAW
ketua mui,NOR
kh anwar,PER
sekjen mui,NOR
buya amirsyah,PER
mui,NOR
mui desak ri board of peace,NOR
asisrael iran,NOR
ketua mui,NOR
kh anwar iskandar belasungkawa,PER
ali khamenei,PER
mui,NOR
pemimpin tertinggi iran,NOR
ali khamenei,PER
israelamerika,GPE
ilaihi,NOR
syahada,NOR
aamin,NOR
ketua,NOR
mui,NOR
anwar,PER
iskandar,NOR
mui,NOR
israel,GPE
amerika,GPE
serikat,NOR
uud,NOR
indonesia,GPE
dunia,NOR
anwar,PER
mui,NOR
israel,GPE
amerika,GPE
iran,GPE
eskalasi,NOR
timur,NOR
amerika,GPE
israel,GPE
iran,GPE
pbb,NOR
ketua,NOR
mui,NOR
waketum,NOR
mui,NOR
mui,NOR
iran,GPE
teluk,NOR
amerika,GPE
israel,GPE
mui,NOR
iran,GPE
pangkalan,NOR
mui,NOR
israel,GPE
amerika,GPE
sekolah,NOR
iran,GPE
mui,NOR
mui,NOR
iran,GPE
iran,GPE
palestina,GPE
israelpalestina,GPE
mui,NOR
juru,NOR
israel,GPE
palestina,GPE
kemenhaj,NOR
timur,NOR
mui,NOR
amerika,GPE
serikat,NOR
palestina,GPE
peace,NOR
mui,NOR
timpang,NOR
palestina,GPE
mui,NOR
pemerintah,NOR
indonesia,GPE
palestina,GPE
mui,NOR
mui,NOR
presiden,NOR
amerika,GPE
serikat,NOR
donald,NOR
trump,NOR
israel,GPE
iran,GPE
proksi,NOR
mui,NOR
umat islam,NOR
dunia,NOR
qunut,NOR
shalat,NOR
umat,NOR
muslim,NOR
mui,NOR
pbb,NOR
oki,NOR
mui,NOR
kiai,NOR
anwar,PER
mui,NOR
pt,NOR
cyber,NOR
group,NOR
all,NOR
iran,GPE
amerika serikat as,GPE
israel,GPE
republik islam,NOR
iran,GPE
islamic republic news agency irna,ORG
ayatollah ali khamenei,PER
asisrael iran,NOR
ri,NOR
khamenei,PER
masoud pezeshkian,PER
islam,REG
iran,GPE
asisrael,NOR
khamenei,PER
iran,GPE
iran,GPE
udara,NOR
narnak timur laut,NOR
teheran,GPE
ahmadinejad,PER
iran,GPE
barat,NOR
israel,GPE
khamenei,PER
shamkhani,NOR
kepala,NOR
dewan,NOR
nasional,NOR
nuklir,NOR
iran,GPE
mousavi,ORG
rudal balistik iran,NOR
kepala,NOR
angkatan bersenjata,NOR
juni,PER
ayatollah ali khamenei,PER
pemimpin tertinggi iran menjabat iran,NOR
ali khamenei,PER
forbes,ORG
presiden negaranya iran,NOR
kapal tanker minyak,PRD
israel,GPE
iran,GPE
presiden iran,NOR
revolusi,EVT
iran,GPE
pahlavi,NOR
mohammad,PER
reza shah pahlavi,PER
ruhollah,PER
khomeini,PER
partai republik islam,NOR
mohammadali rajai,PER
revolusi,REG
islam,REG
iran,GPE
korea,GPE
selatan,NOR
ali khamenei khamenei,PER
juli,DAT
delapan,CRD
seyyed javad,PER
khadijeh,PER
mirdamadi,PER
mashhad,PER
iran,GPE
ulama,REG
iran,GPE
pemerintahan,NOR
shah,PER
mohammad,PER
reza,PER
pahlavi,PER
raja,PER
agama,REG
khamenei,PER
ulama,REG
mehdi,PER
khalaji,PER
ayatullah,PER
bbc,PER
sepantarannya,PER
ulamanya,REG
khamenei,PER
minyak,REG
oman,PER
israel,GPE
tuduh,REG
iran,GPE
ali,PER
khamenei,PER
khamenei,PER
raja,NOR
shah,PER
ulama,REG
ayatollah,PER
ruhollah,PER
khomeini,PER
ayatollah,PER
islam,REG
iran,GPE
ali,PER
khamenei,PER
ayatullah,PER
iran,GPE
polisi,NOR
raja,NOR
shah,PER
enam,CRD
ulama,REG
ali,PER
khamenei,PER
houshang,PER
asadi,PER
komunis,NOR
ulama,REG
komunis,NOR
shah,PER
ayatollah ali khamenei,PER
amerika serikat,GPE
presiden amerika serikat,NOR
donald trump,PER
kepemimpinan iran,NOR
pidatonya ibadah shalat universitas,EVT
teheran,ORG
khamenei,GPE
mahmoud ahmadinejad,PER
mir hossein mousavi,PER
khamenei khamenei,PER
iran,GPE
mousavi,NOR
kota,GPE
teheran,GPE
pemilu,EVT
ahmadinejad,PER
pemerintah iran,NOR
khamenei,PER
mir,PER
hossein,NOR
mousavi,NOR
tujuh,CRD
mousavi,NOR
pemilu,EVT
dewan,NOR
iran,GPE
presiden,NOR
pemilu,EVT
dewan,NOR
garda,NOR
pemilu,EVT
pemilu,EVT
iran,GPE
pemilu,EVT
iran,GPE
pemilu,EVT
pemimpin tertinggi iran,NOR
ayatollah ali khamenei,PER
israel,GPE
teherankompascom pemimpin tertinggi iran,NOR
ayatollah khamenei,PER
pemilu presiden teheran,EVT
khamenei,PER
mahmoud ahmadinejad,PER
khamenei,PER
khamenei,PER
mir hossein mousavi,PER
mousavi,PER
pemilu khamenei,EVT
universitas teheran,ORG
polisi,NOR
mousavi,PER
mousavi,PER
delapan,CRD
israel,GPE
khamenei,GPE
ayatollah ali khamenei,PER
amerika,GPE
serikat,NOR
israel,GPE
teheran,GPE
iran,GPE
khamenei,NOR
republik,GPE
islam,NOR
iran,GPE
khamenei,PER
rill,GPE
palestina,GPE
miliar dollar as,MON
the axis,ORG
of,LOC
resistence,ORG
teheran,GPE
israel,GPE
palestina,GPE
hamas,NOR
juta dollar as,MON
rudal drone,PRD
khamenei,GPE
palestina,GPE
iran,GPE
hamas,NOR
islam,REG
iran,GPE
palestina,GPE
iran,GPE
palestina,GPE
teheran,GPE
pemimpin,NOR
pemimpin,NOR
faksifaksi,NOR
korps,NOR
garda,NOR
revolusi,NOR
islam,REG
iran,GPE
suriah,GPE
assad,NOR
palestina,GPE
teheran,GPE
palestina,GPE
iran,GPE
faksifaksi,NOR
majelis,NOR
faksi,NOR
alireza,PER
pemimpin tertinggi iran,NOR
ayatollah ali khamenei,PER
amerika serikat,GPE
israel,GPE
timur,EVT
kapal induk,PRD
as,GPE
teluk,GPE
israel,GPE
iran,GPE
indonesia,GPE
mahkota,NOR
iran,GPE
reza pahlavi,PER
presiden as,NOR
donald trump,PER
teluk,LOC
korps garda revolusi islam iran irgc,NOR
kapal induk amerika serikat uss abraham lincoln,PRD
rudal balistik,PRD
khamenei,PER
selat,LOC
irak,GPE
timur,NOR
pakistan,GPE
kashmir,GPE
presiden,NOR
iran,GPE
teheran,GPE
muslim,GPE
teheran,GPE
pemimpin,NOR
pemerintah,NOR
iran,GPE
operasi,EVT
pangkalan,NOR
as,GPE
israel,GPE
iran,GPE
reza,GPE
ali,PER
khamenei,GPE
republik,GPE
islam,REG
iran,GPE
washington,GPE
pemimpin,NOR
iran,NOR
ayatollah ali khamenei,PER
pemilihan iran,EVT
juni,DAT
khamenei,PER
ulamaulama,PER
presiden,NOR
akbar hashemi rafsanjani,PER
abbas milani,PER
analis,ORG
universitas stanford kongres as,ORG
washington,NOR
iran,GPE
rafsanjani,PER
mahmoud,PER
ahmadinejad,PER
iran,NOR
ketua majelis tertinggi iran,NOR
pemimpin revolusi iran,NOR
ayatollah,PER
khomeini rafsanjani ulama,PER
ketua badan arbitrasi politik iran,NOR
dewan,NOR
pemimpin tertinggi pemerintahan,NOR
ahmadinejad,PER
rafsanjani,PER
presiden,NOR
mohammad,PER
khatami,PER
kisruh,PER
iran,NOR
milani,PER
ayatollah,PER
khamenei,PER
hossein,PER
ali,PER
montazeri,PER
jalaluddin,PER
taheri,PER
youssouf,PER
javad,PER
amoli,PER
khamenei,PER
pemimpin,NOR
harihari,PER
khamenei,PER
pemimpin,NOR
ketua,NOR
ahmadinejad,PER
komandan,NOR
dewan,NOR
revolusi iran,NOR
milani,PER
suzanne,PER
the,ORG
brookings,ORG
institution,NOR
washington,NOR
iran,NOR
iran,NOR
maloney,PER
karim,PER
endowment,PER
for,NOR
komisi,NOR
negeri,NOR
as,NOR
khamenei,PER
rezim,NOR
anjloknya,PER
republik iran,NOR
pemilu,EVT
rakyat,NOR
iran,NOR
ayatollah,PER
ali,PER
khamenei,PER
khamenei,PER
iran,GPE
khamenei,PER
ali khamenei,PER
israel,GPE
ayatollah ali khamenei,PER
louisville,GPE
jalan kota,LOC
louisville,GPE
kentucky,LOC
ali,PER
sembilan,CRD
ali,PER
lonnie,PER
ali,PER
ali,PER
ali,PER
muhammad ali,PER
ali,PER
mobil,PRD
the greatest,ORG
muhammad ali,PER
cave hill,LOC
ashia,PER
powell,ORG
clay,PER
the,ORG
kfc,PER
yum,PER
center,ORG
presiden,ORG
as,GPE
bill,PER
clinton,PER
senator,ORG
orrin,PER
spike,PER
lee,PER
jim,PER
brown,PER
arnold,PER
schwarzenegger,PER
david,PER
beckham,PER
whoopi,ORG
goldberg,PER
nba,ORG
abduljabbar,PER
muhammad,PER
ali,PER
presiden,ORG
clinton,PER
kevin,PER
cosby,PER
gereja,ORG
louisville,PER
ali,PER
afrikaamerika,ORG
teheran,GPE
pemimpin tertinggi iran,NOR
ayatollah ali khamenei,PER
teheran,GPE
senjata nuklir,PRD
republik islam,NOR
senjata nuklir,PRD
senjata nuklir,PRD
senjata nuklir,PRD
khamenei,PER
iran,GPE
pemerintahanpemerintahan,NOR
iran,GPE
enam,CRD
teheran,GPE
atom,PRD
iran,GPE
energi nuklir,PRD
republik,GPE
islam,NOR
as,GPE
eropa,GPE
israel,GPE
teheran,GPE
senjata nuklir,PRD
khamenei,PER
menteri negeri as,NOR
hillary clinton,PER
iran,NOR
pemimpin,NOR
iran,GPE
barat,NOR
iran,GPE
republik,GPE
islam,GPE
iran,GPE
as,GPE
inggris,GPE
prancis,GPE
rusia,GPE
china,GPE
jerman,GPE
oktober,DAT
uni,GPE
eropa,GPE
turki,GPE
khamenei,NOR
quds,GPE
jerusalem,GPE
israel,GPE
pemerintahan,NOR
iran,GPE
quds,NOR
iran,GPE
palestina,GPE
timur,GPE
iran,GPE
rezim,NOR
zionis,GPE
republik,GPE
islam,GPE
pemimpin,NOR
israel,GPE
gaza,GPE
barat,NOR
iran,GPE
kilomter,NOR
israel,GPE
teheran,GPE
pemilihan presiden iran,EVT
pemimpin,NOR
ayatollah ali khamenei,PER
mir houssein mousavi,PER
mehdi karroubi,PER
teheran,NOR
khamenei,PER
allahu akbar,REG
dewan pengawal revolusi,NOR
mousavi zahra rahnavard,PER
asisten karroubi bbc,NOR
mousavi,PER
mohammad khatami,PER
presiden,NOR
reformis sekutu,NOR
mousavi,PER
pemilihan presiden,EVT
juni,DAT
mahmoud ahmadinejad,PER
persen,PRC
persen,PRC
hossein mousavi,PER
pemerintah revolusi islam,NOR
amnesty internasional,NOR
presiden amerika serikat,NOR
barack,PER
obama,NOR
iran,NOR
teror,NOR
ayatollah,PER
khamenei,PER
pemimpin,NOR
iran,NOR
otorita,NOR
pemilihan,EVT
khamenei,PER
iran,NOR
berlanjut,NOR
pemimpin,NOR
rafsanjani,PER
majelis,NOR
pemimpin,NOR
bbc,NOR
revolusi islam,NOR
iran,NOR
dewan,NOR
mousavi,PER
mehdi,PER
karroubi,PER
mosesn,PER
rezai,PER
dewan,NOR
pemilu,EVT
pemimpin tertinggi iran,NOR
ayatollah ali khamenei,PER
as,GPE
pemimpin tertinggi iran,NOR
ayatollah ali khamenei,PER
houthi yaman,ORG
kapal induk as laut merah,PRD
israel,GPE
pemimpin tertinggi iran,NOR
ayatollah ali khamenei,PER
teheran,GPE
komandan angkatan laut garda revolusi,NOR
alireza tangsiri,PER
israel,GPE
as,GPE
israel,GPE
republik islam iran,NOR
iran,GPE
trump,PER
iran,GPE
as,GPE
nato,GPE
iran,GPE
februari,DAT
sebulan,EVT
moussa nowruzi,PER
lapangan enghelab lautan manusia,LOC
iran,GPE
tangsiri,PER
iran,GPE
presiden,NOR
as,GPE
donald,PER
trump,PER
iran,GPE
teheran,GPE
trump,PER
hormuz,PER
amerika,GPE
mohammad,PER
pemerintah,NOR
trump,PER
iran,GPE
pemimpin,NOR
ali,PER
pemerintahan,NOR
iran,GPE
trump,PER
iran,GPE
iran,GPE
iran,GPE
press tv tasnim,ORG
fars,PER
pemimpin tertinggi iran,NOR
ayatollah ali khamenei,PER
presiden amerika serikat as,NOR
donald trump,PER
ali khamenei,PER
asisrael,ORG
khamenei,PER
iran,GPE
khamenei,PER
as,GPE
israel,GPE
fars,NOR
media,ORG
iran,NOR
israel,GPE
as,GPE
ali khamenei,PER
iran,GPE
iran,GPE
new york times,ORG
satelit airbus defence and space bangunan utama,PRD
khamenei,PER
beite,ORG
khamenei,PER
beite,ORG
rahbari,ORG
iran,GPE
khamenei,PER
perimeter,ORG
pola,PER
bunker,LOC
tribunnewscom,ORG
pemimpin,ORG
ayatollah,ORG
khamenei,PER
asisrael,PER
iran,GPE
presiden as,NOR
donald trump,PER
pemimpin tertinggi iran,NOR
ayatollah ali khamenei,PER
amerika,GPE
serikat israel,NOR
trump,PER
keadilan perdamaian,NOR
timur,EVT
felix siauw,PER
perang dunia iii,EVT
jakarta,GPE
pemimpin tertinggi iran,NOR
ayatollah,PER
ali khamenei,PER
amerika serikat,GPE
israel,GPE
presiden amerika serikat,NOR
donald trump,PER
donald trump,PER
ali khamenei,PER
iran,GPE
khamenei,PER
trump,PER
truth social usa,PRD
today,ORG
iran,GPE
amerika,GPE
khamenei,PER
iran,GPE
bebernya,PER
donald trump,PER
ustaz,PER
felix,PER
siauw,PER
instagramnya,PER
ustaz,PER
felix,PER
siauw,PER
timur,NOR
ali,PER
khamenei,PER
ketiga,ORD
bop,PER
donald,PER
trump,PER
iran,GPE
newasin,NOR
israel,GPE
ustaz,PER
felix,PER
siauw,PER
instagram,PER
amerikaisrael,GPE
nyerang,PER
iran,GPE
war,NOR
ketiga,ORD
donald,PER
trump,PER
ali,PER
khamenei,PER
donald,PER
trump,PER
ustaz,NOR
felix,PER
siauw,PER
timur,NOR
trump,PER
trump,PER
pemimpin,NOR
iran,GPE
ali,PER
khamenei,PER
ustaz,GPE
felix,PER
siauw,PER
ngetweet,PER
the,ORG
middle,NOR
east,PER
indeed,PER
the,ORG
world,NOR
peace,NOR
jakarta,GPE
pemimpin,NOR
iran,GPE
ayatollah,PER
ali,PER
amerika,GPE
serikat,NOR
israel,GPE
presiden,NOR
amerika,GPE
serikat,NOR
donald,PER
trump,PER
donald trump,PER
ali,PER
khamenei,PER
iran,GPE
khamenei,PER
trump,PER
usa,GPE
today,PER
iran,GPE
amerika,GPE
khamenei,PER
iran,GPE
bebernya,PER
donald,PER
trump,PER
ustaz,PER
felix,PER
siauw,PER
ustaz,PER
felix siauw,PER
timur,NOR
ali,PER
ketiga,NOR
bop,PER
donald,PER
trump,PER
iran,GPE
newasin,PER
israel,GPE
ustaz,PER
felix,PER
siauw,PER
instagram,PER
amerikaisrael,GPE
iran,GPE
war,NOR
ketiga,ORD
donald,PER
trump,PER
ali,PER
khamenei,PER
donald trump,PER
ustaz,PER
felix,PER
timur,NOR
trump,PER
trump,PER
pemimpin,NOR
iran,GPE
ali,PER
khamenei,PER
ustaz,PER
teheran,GPE
komandan angkatan laut garda revolusi,NOR
alireza tangsiri,PER
israel,GPE
as,GPE
israel,GPE
republik islam iran,NOR
iran,GPE
trump,PER
iran,GPE
as,GPE
nato,GPE
iran,GPE
februari,DAT
sebulan,EVT
moussa nowruzi,PER
lapangan enghelab lautan manusia,LOC
iran,GPE
tangsiri,PER
iran,GPE
presiden,NOR
as,GPE
donald,PER
trump,PER
iran,GPE
teheran,GPE
trump,PER
hormuz,PER
amerika,GPE
mohammad,PER
pemerintah,NOR
trump,PER
iran,GPE
pemimpin,NOR
ali,PER
pemerintahan,NOR
iran,GPE
trump,PER
iran,GPE
iran,GPE
tribunpalucom,ORG
pemimpin tertinggi iran,NOR
ali khamenei,PER
amerika,GPE
serikat,NOR
israel,GPE
rudal presisi,PRD
khamenei,PER
iran,GPE
central intelligence agency cia,NOR
teheran,GPE
khamenei,PER
ali khamenei,PER
rudal,PRD
jet tempur,PRD
as,GPE
ali khamenei,PER
teheran,GPE
nasional,NOR
iran,GPE
khamenei,PER
pemerintah,NOR
iran,GPE
irna,PER
try,PER
wapres,NOR
soeharto,PER
ali,PER
as,GPE
israel,GPE
pemimpin,NOR
iran,GPE
pemerintah,NOR
iran,GPE
tribunnewscom,NOR
tuhan,REG
ayat,PER
iran,GPE
pemerintah,NOR
amerika,GPE
zionis,NOR
jihad,NOR
pemimpin,NOR
revolusi,NOR
islam,REG
ayatollah,PER
pemimpin tertinggi iran,NOR
ali khamenei,PER
israelamerika,GPE
serikat,GPE
khamenei,NOR
pemerintahan iran irinn,NOR
barat,NOR
pemerintahan republik islam,NOR
berkabung,EVT
tujuh,EVT
khamenei,PER
tv,ORG
pemerintah iran,NOR
irinn,ORG
khamenei,PER
alquran,REG
pemerintah iran,NOR
as,GPE
militer iran,NOR
khamenei,PER
republik islam,NOR
khamanei,PER
pemimpin tertinggi iran,NOR
rudal asisrael,PRD
khamanei,PER
republik islam iran,NOR
sayyid syarif ali hosseini khamenei alhusaini marja,PER
muslim syiah,NOR
pemimpin tertinggi republik islam iran,NOR
khamenei,PER
nabi,NOR
muhammad,PER
saw jalur,NOR
husaini,PER
pasal konstitusi republik islam,NOR
iran,GPE
negara,NOR
panglima,NOR
angkatan,NOR
khamenei,PER
revolusi iran,NOR
rezim,NOR
reza,PER
pahlevi,NOR
barat,NOR
hindari,NOR
rudal,NOR
iran,GPE
pangkalan militer as qatar revolusi iran khamenei,NOR
dewan revolusi,NOR
imam,NOR
salat,PER
teheran,NOR
wakil,NOR
menteri pertahanan,NOR
wakil teheran,NOR
majelis,NOR
islam,NOR
presiden iran,NOR
ruhollah,NOR
khomeini,PER
majelis,NOR
ahli,NOR
pemimpin iran,NOR
teheran,GPE
pemimpin tertinggi iran,NOR
mojtaba khamenei,PER
iran,GPE
ali larijani,PER
amerika,GPE
serikat,NOR
israel,GPE
mojtaba,ORG
larijani,PER
larijani,PER
mojtaba khamenei,PER
anadolu mojtaba,PER
ali larijani,PER
iran,GPE
larijani,PER
islam,REG
iran,GPE
detikdetik,ORG
mojtaba,PER
khamenei,PER
israel,GPE
ali,PER
iran,GPE
amerika,GPE
serikat,GPE
israel,GPE
alireza,PER
dewan,NOR
iran,GPE
amerika,GPE
serikat,GPE
israel,GPE
iran,GPE
februari,PER
pemimpin,NOR
ali,PER
iran,GPE
israel,GPE
yordania,GPE
irak,GPE
teluk,GPE
amerika,GPE
serikat,GPE
menteri negeri,NOR
iran,GPE
abbas,PER
iran,GPE
republik,GPE
islam,REG
iran,GPE
al,NOR
jazeera,PER
pemerintahan,NOR
iran,GPE
ali khamenei,PER
khamenei,PER
islam,REG
syiah teheran,NOR
khamenei,PER
khamenei,PER
iran,GPE
tujuh,CRD
iran,GPE
teheran,NOR
iran,GPE
irna,PER
dewan beranggotakan orang,NOR
kepemimpinan,NOR
dewan transisi,NOR
pemerintahan keamanan nasional iran,NOR
presiden pezeshkian,NOR
ketua kehakiman,NOR
gholamhossein mohseni,PER
dewan,NOR
tribunnewscom,ORG
iran,NOR
presiden,NOR
masoud,PER
khamenei,NOR
presiden,NOR
iran,GPE
masoud,PER
pezeshkian,NOR
ayatollah,PER
ali,PER
khamenei,PER
amerika,GPE
serikat,NOR
iran,GPE
pemerintah iran,NOR
pemimpin tertinggi iran,NOR
ayatollah ali khamenei,PER
amerika,GPE
serikat israel,NOR
tasnim,PER
fars news agency,ORG
khamenei,PER
pemerintah,NOR
iran,GPE
tujuh,CRD
pemimpin,NOR
teheran,GPE
pemerintah,NOR
iran,GPE
pemimpin,NOR
iran,GPE
ayatollah,PER
ali khamenei,PER
amerika,GPE
serikat,NOR
israel,GPE
tasnim,PER
fars news agency,ORG
khamenei,PER
pemerintah,NOR
iran,GPE
tujuh,CRD
the new york times,ORG
satelit airbus defence and space,PRD
kompleks,LOC
beite rahbari,LOC
beite,ORG
pemimpin,NOR
iran,GPE
pemerintah,NOR
iran,GPE
sekolah,ORG
iran,GPE
selatan,NOR
provinsi,ORG
presiden,NOR
amerika,GPE
serikat,GPE
donald,PER
trump,PER
khamenei,PER
as,GPE
israel,GPE
washington,GPE
perdana,NOR
menteri,NOR
israel,GPE
benjamin,PER
netanyahu,ORG
khamenei,PER
menteri negeri,NOR
iran,GPE
abbas,PER
araghchi,PER
nbc,ORG
khamenei,PER
teheran,GPE
pemerintah,NOR
iran,GPE
pemimpin,NOR
iran,GPE
ayatollah,PER
ali,PER
khamenei,PER
amerika,GPE
serikat,NOR
israel,GPE
fars,NOR
news,ORG
khamenei,PER
pemerintah,NOR
iran,GPE
tujuh,CRD
pemimpin,NOR
the,ORG
new,NOR
york,PRD
times,ORG
airbus,ORG
defence,NOR
beite,ORG
rahbari,PER
teheran,GPE
beite,PER
rahbari,ORG
pemimpin,NOR
iran,GPE
pola,ORG
pemerintah,NOR
iran,GPE
sekolah,ORG
iran,GPE
selatan,NOR
provinsi,ORG
presiden,NOR
amerika,GPE
serikat,NOR
donald,PER
trump,PER
februari,PER
khamenei,PER
as,GPE
israel,GPE
washington,GPE
menteri,NOR
israel,GPE
benjamin,PER
netanyahu,ORG
khamenei,PER
menteri negeri,NOR
iran,GPE
abbas,PER
araghchi,ORG
nbc,ORG
khamenei,PER
iran,GPE
bangsa iran,NOR
ayatollah agung ali khamenei,PER
pemimpin tertinggi revolusi islam,NOR
amerika serikat,GPE
zionis,GPE
pemerintah,NOR
iran,GPE
khamenei,PER
ayatollah ali khamenei,PER
israel,GPE
amerika serikat,GPE
iran,GPE
ali khamenei,PER
khamenei,PER
as,GPE
israel,GPE
khamenei,PER
teheran,GPE
televisi,NOR
pemerintah iran,NOR
ali khamenei,PER
iran,GPE
israel,GPE
khamenei,PER
khamenei,PER
presiden as,NOR
donald trump,PER
perdana menteri israel,NOR
benjamin netanyahu,PER
khamenei,PER
operation epic fury,EVT
as,GPE
israel,GPE
iran,GPE
pangkalan militer fasilitas nuklir sistem,FAC
pertahanan,LOC
udara gedung pemerintahan,FAC
kompleks khamenei,LOC
khamenei,PER
presiden as,NOR
donald trump,PER
truth,PER
khamenei,PER
rezim,NOR
iran,GPE
revolusi,EVT
ayatollah berkuasa,EVT
tribunvideocom,ORG
tribunnewscom,ORG
ali,EVT
as,EVT
israel,GPE
timur,EVT
pemerintah,NOR
teheran,GPE
isfahan mashhad,PER
khamenei,PER
pemerintah iran,NOR
tujuh,CRD
keamanan,NOR
milisi basij,NOR
shiraz,NOR
polisi antihuruhara,NOR
air,PRD
petinggi militer iran,NOR
menteri pertahanan,NOR
aziz nasirzadeh,PER
kepala,NOR
staf,NOR
abdolrahim,ORG
mousavi,NOR
panglima,NOR
irgc,NOR
mohammad,PER
kepala,NOR
dewan pertahanan,NOR
ali,PER
shamkhani,NOR
komando,NOR
iran,GPE
khamenei,EVT
negeri,NOR
muslim syiah kashmir,NOR
jalan karachi,NOR
pakistan,GPE
polisi,NOR
pemerintah,NOR
irak,GPE
solidaritas,EVT
iran,GPE
iran,GPE
presiden,NOR
masoud,NOR
kepala,NOR
peradilan,NOR
kekosongan,EVT
saudara,EVT
revolusi,NOR
tribunvideocomtribunnewscom,NOR
tribunnewscom,NOR
nasional iran,NOR
pemimpin tertinggi iran,NOR
ayatollah ali khamenei,PER
viory,PER
enam,CRD
polisi,NOR
konsulat as,NOR
jembatan zona hijau bagdad,LOC
gedunggedung,FAC
pemerintahan irak,NOR
kedutaan amerika serikat,NOR
amir mousawi,PER
irak,GPE
republik islam,NOR
khamenei,PER
kedutaan as,NOR
reza pahlavi,PER
khamenei,PER
pahlavi,PER
amerika serikat,GPE
iran,GPE
iran,GPE
polisi,NOR
demokratis,NOR
washington,GPE
reza pahlavi,PER
monarki,NOR
iran,GPE
pemimpin,NOR
iran,GPE
ayatollah,PER
ali khamenei,PER
as,GPE
israel,GPE
pahlavi,GPE
khamenei,PER
rezim,NOR
republik islam iran,NOR
pahlavi,PER
amerika serikat,GPE
revolusi,NOR
iran,GPE
iran,GPE
polisi,NOR
demokratis,NOR
pahlavi,PER
rezim,NOR
khamenei,PER
pemimpin,NOR
pemimpin,NOR
iran,GPE
khamenei,PER
pahlavi,PER
negeri,NOR
khamenei,PER
iran,GPE
as,GPE
israel,GPE
komandan,NOR
irgc,PER
mohammad,PER
pahlavi,PER
khamenei,PER
reza,PER
pahlavi,PER
ayatollah,PER
ali,PER
khamenei,PER
amerika,GPE
serikat,NOR
israel,GPE
iran,GPE
republik,GPE
islam,REG
instagram,ORG
khamenei,PER
republik,GPE
iran,GPE
pahlavi,PER
rezim,NOR
iran,GPE
washington,GPE
reza,PER
pahlavi,PER
monarki,NOR
iran,GPE
pemimpin,NOR
iran,GPE
ayatollah,PER
ali,PER
khamenei,PER
pasukan,NOR
as,GPE
israel,GPE
pahlavi,PER
khamenei,PER
zahhak,PER
republik,GPE
islam,REG
iran,GPE
pahlavi,PER
amerika,GPE
serikat,NOR
revolusi,NOR
iran,GPE
iran,GPE
polisi,NOR
pahlavi,PER
khamenei,PER
pemimpin,NOR
pemimpin,NOR
iran,GPE
khamenei,PER
analis,NOR
pahlavi,PER
negeri,NOR
khamenei,PER
iran,GPE
as,GPE
israel,GPE
komandan,NOR
irgc,PER
mohammad,PER
pahlavi,PER
khamenei,PER
reza,PER
pahlavi,PER
ayatollah,PER
ali,PER
khamenei,PER
amerika,GPE
serikat,NOR
israel,GPE
iran,GPE
republik,GPE
islam,REG
konsulat as karachi,NOR
utara,GPE
pakistan,GPE
tribunvideocomtribunnewscomviory,ORG
tribunnewscom,ORG
pakistan,GPE
khamenei,PER
vioryvideo,ORG
us,PRD
consulate chaos,EVT
nine,EVT
karachi,GPE
erupt,EVT
khamenei,GPE
konsulat as pakistan,NOR
ali khamenei,PER
iran,NOR
tribunjakartacom,ORG
iran,GPE
pemimpin,NOR
ayatollah ali khamenei,PER
israel,GPE
amerika serikat as,NOR
khamenei,PER
televisi,NOR
pemerintah iran,NOR
pemerintah iran irna,NOR
iran,GPE
pemerintah,NOR
khamenei,PER
ayatollah khamenei,PER
pemimpin,NOR
revolusi islam,NOR
zionis,GPE
amerika serikat,GPE
kabinet,NOR
pemimpin revolusi irna menteri negeri iran,NOR
abbas araghchi,PER
khamenei,PER
israelas,GPE
nbc news teheran,ORG
abbas khamenei,PER
khamenei,PER
ketua lembaga peradilan hidup,NOR
ketua parlemen,NOR
sekretaris dewan keamanan nasional,NOR
abbas,PER
abbas,PER
iran,GPE
pemerintah,NOR
iran,GPE
abbas,PER
abbas,NOR
as,GPE
abbas,PER
iran,GPE
amerika,GPE
israel,GPE
teluk,NOR
persia,GPE
israel,GPE
iran,GPE
pemimpin tertinggi iran,NOR
ali khamenei,PER
iran,GPE
teheran,GPE
amerika,GPE
serikat,NOR
israel,GPE
pusat as,NOR
united states central command centcom platform x,ORG
as,GPE
indonesia,GPE
timur,NOR
iranas,GPE
amerika serikat,GPE
iran,GPE
asisrael,NOR
negara khamenei,NOR
parlemen as partai republik partai demokrat as,NOR
presiden as,NOR
donald trump,PER
pemimpin tertinggi iran presiden as,NOR
donald trump,PER
pemerintahan iran,NOR
khamenei,PER
trump,PER
iran,GPE
trump,PER
iran,GPE
trump,PER
teheran,GPE
as,GPE
iran,GPE
putih,NOR
trump,PER
amerika,GPE
serikat,NOR
trump,PER
as,GPE
trump,PER
cbs,NOR
news,NOR
rudal,PRD
iran,GPE
as,GPE
donald,PER
trump,PER
iran,GPE
as,GPE
trump,PER
operasi,EVT
trump,PER
iran,GPE
amerika,GPE
serikat,NOR
iran,GPE
michael,NOR
universitas,NOR
stanford,NOR
duta,NOR
as,GPE
rusia,GPE
cnbc,NOR
as,GPE
israel,GPE
rezim,NOR
pasukan,NOR
mcfaul,NOR
mcfaul,NOR
iran,GPE
as,GPE
iran,GPE
presiden,NOR
trump,PER
iran,GPE
yaman,GPE
irak,GPE
lebanon,GPE
israel,GPE
as,GPE
sekretaris,NOR
dewan,NOR
iran,GPE
ali,PER
iran,GPE
amerika,GPE
serikat,GPE
iran,GPE
pemimpin,NOR
iran,GPE
tentara,NOR
saddam,NOR
hussein,EVT
the,ORG
iraq,GPE
war,NOR
maret,NOR
pasukan,NOR
infanteri,NOR
kuwait,GPE
baghdad,GPE
april,NOR
as,GPE
pemerintahan,NOR
partai,NOR
baath,NOR
manuel,PER
as,GPE
tentara,NOR
iran,GPE
khamenei,PER
isak,PER
iran,GPE
khamenei,PER
ali khamenei,PER
khamenei,PER
islam,REG
syiah teheran,NOR
khamenei,PER
khamenei,PER
iran,GPE
tujuh,CRD
iran,GPE
teheran,NOR
iran,GPE
irna,PER
beranggotakan,NOR
dewan transisi,NOR
pemerintahan keamanan nasional iran,NOR
presiden pezeshkian,NOR
ketua kehakiman,NOR
gholamhossein mohseni,PER
dewan,NOR
tribunnewscom,ORG
iran,NOR
presiden,NOR
masoud,PER
khamenei,PER
ali,PER
khamenei amerika serikat,NOR
israel,GPE
ayatollah,PER
ali,PER
khamenei,PER
masoud,PER
presiden iran,NOR
iran,GPE
teheran,GPE
ayatollah,PER
ali khamenei,PER
asisrael,NOR
pemerintah,NOR
khamenei,PER
iran,GPE
teheran,GPE
ayatollah,PER
ali khamenei,PER
asisrael,NOR
teheran,GPE
kota,GPE
teheran,GPE
pemerintah iran,NOR
pemimpin tertinggi republik islam iran,NOR
ayatollah ali khamenei,PER
lapangan enghelab,LOC
iran,GPE
tangisan,REG
iran,GPE
khamenei,PER
pemimpin,NOR
teheran,GPE
ali,PER
khamenei,REG
ayat,REG
alquran,REG
surah,REG
asysyuara,REG
teheran,GPE
iran,GPE
isfahan,REG
naqshejahan,REG
yasuj,REG
lorestan,REG
iran,GPE
mashhad,REG
imam,REG
reza,REG
khamenei,REG
palestine,REG
jemaah,REG
syok,REG
khamenei,REG
iran,GPE
as,GPE
israel,GPE
teheran,GPE
pemerintah,NOR
pemerintah,NOR
tujuh,CRD
iran,GPE
teheran,GPE
pemimpin,NOR
ayatollah,REG
ali,PER
khamenei,REG
asisrael,REG
teheran,GPE
teheran,GPE
maret,REG
pemerintah,NOR
iran,GPE
republik,GPE
islam,REG
iran,GPE
ayatollah,REG
ali,REG
alunalun,REG
iran,GPE
tangisan,REG
iran,GPE
pemimpin,NOR
teheran,GPE
cincin,REG
ali,PER
khamenei,REG
ayat,REG
alquran,REG
surah,REG
teheran,GPE
iran,GPE
isfahan,REG
lapangan,LOC
naqshejahan,REG
yasuj,REG
lorestan,REG
iran,GPE
mashhad,REG
imam,REG
reza,REG
khamenei palestine,EVT
jemaah,REG
syok,REG
teheran,GPE
pemimpin tertinggi republik islam iran,NOR
ayatollah ali khamenei,PER
amerika serikat as,GPE
israel,GPE
iran,GPE
televisi,NOR
pemerintah iran,NOR
as,GPE
khamenei,PER
teheran,GPE
pemimpin,NOR
presiden as,NOR
perdana menteri israel,NOR
benjamin netanyahu,PER
presiden amerika serikat,NOR
donald trump,PER
khamenei,PER
iran,NOR
iran,GPE
pemerintah iran khamenei,NOR
asisrael,NOR
iran,GPE
ibukota teheran,GPE
eskalasi,NOR
pemerintah iran,NOR
tujuh,CRD
iran,NOR
arab,GPE
saudi,GPE
ancam,NOR
iran,NOR
timur,NOR
amerika,GPE
serikat,NOR
israel,GPE
iran,NOR
nuklir,NOR
pemerintahan,NOR
khamenei,PER
presiden,NOR
as,GPE
donald,PER
trump,PER
truth,PER
israel,GPE
iran,GPE
as,PRD
kapal fregat samudera hindia,PRD
larijani,PER
iran,GPE
angkatan laut angkatan darat republik islam,NOR
larijani,PER
menteri pertahanan israel israel,NOR
katz,PER
larijani,PER
teheran,GPE
larijani,PER
pemerintahan iran,NOR
israel,GPE
larijani,PER
pemimpin de facto rezim iran,NOR
pemimpin,NOR
ali khamenei,PER
larijani,PER
iran,GPE
iran,GPE
top,EVT
security,PRD
official,ORG
overnight,NOR
israeli,GPE
hubungan,ORG
internasional,NOR
fisip unsoed purwokerto,ORG
dr agus haryanto,PER
pemimpin,NOR
iran,NOR
ayatollah ali khamenei,PER
khamenei,PER
hizbullah yaman,NOR
iran,NOR
indonesia,GPE
board of peace bop gaza,ORG
tribunbanyumascom purwokerto,ORG
pemimpin,NOR
iran,GPE
ayatollah,PER
ali khamenei,PER
hubungan internasional fakultas ilmu sosial ilmu politik fisip universitas jenderal soedirman unsoed purwokerto,ORG
dr agus haryanto,PER
pemerintahan iran,NOR
otoritas politik agama,NOR
iran,GPE
ayatollah ali khamenei,PER
militer,NOR
gabungan,NOR
amerika,GPE
serikat israel televisi pemerintah iran,NOR
nasional,NOR
pemerintah,NOR
iran,GPE
fars,PER
al,PER
jazeera,PER
pemerintah,NOR
iran,GPE
tujuh,CRD
iran,GPE
pemimpin,NOR
ayatollah,PER
ali,PER
khamenei,PER
agus,PER
haryanto,PER
khamenei,PER
pemerintah iran,NOR
amerika,GPE
serikat,PER
israel,GPE
ayatullah,PER
khamenei,PER
iran,GPE
amerika,GPE
israel,GPE
tribunbanyumascom,NOR
agus,PER
khamenei,PER
iran,GPE
negeri,NOR
iran,GPE
negeri,NOR
khamenei,PER
iran,GPE
khamenei,PER
iran,NOR
tribunbanyumascom purwokerto,NOR
pemimpin,NOR
iran,GPE
ayatollah,PER
ali,PER
khamenei,PER
timur,NOR
fakultas,NOR
sosial,NOR
fisip,NOR
universitas,ORG
jenderal,NOR
soedirman,PER
unsoed purwokerto,NOR
dr,PER
agus,PER
haryanto,PER
pemerintahan,NOR
iran,GPE
agama,NOR
iran,GPE
ayatollah,PER
ali,PER
khamenei,PER
amerika,GPE
serikat,NOR
israel,GPE
televisi,NOR
pemerintah,NOR
iran,GPE
khamenei,PER
nasional,NOR
pemerintah,NOR
iran,GPE
fars,PER
al,PER
jazeera,PER
pemerintah iran,NOR
tujuh,CRD
iran,GPE
pemimpin,NOR
ayatollah,PER
ali,PER
khamenei,PER
agus,PER
haryanto,PER
khamenei,PER
pemerintah,NOR
iran,GPE
amerika,GPE
serikat,NOR
israel,GPE
ayatullah,PER
khamenei,PER
iran,GPE
amerika,GPE
israel,GPE
tribunbanyumascom,NOR
agus,PER
khamenei,PER
iran,GPE
negeri,NOR
iran,NOR
negeri,NOR
khamenei,PER
iran,GPE
khamenei,PER
iran,GPE
trump,PER
pemerintah amerika serikat,NOR
teheran,GPE
trump,PER
iran,GPE
trump,PER
trump,PER
iran,GPE
trump,PER
iran,GPE
iran,GPE
trump,PER
tribunnewscom,ORG
trump,PER
pemimpin iran,NOR
tribunnews updatehost,ORG
thalia izaeditor,PER
gema praditiya,PER
teheran,GPE
pemerintah iran korps garda revolusi islam irgc,NOR
pemimpin tertinggi iran,NOR
ali khamenei,PER
amerika serikat israel,GPE
irgc,PER
syuhada revolusi,NOR
islam,REG
ayat alqur ’,REG
surah,REG
ali ‘ imran,PER
allah,REG
tuhan,REG
khamenei,PER
ramadan,REG
irgc,PER
khamenei,PER
irgc,PER
khamenei,PER
pemimpin,NOR
revolusi,REG
islam,REG
iran,GPE
pemerintah,NOR
amerika,GPE
zionis,REG
agama,REG
republik,EVT
islam,REG
iran,EVT
basij,PER
revolusi,REG
islam,REG
pemimpin,NOR
iran,GPE
asisrael,REG
revolusi,REG
iran,GPE
unit,NOR
angkatan bersenjata iran,NOR
amerika serikat as,GPE
israel,GPE
iran,GPE
pemerintah iran,NOR
ali khamenei,PER
amerika serikat,GPE
israel,GPE
februari,DAT
ali khamenei,PER
teheran,GPE
amerika,GPE
serikat,NOR
israel,GPE
ali khamenei,PER
israel,GPE
agen,NOR
israel,GPE
iran,GPE
khamenei,PER
pesawat tempur amerika israel,PRD
pesawat israel,PRD
khamenei,PER
wall street,LOC
intelijen militer israel amerika,NOR
iran,GPE
israel,GPE
israel,GPE
ali,PER
shamkhani,NOR
penasihat,NOR
khamenei,PER
mohammad,PER
pakpour,NOR
komandan,NOR
garda revolusi,NOR
menteri pertahanan,NOR
amir nasirzadeh,PER
selengkapnya,PER
youtube,PER
tribunnews,NOR
pemerintah iran,NOR
pemimpin tertinggi revolusi islam,NOR
amerika serikat,GPE
israel,GPE
khamenei,PER
iran,GPE
islam,REG
pemerintah,NOR
khamenei,PER
fars,PER
fars,PER
khamenei,PER
khamenei,PER
istana khamenei,LOC
kawasan,LOC
tribunvideocomnbcnewscom,LOC
nbcnewscom,ORG
pemimpin tertinggi iran,NOR
ali khamenei,PER
israel,GPE
iran,GPE
as,PRD
kapal fregat samudera hindia,PRD
larijani,PER
iran,GPE
angkatan laut angkatan darat republik islam,NOR
larijani,PER
menteri pertahanan israel israel,NOR
katz,PER
larijani,PER
teheran,GPE
larijani,PER
pemerintahan iran,NOR
israel,GPE
larijani,PER
pemimpin de facto rezim iran,NOR
pemimpin,NOR
ali khamenei,PER
menteri israel,NOR
komandan pasukan basij iran,NOR
gholamreza soleimani,PER
basij,PER
garda,ORG
revolusi,EVT
iran,GPE
gholamreza,ORG
iran,GPE
iran,GPE
ali,PER
israel,GPE
israel,GPE
iran,GPE
presiden iran,NOR
masoud pezeshkian,PER
pemerintahan iran,NOR
amerika,GPE
serikat as,NOR
israel,GPE
pemerintahan iran,NOR
pemerintahan pusat,NOR
pemimpin iran,NOR
ali khamenei pazehskian,PER
pemerintahan iran,NOR
pemerintah pusat,NOR
pemerintah daerah,NOR
pemerintah pusat,NOR
iran,GPE
gubernur iran,NOR
pemerintahan iran,NOR
delegasi provinsi cepat pemerintahan iran,NOR
presiden iran,NOR
iran,GPE
pemimpin,NOR
iran,NOR
ali,PER
khamenei,NOR
israelamerika,GPE
serikat,NOR
khamenei,NOR
pemerintahan iran,NOR
barat,NOR
pemerintahan,NOR
republik,GPE
islam,NOR
nasional,NOR
tujuh,CRD
nasional,NOR
khamenei,NOR
saluran,NOR
tv,NOR
pemerintah,NOR
iran,GPE
khamenei,NOR
lantunan alquran,NOR
pemerintah iran,NOR
pemimpin,NOR
sekutu as,NOR
iran,NOR
khamenei,NOR
republik,GPE
islam,NOR
khamanei,NOR
pemimpin,NOR
iran,NOR
asisrael,NOR
khamanei,NOR
republik,GPE
islam,NOR
iran,GPE
sayyid,NOR
syarif,PER
ali,PER
hosseini,NOR
khamenei,NOR
alhusaini,NOR
muslim syiah,NOR
pemimpin,NOR
republik islam,NOR
iran,GPE
kepemimpinan,NOR
khamenei,NOR
republik,GPE
islam iran,NOR
khamenei,NOR
republik,GPE
islam iran,NOR
iran,NOR
iran,GPE
amerika,GPE
serikat as,NOR
israel,GPE
iran,GPE
pangkalan,NOR
as,GPE
timur,NOR
bahrain,GPE
israel,GPE
kuwait,GPE
abu dhabi,NOR
yordania,GPE
arab,GPE
saudi iran,NOR
as negaranegara,NOR
minyak,NOR
pangkalan,NOR
minyak,NOR
as,NOR
israel,GPE
iran,NOR
asisrael,NOR
rudal teheran iran,NOR
nuklir,NOR
iran,GPE
menteri negeri iran,NOR
abbas,PER
iran,NOR
iran,GPE
as timur barat,NOR
iran,NOR
as,NOR
as,GPE
timur barat,NOR
iran,NOR
asisrael teheran,NOR
republik islam,NOR
iran,GPE
mozaik,NOR
iran,GPE
as,GPE
iran,GPE
pengeboman kota,NOR
khamenei,PER
teheran,GPE
televisi,NOR
pemerintah iran,NOR
ali khamenei,PER
iran,GPE
israel,GPE
khamenei,PER
khamenei,PER
presiden as,NOR
donald trump,PER
perdana menteri israel,NOR
benjamin netanyahu,PER
khamenei,PER
operation epic fury,EVT
as,GPE
israel,GPE
iran,GPE
pangkalan militer fasilitas nuklir sistem,FAC
pertahanan,LOC
udara gedung pemerintahan,FAC
kompleks khamenei,LOC
khamenei,PER
presiden as,NOR
donald trump,PER
truth,PER
khamenei,PER
rezim,NOR
iran,GPE
revolusi,EVT
ayatollah,EVT
tribunnewscom,ORG
ali,PER
as,GPE
israel,GPE
timur,EVT
pemimpin,NOR
iran,GPE
ali,PER
khamenei,EVT
proyektil,EVT
teheran,GPE
pemerintah iran korps garda revolusi islam irgc,NOR
pemimpin tertinggi iran,NOR
ali khamenei,PER
amerika serikat israel,GPE
irgc,PER
syuhada revolusi,NOR
islam,REG
ayat alqur ’,REG
surah,REG
ali ‘ imran,PER
allah,REG
tuhan,REG
khamenei,PER
ramadan,REG
irgc,PER
khamenei,PER
irgc,PER
khamenei,PER
pemimpin,NOR
revolusi,REG
islam,REG
iran,GPE
pemerintah,NOR
amerika,GPE
zionis,REG
agama,REG
republik,EVT
islam,REG
iran,EVT
basij,PER
revolusi,REG
islam,REG
pemimpin,NOR
iran,GPE
asisrael,REG
revolusi,REG
iran,GPE
ali khamenei,PER
iran,GPE
ayatollah agung naser makarem shirazi,PER
komando jihad,NOR
global,ORG
makarem shirazi,NOR
khamenei,PER
fardhu,NOR
ain,ORG
muslim,NOR
khamenei,PER
tribunnewscom,ORG
iran,GPE
ayatollah agung,PER
naser makarem shirazi,PER
komando jihad global,NOR
pemimpin tertinggi iran,NOR
ali khamenei,PER
makarem shirazi,PER
khamenei,PER
fardhu,REG
muslim,REG
makarem,PER
wana,ORG
amerika,GPE
serikat,NOR
israel,GPE
iran,GPE
februari,NOR
jihad,NOR
makarem,NOR
shirazi,NOR
lebanon,GPE
irak,GPE
yaman,GPE
israel,GPE
pemimpin,NOR
iran,GPE
iran,GPE
hizbullah,NOR
lebanon,GPE
hamas gaza,NOR
israel,GPE
komando,NOR
aviv,NOR
netanyahu,ORG
iran,GPE
trump,PER
pemimpin,NOR
eskalasi,NOR
ketua,NOR
geostrategi,ORG
jon,ORG
ap,NOR
news,ORG
iran,GPE
tribunnewscom,ORG
iran,GPE
ayatollah,ORG
naser,ORG
makarem,NOR
shirazi,ORG
komando,NOR
jihad,ORG
pemimpin,NOR
iran,GPE
ali,PER
khamenei,NOR
februari,NOR
makarem,ORG
shirazi,ORG
khamenei,NOR
fardhu,ORG
umat,NOR
muslim,NOR
katakata,NOR
makarem,NOR
shirazi,ORG
wana,ORG
amerika,GPE
serikat,NOR
israel,GPE
iran,GPE
februari,NOR
nadir,ORG
jihad,NOR
makarem,ORG
shirazi,NOR
lebanon,GPE
irak,GPE
yaman,GPE
israel,GPE
pemimpin,NOR
iran,GPE
iran,GPE
hizbullah,NOR
lebanon,GPE
hamas,GPE
gaza,GPE
israel,GPE
aviv,GPE
netanyahu,ORG
serang,ORG
iran,GPE
trump,PER
waswas,ORG
pemimpin,NOR
ketua,NOR
pusat,NOR
jon,ORG
alterman,NOR
ap,NOR
news,ORG
iran,GPE
teheran,GPE
pemimpin tertinggi republik islam iran,NOR
ayatollah ali khamenei,PER
amerika serikat as,GPE
israel,GPE
iran,GPE
televisi,NOR
pemerintah iran,NOR
as,GPE
khamenei,PER
teheran,GPE
pemimpin,NOR
presiden as,NOR
perdana menteri israel,NOR
benjamin netanyahu,PER
presiden amerika serikat,NOR
donald trump,PER
khamenei,PER
iran,NOR
iran,GPE
pemerintah iran khamenei,NOR
asisrael,NOR
iran,GPE
ibukota teheran,GPE
eskalasi,NOR
pemerintah iran,NOR
tujuh,CRD
iran,NOR
arab,GPE
saudi,GPE
ancam,NOR
iran,NOR
timur,NOR
amerika,GPE
serikat,NOR
israel,GPE
iran,NOR
nuklir,NOR
pemerintahan,NOR
khamenei,PER
presiden,NOR
as,GPE
donald,PER
trump,PER
truth,PER
pemimpin tertinggi iran,NOR
ayatollah ali khamenei,PER
viory,PER
enam,CRD
polisi,NOR
konsulat as,NOR
jembatan zona hijau bagdad,LOC
gedunggedung,FAC
pemerintahan irak,NOR
kedutaan amerika serikat,NOR
amir mousawi,PER
irak,GPE
republik islam,NOR
khamenei,PER
kedutaan as,NOR
pezeshkian warning,ORG
amerika serikat israel,GPE
khamenei,PER
islam,REG
syiah,REG
ali khamenei,PER
zionis,GPE
amerika,GPE
islam,REG
syiah,REG
amerikazionis,GPE
pezeshkian,NOR
teheran,GPE
pezeshkian,NOR
tujuh,CRD
ali khamenei,PER
presiden amerika serikat,NOR
donald trump,PER
iran,GPE
iran,GPE
pemimpin,NOR
ayatollah,PER
ali khamenei,PER
iran,GPE
trump,PER
al,ORG
jazeera,PER
as,GPE
iran,GPE
as,GPE
teheran,GPE
pemimpin,NOR
iran,GPE
ayatollah,ORG
ali,PER
as,GPE
israel,GPE
iran,GPE
khamenei,PER
teheran,GPE
khamenei,PER
khamenei,PER
proyektil,PER
tribunvideocom,ORG
englishaajtv,ORG
tribunnews,ORG
irdaeditor,PER
nur,ORG
rohman,ORG
uripuploader,ORG
gema,ORG
praditiya,ORG
viory,ORG
konsulat as karachi,NOR
utara,GPE
pakistan,GPE
tribunvideocomtribunnewscomviory,ORG
tribunnewscom,ORG
pakistan,GPE
khamenei,PER
vioryvideo,ORG
us,PRD
consulate chaos,EVT
nine,EVT
karachi,GPE
erupt,EVT
khamenei,GPE
konsulat as pakistan,NOR
ali khamenei,PER
iran,NOR
israel,GPE
iran,GPE
as,PRD
kapal fregat samudera hindia,PRD
larijani,PER
iran,GPE
angkatan laut angkatan darat republik islam,NOR
larijani,PER
menteri pertahanan israel israel,NOR
katz,PER
larijani,PER
teheran,GPE
larijani,PER
pemerintahan iran,NOR
israel,GPE
larijani,PER
pemimpin de facto rezim iran,NOR
pemimpin,NOR
ali khamenei,PER
larijani,PER
iran,GPE
iran,GPE
top,EVT
security,PRD
official,ORG
overnight,NOR
israeli,GPE
iran,NOR
ayatollah,PER
ali khamenei,PER
as,GPE
maret,DAT
israel,GPE
iran,GPE
pemimpin,NOR
iran,NOR
ali khamenei,PER
iran,GPE
teheran,GPE
amerika,GPE
serikat,NOR
israel,GPE
komando pusat as,NOR
united,ORG
states,NOR
central command centcom platform x,ORG
maret,DAT
militer,NOR
as,GPE
indonesia,GPE
timur,NOR
iranas,GPE
trump,PER
khamenei,NOR
amerika serikat,GPE
iran,GPE
asisrael,NOR
negara khamenei,NOR
parlemen as partai republik partai demokrat,NOR
presiden,NOR
as,GPE
donald,PER
trump,PER
pemimpin,NOR
iran,GPE
presiden,NOR
as,GPE
donald,PER
trump,PER
pemerintahan,NOR
iran,GPE
khamenei,NOR
trump,PER
iran,GPE
trump,PER
iran,GPE
trump,PER
teheran,GPE
as,GPE
iran,GPE
trump,PER
amerika,GPE
serikat,NOR
trump,PER
as,GPE
trump,NOR
cbs,NOR
news,NOR
iran,GPE
as,GPE
donald,PER
trump,PER
israel,GPE
iran,GPE
pemimpin,NOR
iran,GPE
ali,PER
iran,GPE
teheran,GPE
amerika,GPE
serikat,NOR
israel,GPE
timur,NOR
komando,NOR
as,GPE
united,NOR
central,NOR
maret,DAT
as,GPE
indonesia,GPE
timur,NOR
iranas,GPE
amerika,GPE
serikat,NOR
iran,GPE
khamenei,NOR
parlemen,NOR
as,GPE
partai,NOR
republik,GPE
partai,NOR
demokrat,NOR
as,GPE
presiden,NOR
as,GPE
donald,PER
trump,PER
pemimpin,NOR
iran,GPE
presiden,NOR
as,GPE
donald,PER
trump,PER
pemerintahan,NOR
iran,GPE
trump,PER
iran,GPE
trump,NOR
iran,GPE
trump,PER
teheran,GPE
as,GPE
iran,GPE
trump,PER
amerika,GPE
serikat,NOR
trump,PER
as,GPE
trump,PER
cbs,NOR
news,NOR
iran,GPE
as,GPE
donald,PER
trump,PER
pemerintah iran,NOR
pemimpin tertinggi iran,NOR
ali khamenei,PER
amerika,GPE
serikat,NOR
israel,GPE
khamenei,PER
lakilaki,PER
pemerintah iran,NOR
jenderal iran,NOR
trump,PER
pemimpin tertinggi iran,NOR
ali khamenei,PER
israel,GPE
trump,PER
teheran,NOR
presiden as,NOR
donald trump,PER
iran,GPE
iran,GPE
trump,PER
truth,ORG
iran,ORG
khamenei,PER
iran,GPE
iran kawasan timur,GPE
iran,GPE
korps,NOR
garda,NOR
islam,NOR
iran,GPE
irgc,PER
israel,GPE
pangkalan,NOR
as,GPE
as,GPE
israel,GPE
militer,NOR
as,GPE
israel,GPE
dubai,GPE
doha,GPE
bahrain,GPE
irak,GPE
qatar,GPE
dubai,GPE
ali,PER
israel,GPE
as,GPE
pemimpin tertinggi iran,NOR
ali khamenei,PER
istana kepresidenan iran israel,NOR
pemimpin tertinggi iran,NOR
israel,GPE
pemimpin,NOR
iran,NOR
presiden as,NOR
donald trump,PER
pemimpin,NOR
iran,GPE
israel,GPE
khamenei,PER
benjamin netanyahu,PER
khamenei,PER
juru bicara kementerian negeri iran presiden pemimpin tertinggi iran,NOR
khamenei,PER
iran,GPE
khamenei,PER
iran,GPE
presiden as,NOR
donald trump,PER
pemerintahan teheran,NOR
iran,GPE
pemerintah,NOR
tribunnewscom,NOR
news,NOR
israel,GPE
ali,PER
khamenei,PER
amerika,GPE
serikat,PER
donald,PER
trump,PER
israel,GPE
khamenei,PER
ali,PER
khamenei,PER
iran,GPE
khamenei,PER
as,GPE
israel,GPE
khamenei,PER
iran,GPE
tujuh libur,EVT
tribunvideocom artikel,ORG
tribunnewscom,ORG
pemimpin,NOR
ayatollah khamenei,PER
asisrael,PER
iran,NOR
tribunbanyumascom teheran,ORG
iran,GPE
tasnim fars,PER
pemimpin tertinggi iran,NOR
ayatollah ali khamenei,PER
teheran,GPE
amerika serikat,GPE
israel,GPE
pemerintah,NOR
iran,GPE
tujuh,CRD
otoritas,ORG
teheran,GPE
kekuasaan,LOC
iran,GPE
airbus defence and space,ORG
kompleks beite rahbari,LOC
khamenei,GPE
ali khamenei,PER
as,GPE
israel,GPE
teheran,NOR
amunisi penghancur,PRD
the,ORG
times,ORG
beite,ORG
iran,GPE
komando,NOR
republik,GPE
islam,ORG
iran,GPE
ayatollah,ORG
ali,PER
majelis,ORG
experts,ORG
teheran,GPE
ahmad,ORG
yerusalem,GPE
iran,GPE
rudal,PRD
pangkalan,ORG
haifa,GPE
pezeshkian warning,ORG
amerika serikat israel,GPE
khamenei,PER
islam syiah,REG
ali khamenei,PER
zionis,GPE
amerika,GPE
islam,REG
syiah,REG
amerikazionis,GPE
pezeshkian,NOR
teheran,GPE
pezeshkian,NOR
tujuh,CRD
ali khamenei,PER
presiden amerika serikat,NOR
donald trump,PER
iran,GPE
iran,GPE
pemimpin,NOR
ayatollah,PER
ali khamenei,PER
iran,GPE
trump,PER
al,ORG
jazeera,PER
as,GPE
iran,GPE
as,GPE
teheran,GPE
pemimpin,NOR
iran,GPE
ayatollah,PER
ali,PER
khamenei,PER
as,GPE
israel,GPE
iran,GPE
khamenei,PER
teheran,GPE
khamenei,PER
khamenei,PER
proyektil,PER
presiden,NOR
iran,GPE
pezeshkian,REG
teheran,GPE
khamenei,PER
trump,PER
irgc,PER
ayatollah,PER
ali,PER
pemerintah iran,NOR
pemimpin tertinggi,NOR
ayatollah ali khamenei,PER
asisrael,NOR
khamenei,PER
iran,GPE
tujuh,CRD
perdana menteri israel,NOR
benjamin netanyahu,PER
khamenei,PER
teheran,GPE
iran,GPE
pemimpin,NOR
ali khamenei,PER
khamenei,PER
as,GPE
israel,GPE
khamenei,GPE
iran,GPE
tujuh,CRD
kompeks,PER
khamenei,PER
khamenei,PER
perimeter keamanan tanah perdana menteri israel,NOR
benjamin netanyahu,PER
khamenei,PER
teheran,GPE
israel,GPE
kompleks teheran,LOC
operasi,NOR
amerika,GPE
serikat,NOR
pemimpin iran,NOR
netanyahu,PER
khamenei,PER
amerika serikat,GPE
as,GPE
donald,PER
trump,PER
ali,PER
khamenei,PER
asisrael,NOR
teheran,GPE
pemimpin,NOR
tribunnewscom,ORG
pemimpin,NOR
ayatollah,PER
khamenei,PER
asisrael,NOR
iran,GPE
tribunnewscom jakarta pemerintah iran korps garda revolusi iran irgc,NOR
pemimpin tertinggi iran,NOR
ayatullah ali khamenei,PER
ayatullah ali khamenei,PER
amerika serikat,GPE
israel,GPE
ali khamenei,PER
as,GPE
israel,GPE
pemimpin tertinggi iran,NOR
garda revolusi iran,NOR
tuhan,REG
allah,REG
tuhan,REG
ali ‘ imran,PER
imam,REG
mahdi,PER
umat islam,NOR
otoritas agama ulama bangsa iran kesyahidan,NOR
ulama,REG
ilahi,NOR
pemimpin syuhada revolusi islam,NOR
syuhada,NOR
wakil sah imam zaman,NOR
allah,REG
imam,REG
allah,REG
ramadan allah,REG
sayyidah,REG
fatimah,PER
panglima,NOR
ali,PER
ramadan,REG
pemimpin,NOR
allah,REG
algojo,REG
pemimpin,NOR
islam,REG
iran,GPE
allah,REG
allah,REG
iran,GPE
imam,REG
pemerintah,NOR
amerika,GPE
zionis,REG
agama,REG
iran,GPE
umat,REG
korps,NOR
garda,NOR
revolusi,REG
islam,REG
republik,GPE
islam,REG
pemimpin,NOR
pemimpin,NOR
islam,REG
garda,NOR
revolusi,REG
iran,GPE
islamic,REG
irgc,REG
revolusi,REG
islam,REG
khomeini,REG
pemimpin,NOR
revolusi,REG
iran,GPE
iran,GPE
republik,GPE
islam,REG
revolusi,REG
iran,NOR
ayatollah,PER
ali khamenei,PER
as,GPE
maret,DAT
israel,GPE
iran,GPE
pemimpin,NOR
iran,NOR
ali khamenei,PER
iran,GPE
teheran,GPE
amerika,GPE
serikat,NOR
israel,GPE
komando pusat as,NOR
united,ORG
states,NOR
central command centcom platform x,ORG
maret,DAT
militer,NOR
as,GPE
indonesia,GPE
timur,NOR
iranas,GPE
trump,PER
khamenei,NOR
amerika serikat,GPE
iran,GPE
asisrael,NOR
negara khamenei,NOR
parlemen as partai republik partai demokrat,NOR
presiden,NOR
as,GPE
donald,PER
trump,PER
pemimpin,NOR
iran,GPE
presiden,NOR
as,GPE
donald,PER
trump,PER
pemerintahan,NOR
iran,GPE
khamenei,NOR
trump,PER
iran,GPE
trump,PER
iran,GPE
trump,PER
teheran,GPE
as,GPE
iran,GPE
trump,PER
amerika,GPE
serikat,NOR
trump,PER
as,GPE
trump,NOR
cbs,NOR
news,NOR
iran,GPE
as,GPE
donald,PER
trump,PER
israel,GPE
iran,GPE
pemimpin,NOR
iran,GPE
ali,PER
iran,GPE
teheran,GPE
amerika,GPE
serikat,NOR
israel,GPE
timur,NOR
komando,NOR
as,GPE
united,NOR
central,NOR
maret,DAT
as,GPE
indonesia,GPE
timur,NOR
iranas,GPE
amerika,GPE
serikat,NOR
iran,GPE
khamenei,NOR
parlemen,NOR
as,GPE
partai,NOR
republik,GPE
partai,NOR
demokrat,NOR
as,GPE
presiden,NOR
as,GPE
donald,PER
trump,PER
pemimpin,NOR
iran,GPE
presiden,NOR
as,GPE
donald,PER
trump,PER
pemerintahan,NOR
iran,GPE
trump,PER
iran,GPE
trump,NOR
iran,GPE
trump,PER
teheran,GPE
as,GPE
iran,GPE
trump,PER
amerika,GPE
serikat,NOR
trump,PER
as,GPE
trump,PER
cbs,NOR
news,NOR
iran,GPE
as,GPE
donald,PER
trump,PER
tribunnewscom,ORG
jakarta,NOR
presiden rusia,NOR
vladimir putin,PER
pemimpin tertinggi iran,NOR
ayatollah ali khamenei ali khamenei,PER
amerika serikat,GPE
as,GPE
israel iran,GPE
rusia,GPE
tass,PER
putin,PER
presiden iran,NOR
masoud pezeshkian,PER
pemimpin tertinggi iran,NOR
putin,PER
khamenei,PER
pemerintah iran,NOR
pemimpin tertinggi iran,NOR
ayatollah ali khamenei,PER
amerika serikat as,GPE
israel,GPE
putri khamenei,PER
asisrael,NOR
pemerintah iran,NOR
sekolah iran selatan,NOR
provinsi,GPE
israel,GPE
iran,GPE
teheran,GPE
iran,GPE
israel,GPE
as,GPE
pemimpin tertinggi iran,NOR
ali khamenei,PER
istana kepresidenan iran israel,NOR
pemimpin tertinggi iran,NOR
israel,GPE
pemimpin,NOR
iran,NOR
presiden as,NOR
donald trump,PER
pemimpin,NOR
iran,GPE
israel,GPE
khamenei,PER
benjamin netanyahu,PER
khamenei,PER
juru bicara kementerian negeri iran presiden pemimpin tertinggi iran,NOR
khamenei,PER
iran,GPE
khamenei,PER
iran,GPE
presiden as,NOR
donald trump,PER
pemerintahan teheran,NOR
iran,GPE
pemerintah,NOR
tribunnewscom,NOR
news,NOR
israel,GPE
ali,PER
khamenei,PER
amerika,GPE
serikat,PER
donald,PER
trump,PER
israel,GPE
khamenei,PER
ali,PER
khamenei,PER
iran,GPE
mansoureh khojasteh,PER
ayatollah khamenei,PER
epic fury,EVT
iran,GPE
as,GPE
iran,GPE
iran,GPE
israel,GPE
as,NOR
selat hormuz,LOC
pemerintah,NOR
iran,GPE
khojasteh,PER
pemimpin tertinggi iran,NOR
ayatollah,PER
ali khamenei,PER
khojasteh,PER
asisrael,ORG
gabungan,EVT
amerika,GPE
serikat,NOR
israel,GPE
operation epic fury,EVT
khojasteh,PER
kepemimpinan iran,NOR
timur,NOR
asisrael,PER
iran,GPE
umroh,PER
bekasi,GPE
khamenei,PER
khamenei,PER
iran,GPE
pemimpin,NOR
teheran,GPE
khojasteh,PER
khamenei,PER
enam,CRD
republik,GPE
islam,NOR
iran,GPE
teheran,GPE
trump,PER
infiltrasi,PER
presiden,NOR
as,GPE
donald,PER
trump,PER
fox,PER
news,ORG
trump,PER
as,GPE
pemimpin,NOR
iran,GPE
pemimpin,NOR
iran,GPE
ali,PER
khamenei,PER
khamenei,PER
pemimpin,NOR
iran,GPE
ali,PER
khamenei,PER
as,GPE
pemerintah,NOR
iran,GPE
khojasteh,PER
pemimpin,NOR
iran,GPE
ayatollah,PER
ali,PER
khamenei,PER
khojasteh,PER
amerika,GPE
serikat,NOR
israel,GPE
fury,PER
khojasteh,PER
iran,GPE
timur,NOR
asisrael,NOR
iran,GPE
umroh,PER
bekasi,GPE
khamenei,PER
khamenei,PER
iran,GPE
pemimpin,NOR
teheran,GPE
khojasteh,PER
khamenei,PER
enam,CRD
republik,GPE
islam,REG
iran,GPE
teheran,GPE
komando,NOR
trump,PER
presiden,NOR
as,GPE
donald,PER
trump,PER
fox,PER
news,ORG
trump,PER
as,GPE
pemimpin,NOR
iran,GPE
pemimpin,NOR
iran,GPE
ali,PER
khamenei,PER
khamenei,PER
iran,NOR
ali khamenei,PER
militer,NOR
amerika,GPE
serikat,NOR
israel,GPE
teheran,GPE
teheran,GPE
bangkaposcom,ORG
pemimpin tertinggi iran,NOR
ali khamenei,PER
militer,NOR
amerika,GPE
serikat,NOR
israel,GPE
teheran,NOR
presiden amerika serikat,NOR
donald trump,PER
khamenei,PER
trump,PER
social truth,ORG
tyas,PER
lpdp,NOR
sekjen kementan segini,NOR
iwantoro,PER
khamenei,PER
teheran,NOR
trump,PER
ali khamenei,PER
tasnim fars,PER
pemimpin tertinggi republik islam iran,NOR
pemerintah iran,NOR
ali,PER
khamenei,PER
ali,PER
khamenei,PER
kota,ORG
mashhad,PER
april,PER
sayyed,PER
javad,PER
khamenei,PER
ulama,REG
khamenei,PER
agama,REG
maktab,PER
alfabet,PER
alquran,REG
islam,REG
teologi,REG
seminari,REG
mashhad,PER
agama,REG
soleiman,PER
khan,PER
nawwab,REG
ali,PER
khamenei,PER
yurisprudensi,REG
islam,REG
bimbingan,REG
ulama,REG
ali,PER
khamenei,PER
ali,PER
khamenei,PER
shah,PER
ulama,REG
nawwab,PER
safavi,REG
shah,PER
khamenei,PER
imam,REG
khomeini,PER
pemerintah,NOR
shah,PER
amerika,GPE
serikat,NOR
islam,REG
bangkaposcom,PER
pemimpin,NOR
iran,GPE
ali,PER
khamenei,PER
amerika,GPE
serikat,NOR
israel,GPE
teheran,NOR
presiden,NOR
amerika,GPE
serikat,NOR
donald,PER
trump,PER
khamenei,PER
trump,PER
social,REG
tyas,PER
lpdp,NOR
sekjen,NOR
kementan,NOR
syukur,PER
iwantoro,PER
khamenei,PER
teheran,GPE
bom,REG
trump,PER
ali,PER
khamenei,PER
tasnim,REG
fars,PER
pemimpin,NOR
republik,GPE
islam,REG
iran,GPE
pemerintah,NOR
iran,GPE
ali,PER
khamenei,PER
kota,GPE
mashhad,PER
april,PER
sayyed,PER
javad,PER
khamenei,PER
ulama,REG
khamenei,PER
agama,REG
maktab,PER
alfabet,PER
alquran,REG
islam,REG
teologi,REG
seminari,REG
mashhad,PER
agama,REG
soleiman,REG
khan,PER
nawwab,PER
ali,PER
khamenei,PER
yurisprudensi,REG
islam,REG
ulama,REG
ali,PER
khamenei,PER
rezim,NOR
shah,PER
ulama,REG
nawwab,PER
safavi,REG
shah,PER
khamenei,PER
gerakan,REG
imam,REG
khomeini,PER
pemerintah,NOR
shah,PER
amerika,GPE
serikat,NOR
islam,REG
tribunkaltengcom,ORG
ayatollah ali khamenei,PER
china,GPE
rusia,GPE
korea,GPE
utara hamas,NOR
khamenei,PER
iran,GPE
putin,PER
pyongyang,GPE
asisrael,PER
ayatollah,PER
alireza arafi,PER
iran,GPE
khamenei,PER
asisrael,PER
barat,NOR
iran,GPE
ayatollah ali khamenei,PER
israel,GPE
otoriter,NOR
china,GPE
rusia,GPE
korea,GPE
utara,NOR
kelompok proksi iran hamas,NOR
hizbullah jihad islam palestina china,NOR
khamenei,PER
amerika serikat,GPE
israel,GPE
iran,GPE
pbb,NOR
normanorma,PER
kementerian negeri,NOR
beijing,GPE
china,GPE
pemerintah,NOR
tiongkok,GPE
beijing,GPE
wang,PER
rusia,GPE
sergei,PER
lavrov,PER
xinhua,PER
lavrov,PER
wang,PER
pemimpin,NOR
amerika,GPE
serikat,GPE
israel,GPE
china,GPE
timur,NOR
wang,PER
lavrov,PER
xinhua,PER
wang,PER
presiden,NOR
rusia,GPE
vladimir,PER
putin,PER
presiden,NOR
iran,GPE
masoud,PER
pemimpin,NOR
republik,GPE
islam,GPE
iran,GPE
sayyed,PER
ali,PER
khamenei,PER
korea,GPE
utara,NOR
pyongyang,GPE
pyongyang,GPE
hamas,GPE
ali,PER
hamas,GPE
tribunnewscom jakarta pemerintah iran korps garda revolusi iran irgc,NOR
pemimpin tertinggi iran,NOR
ayatullah ali khamenei,PER
ayatullah ali khamenei,PER
amerika serikat,GPE
israel,GPE
ali khamenei,PER
as,GPE
israel,GPE
pemimpin tertinggi iran,NOR
garda revolusi iran,NOR
tuhan,REG
allah,REG
tuhan,REG
ali ‘ imran,PER
imam,REG
mahdi,PER
umat islam,NOR
otoritas agama ulama bangsa iran kesyahidan,NOR
ulama,REG
ilahi,NOR
pemimpin syuhada revolusi islam,NOR
syuhada,NOR
wakil sah imam zaman,NOR
allah,REG
imam,REG
allah,REG
ramadan allah,REG
sayyidah,REG
fatimah,PER
panglima,NOR
ali,PER
ramadan,REG
pemimpin,NOR
allah,REG
algojo,REG
pemimpin,NOR
islam,REG
iran,GPE
allah,REG
allah,REG
iran,GPE
imam,REG
pemerintah,NOR
amerika,GPE
zionis,REG
agama,REG
iran,GPE
umat,REG
korps,NOR
garda,NOR
revolusi,REG
islam,REG
republik,GPE
islam,REG
pemimpin,NOR
pemimpin,NOR
islam,REG
garda,NOR
revolusi,REG
iran,GPE
islamic,REG
irgc,REG
revolusi,REG
islam,REG
khomeini,REG
pemimpin,NOR
revolusi,REG
iran,GPE
iran,GPE
republik,GPE
islam,REG
revolusi,REG
ayatollah ali khamenei,PER
iran,GPE
televisi pemerintah iran,NOR
ayatollah,PER
ali khamenei,PER
tribunjogjacom,ORG
ayatollah ali khamenei,PER
iran,GPE
stasiun televisi,NOR
pemerintah iran,NOR
ayatollah,PER
ali khamenei,PER
imam umat islam,NOR
ayatollah,PER
seyyed,PER
ali hosseini khamenei,PER
suci,NOR
republik,GPE
islam iran,NOR
kerajaan,ORG
surgawi,NOR
bbc news,ORG
televisi,NOR
pemerintah,NOR
khamenei,PER
iran,GPE
pemimpin tertinggi iran,NOR
ayatollah ali khamenei,PER
udara,NOR
asisrael,ORG
pemerintah,NOR
iran,GPE
sabit,NOR
as,NOR
israel,GPE
sekolah,NOR
iran,GPE
bbc,ORG
cbs,ORG
iran,GPE
israel,GPE
kepala,NOR
korps,NOR
garda revolusi,NOR
islam,REG
operasi,EVT
pangkalan,NOR
as,GPE
israel,GPE
iran,GPE
ulama,NOR
komandan,NOR
iran,GPE
dubai,GPE
doha,GPE
bahrain,GPE
kuwait,GPE
pangkalan,NOR
as,GPE
as,GPE
cita,ORG
cita,NOR
iran,GPE
ayatollah,ORG
ali,PER
khamenei,PER
as,GPE
israel,GPE
bbc,ORG
persian,GPE
kota,GPE
tribunjogjacom,ORG
ayatollah,PER
ali,PER
khamenei,NOR
iran,GPE
kota,GPE
stasiun,NOR
televisi,ORG
pemerintah,NOR
iran,GPE
ayatollah,REG
ali,PER
khamenei,PER
pemimpin,NOR
imam,NOR
umat islam,NOR
ayatollah,ORG
ali,PER
hosseini,PER
khamenei,NOR
suci,NOR
republik,GPE
islam,NOR
iran,GPE
suci,NOR
kerajaan surgawi,NOR
bbc,NOR
news,ORG
televisi,ORG
pemerintah,NOR
khamenei,NOR
iran,GPE
pemimpin,NOR
iran,GPE
ayatollah,PER
ali,PER
khamenei,NOR
udara,NOR
asisrael,NOR
pemerintah,NOR
iran,GPE
sabit,ORG
as,GPE
israel,GPE
sekolah,NOR
iran,GPE
bbc,ORG
cbs,ORG
iran,GPE
israel,GPE
kepala,NOR
korps,NOR
garda,NOR
revolusi islam,NOR
operasi,EVT
pangkalan,ORG
as,GPE
israel,GPE
iran,GPE
ulama,REG
komandan,NOR
iran,GPE
dubai,NOR
doha,GPE
bahrain,GPE
kuwait,GPE
pangkalan militer,NOR
as,GPE
as,GPE
iran,GPE
ayatollah,ORG
ali,PER
khamenei,PER
as,GPE
israel,GPE
bbc,ORG
persian,NOR
tribunjatengcom purwokerto,ORG
pemimpin tertinggi iran,NOR
ayatollah ali khamenei,PER
amerika israel,GPE
ali khamenei,PER
indonesia,GPE
ali khamenei,PER
timur,NOR
presiden iran,NOR
pemimpin,NOR
iran,GPE
sd,NOR
iran,GPE
israel,GPE
amerika,GPE
israel,GPE
iran,GPE
donald trump,PER
hubungan internasional fakultas ilmu sosial ilmu politik fisip universitas jenderal soedirman unsoed purwokerto,ORG
dr agus haryanto,PER
pemerintahan iran,NOR
agama,NOR
ayatollah ali khamenei,PER
militer,NOR
gabungan,NOR
amerika,GPE
serikat israel,NOR
televisi pemerintah iran,NOR
khamenei,PER
nasional,NOR
pemerintah,NOR
iran,GPE
fars,PER
al,NOR
jazeera,PER
pemerintah,NOR
iran,GPE
tujuh,CRD
agus,PER
pemerintah,NOR
iran,GPE
amerika,GPE
serikat,NOR
israel,GPE
ayatuollah,PER
khamenei,NOR
iran,GPE
amerika,GPE
israel,GPE
tribunjatengcom,NOR
agus,PER
khamenei,PER
iran,GPE
negeri,GPE
iran,GPE
perang,NOR
negeri,GPE
pemimpin tertinggi iran,NOR
ayatollah ali khamenei,PER
amerika serikat israel hamas,NOR
ali khamenei,PER
asisrael hamas,NOR
negaranegara,NOR
arab,GPE
muslim,NOR
tribunnewscom,ORG
pemimpin tertinggi iran,NOR
ayatollah ali khamenei,PER
amerika,GPE
serikat,NOR
israel,GPE
asisrael,NOR
iran,GPE
sayap kanan palestina hamas,NOR
ali khamenei,PER
asisrael hamas,NOR
ali khamenei,PER
rakyat,NOR
palestina,GPE
hamas,NOR
aljazeera hamas,NOR
pemerintahan amerika serikat israel,NOR
pemerintahan,NOR
amerika,GPE
serikat,NOR
israel,GPE
republik,GPE
islam,NOR
iran,GPE
hamas,NOR
hamas,GPE
arab,GPE
muslim,NOR
pemerintah,NOR
iran,GPE
tujuh,CRD
nasional,NOR
ali,PER
khamenei,NOR
bombardir,NOR
negeri,NOR
irgc,NOR
asisrael,NOR
iran,GPE
khamenei,NOR
amerika,GPE
serikat,NOR
asisrael,NOR
iran,GPE
iran,GPE
fars,NOR
pemimpin,NOR
iran,GPE
ali,PER
khamenei,NOR
tribunnewscom,NOR
pemimpin,NOR
iran,GPE
ayatollah,ORG
ali,PER
khamenei,NOR
amerika,GPE
serikat,NOR
israel,GPE
asisrael,NOR
iran,GPE
palestina,GPE
hamas,GPE
ali,PER
khamenei,PER
asisrael,NOR
hamas,NOR
ali,NOR
palestina,GPE
hamas,GPE
aljazeera,NOR
hamas,NOR
pemerintahan,NOR
amerika,GPE
serikat,NOR
israel,GPE
pemerintahan,NOR
amerika,GPE
serikat,NOR
israel,GPE
republik,GPE
islam,NOR
iran,GPE
hamas,GPE
hamas,NOR
arab,GPE
muslim,GPE
pemerintah,NOR
iran,GPE
tujuh,CRD
ali,PER
khamenei,NOR
bombardir,NOR
negeri,NOR
irgc,NOR
asisrael,NOR
iran,GPE
khamenei,NOR
amerika,GPE
serikat,NOR
asisrael,NOR
iran,GPE
iran,GPE
press,NOR
tv,NOR
tasnim,NOR
fars,NOR
pemimpin,NOR
iran,GPE
ayatollah,NOR
ali,PER
khamenei,NOR
bangkaposcom,ORG
pemimpin tertinggi iran,NOR
ayatollah ali khamenei,PER
militer,NOR
amerika,GPE
serikat,NOR
israel,GPE
maret,DAT
iran,GPE
detikdetik,ORG
kompleks al khamenei,LOC
operation epic fury,EVT
al,GPE
khamenei,LOC
kota,GPE
teheran,GPE
ali khamenei,PER
donald trump netanyahu,PER
presiden amerika serikat,NOR
donald trump,PER
ali khamenei,PER
menteri,NOR
israel,GPE
benjamin,PER
netanyahu,ORG
iran,GPE
iran,GPE
al,ORG
pemerintah,NOR
iran,GPE
teheran,GPE
iran,GPE
dewan,NOR
pemerintahan,NOR
otoritas,NOR
ali,PER
pemimpin,NOR
pangkalan,NOR
iran,GPE
bangkaposcom,NOR
pemimpin tertinggi iran,NOR
ayatollah ali khamenei,PER
militer,NOR
as,GPE
israel,GPE
iran,GPE
presiden as,NOR
donald trump,PER
khamenei,PER
iran,GPE
tribunnewscom,ORG
pemimpin tertinggi iran,NOR
ayatollah ali khamenei,PER
amerika,GPE
serikat,NOR
as,GPE
israel,GPE
iran,GPE
al,PER
mayadeen,NOR
pemerintah,NOR
iran,GPE
khamenei,PER
kompleks gedung kepemimpinan teheran,LOC
amerika,GPE
serikat,NOR
israel,GPE
pemerintah militer iran,NOR
presiden amerika serikat,NOR
donald trump,PER
pemimpin tertinggi iran,NOR
truth,ORG
social trump,PRD
khamenei,PER
keadilan rakyat,NOR
iran,GPE
khamenei,NOR
iran,GPE
amerika,GPE
trump,NOR
iran,GPE
negara,GPE
perdana,NOR
menteri,NOR
israel,GPE
benjamin,PER
netanyahu,NOR
khamenei,NOR
jam,NOR
pemerintah,NOR
iran,GPE
lembaga,NOR
negara,NOR
islamic,NOR
guard,NOR
irgc belasungkawa,NOR
khamenei,NOR
pemerintah,NOR
iran,GPE
nasional,NOR
pemimpin,NOR
kota,GPE
iran,GPE
indonesia,GPE
iran,GPE
fasilitator,NOR
amerika,GPE
serikat,NOR
israel,GPE
teheran,GPE
kota,GPE
qom tabriz,NOR
khorramshahr,NOR
iran,GPE
eskalasi,NOR
timur,NOR
iran,GPE
balistik,NOR
israel,GPE
pemimpin,NOR
iran,GPE
ayatollah,NOR
ali,PER
khamenei,NOR
amerika,GPE
serikat as,NOR
israel,GPE
iran,GPE
al,NOR
pemerintah,NOR
iran,GPE
teheran,NOR
operasi,NOR
amerika,GPE
serikat,NOR
israel,GPE
pemerintah,NOR
iran,GPE
presiden,NOR
amerika,GPE
serikat,NOR
donald,PER
trump,NOR
pemimpin,NOR
iran,GPE
dunia,NOR
trump,PER
khamenei,NOR
iran,GPE
khamenei,NOR
iran,GPE
amerika,GPE
trump,NOR
khamenei,NOR
iran,GPE
negara,GPE
perdana,NOR
menteri,NOR
israel,GPE
benjamin,PER
netanyahu,GPE
khamenei,NOR
jam,NOR
pemerintah,NOR
iran,GPE
lembaga,NOR
islamic,NOR
guard,NOR
irgc belasungkawa,NOR
khamenei,NOR
pemerintah,NOR
iran,GPE
pemimpin,NOR
indonesia,GPE
iran,GPE
fasilitator,NOR
amerika,GPE
serikat,NOR
israel,GPE
teheran,GPE
kota,GPE
qom,NOR
tabriz,NOR
khorramshahr,GPE
iran,GPE
eskalasi,NOR
timur,NOR
iran,GPE
rudal,NOR
wilayah,NOR
israel,GPE
tribunkaltengcom media,ORG
iran,NOR
pemimpin tertinggi iran,NOR
ali khamenei,PER
ayatollah,PER
ali khamenei,PER
republik islam,NOR
perdana menteri israel,NOR
benjamin netanyahu,PER
pemimpin tertinggi iran,NOR
ayatollah ali khamenei,PER
teheran,GPE
ayatollah,ORG
alireza arafi,PER
iran,GPE
khamenei,PER
asisrael,ORG
operasi gabungan,EVT
amerika,GPE
serikat as,NOR
israel,GPE
televisi netanyahu,ORG
khamenei,PER
ali khamenei,PER
teheran,GPE
netanyahu,ORG
tribunkaltengcom maret,ORG
netanyahu,NOR
media,ORG
iran,GPE
teheran karaj,ORG
tabriz,NOR
kermanshah khorramabad,ORG
bushehr,ORG
qom,ORG
isfahan chabahar,ORG
konarak,PER
rudal,PRD
jelajah,ORG
tomahawk,ORG
udara,ORG
iran,GPE
media sosial,ORG
drone,ORG
shiraz,ORG
provinsi,ORG
fars,ORG
tabriz,ORG
universitas teknologi sahand,ORG
pemimpin,NOR
republik,GPE
islam,ORG
iran,GPE
ayatollah,ORG
ali,PER
khamenei,PER
satelit,ORG
airbus,ORG
defence and,ORG
space,ORG
new york times,ORG
pemimpin,NOR
iran,ORG
ayatollah,ORG
ali,PER
khamenei teheran,ORG
angkatan udara,ORG
israel,GPE
ayatollah,ORG
ali,PER
khamenei,PRD
ali,PER
hosseini khamenei,ORG
ayatollah,PER
ali,PER
khamenei,ORG
mohammad shirazi,PER
tertinggi,NOR
ali khamenei,PER
komandan angkatan bersenjata,NOR
senior,PER
khamenei,PER
iran,NOR
aziz nasirzadeh,PER
menteri pertahanan iran,NOR
komandan angkatan udara,NOR
kepala staf angkatan bersenjata,NOR
rudal jarak sistem senjata,PRD
proksi iran,NOR
aziz,PER
spnd,NOR
senjata nuklir biologi kimia,PRD
kepala spnd,NOR
hossein jabal amelian,PER
iran,GPE
senjata nuklir biologi kimia,PRD
kepala spnd,NOR
senjata nuklir,PRD
zona hijau,LOC
baghdad,GPE
irak,GPE
pemimpin tertinggi iran,NOR
ayatollah ali khamenei,PER
amerika,GPE
serikat,NOR
israel,GPE
irak,NOR
konfrontasi,NOR
pemerintah,NOR
diverifikasi,PER
al jazeera,NOR
kedutaan,NOR
amerika,GPE
serikat,NOR
luapan,NOR
khamenei,NOR
pemimpin,NOR
iran,GPE
ali khamenei mansoureh,PER
khojasteh bagherzadeh,PER
as,GPE
israel,GPE
iran,GPE
februari,DAT
iran,GPE
presiden,NOR
mahmoud ahmadinejad,PER
militer irgc,NOR
komando negara,NOR
as,GPE
israel,GPE
nuklir,PRD
iran,GPE
teheran,GPE
tribunnewscom,ORG
pemimpin tertinggi,NOR
iran,GPE
ali khamenei,PER
amerika,GPE
serikat,NOR
israel,GPE
iran,NOR
iran,GPE
tasnim news agency,ORG
mansoureh,PER
khojasteh bagherzadeh,PER
asisrael,NOR
iran,GPE
ibukota,GPE
teheran,GPE
mansoureh,PER
khojasteh,NOR
iran,GPE
washington,GPE
tel,ORG
aviv,GPE
asisrael,NOR
teheran,GPE
kota,GPE
iran,GPE
jet,ORG
rudal,PRD
pemerintah,NOR
amerika,GPE
serikat,GPE
israel,GPE
rudal,PRD
iran,GPE
washington,GPE
aviv,GPE
teheran,GPE
israel,GPE
as,GPE
as,GPE
iran,GPE
komando,NOR
islamic,NOR
revolutionary,ORG
guard,ORG
irgc,NOR
iran,GPE
as,GPE
israel,GPE
iran,GPE
asisrael,ORG
iran,GPE
pemerintah,NOR
trump,NOR
pbb,NOR
iran,GPE
as,GPE
ali,PER
shamkhani,ORG
ali,PER
shamkhani,ORG
sekretaris,NOR
dewan,NOR
iran,GPE
pemimpin,NOR
dewan,NOR
iran,GPE
shamkhani,ORG
iran,GPE
amerika,GPE
serikat,NOR
tribunnewscom,ORG
pemimpin,NOR
iran,GPE
ali,PER
amerika,GPE
serikat,GPE
israel,GPE
iran,GPE
iran,GPE
tasnim,ORG
news,ORG
agency,NOR
khojasteh,NOR
asisrael,ORG
iran,GPE
teheran,GPE
khojasteh,NOR
iran,GPE
washington,GPE
tel,ORG
aviv,GPE
asisrael,NOR
teheran,GPE
kota,GPE
iran,GPE
jet,ORG
rudal,PRD
pemerintah,NOR
amerika,GPE
serikat,GPE
israel,GPE
rudal,PRD
iran,GPE
washington,GPE
tel,ORG
aviv,GPE
teheran,GPE
teknologi,PRD
israel,GPE
as,GPE
pemimpin tertinggi iran,NOR
ayatollah ali khamenei,PER
amerika,GPE
serikatisrael,NOR
iran,GPE
ali khamenei,PER
presiden iran,NOR
masoud pezeshkian,PER
iran,GPE
ketua lembaga peradilan,NOR
gholamhossein mohseni,PER
dewan hukum negara,NOR
pemerintah,NOR
mohammad mokhber,PER
khamenei,PER
transisi,NOR
pezeshkian,PER
khamenei,PER
khamenei,PER
teheran,GPE
stasiun televisi pemerintah iran,NOR
israel,GPE
iran,GPE
as,GPE
khamenei,PER
asisrael,NOR
sekolah,ORG
rahbari,PER
new,ORG
times,ORG
airbus,ORG
defence,ORG
beite,ORG
rahbari,PER
pemimpin,ORG
iran,GPE
bunker,PER
israel,GPE
iran,GPE
republik islam iran,NOR
mansoureh khojasteh bagherzadeh,PER
pemimpin tertinggi iran,NOR
ali khamenei,PER
amerika serikat,GPE
israel,GPE
teheran,NOR
pemerintah iran,NOR
press tv tasnim news agency,ORG
bagherzadeh,PER
khamenei,PER
tasnim,PER
bagherzadeh,PER
iran,GPE
fars news agency,ORG
revolusi,NOR
khamenei,PER
amerika,GPE
serikat,NOR
israel,GPE
teheran,GPE
iran,GPE
presiden,NOR
amerika,GPE
serikat,NOR
donald,PER
trump,PER
khamenei,PER
trump,PER
khamenei,PER
pemimpin,NOR
iran,GPE
pemerintah,NOR
iran,GPE
khamenei,PER
teheran,GPE
republik islam,NOR
pemimpin,NOR
iran,GPE
ayatollah ali khamenei,PER
israel,GPE
amerika serikat,GPE
iran,GPE
teheran,GPE
ayatollah,PER
ali khamenei,PER
israel,GPE
amerika serikat,GPE
as,GPE
iran,GPE
teheran,GPE
irgc,NOR
iran,GPE
iran,GPE
israel,GPE
as,GPE
pemimpin,NOR
iran,GPE
timur,GPE
iran,GPE
presiden,NOR
as,GPE
donald,PER
trump,GPE
israel,GPE
iran,GPE
teheran,GPE
iran,GPE
timur,NOR
khomeini,EVT
iran,GPE
iran,GPE
alex,PER
middle,NOR
east,ORG
washington,GPE
israel,GPE
iran,GPE
iran,GPE
januari,DAT
ayatollah,LOC
ali,PER
israel,GPE
amerika serikat,GPE
as,GPE
iran,GPE
timur,NOR
teheran,GPE
pemimpin,NOR
iran,GPE
iran,GPE
israel,GPE
as,GPE
pemimpin,NOR
iran,GPE
timur,NOR
iran,GPE
revolusi,EVT
presiden,NOR
as,GPE
donald,PER
trump,GPE
israel,GPE
iran,GPE
teheran,GPE
iran,GPE
timur,NOR
khomeini,NOR
iran,GPE
iran,GPE
east,ORG
washington,GPE
israel,GPE
iran,GPE
iran,GPE
januari,DAT
tribunmedancom,ORG
pemimpin tertinggi iran,NOR
ali khamenei,PER
amerika,GPE
serikat,NOR
israel,GPE
teheran,GPE
badan intelijen amerika serikat central intelligence agency cia,NOR
khamenei,GPE
operasi cia,NOR
khamenei,GPE
iran,GPE
khamenei,GPE
israel,GPE
khamenei,PER
operasi militer,EVT
israel,GPE
pesawat armada,PRD
amunisi,PRD
menit,QTY
teheran,GPE
khamenei,PER
iran,GPE
khamenei,PER
ali,PER
khamenei,NOR
pemerintah,NOR
iran,GPE
irna,PER
pemerintah iran,NOR
pemimpin tertinggi iran,NOR
ayatollah ali khamenei,PER
teheran,GPE
khamenei,PER
amerika,GPE
serikat,NOR
israel,GPE
iran,GPE
tasnim news agency,ORG
jakarta,GPE
pemerintah,NOR
iran,GPE
pemimpin tertinggi iran,NOR
ayatollah ali khamenei,PER
teheran,GPE
khamenei,PER
amerika,GPE
serikat,NOR
israel,GPE
iran,NOR
tasnim news agency,ORG
provinsi,GPE
iran,GPE
juta,CRD
republik islam iran,NOR
ayatollah ruhollah khomeini,PER
pemerintah,NOR
iran,GPE
amerika serikat,GPE
israel,GPE
kepala,NOR
dewan,NOR
islam,NOR
iran,GPE
mahmoudi,PER
doa,REG
khomeini,PER
teheran,GPE
doa,REG
mahmoudi,PER
iran,GPE
khamenei,PER
pemimpin,NOR
iran,GPE
ayatollah,REG
khomeini,NOR
revolusi,REG
iran,GPE
iran,GPE
pemerintahan,NOR
iran,GPE
minyak,EVT
jakarta,GPE
pemerintah,NOR
iran,GPE
pemimpin,NOR
iran,GPE
ayatollah,PER
ali,PER
khamenei,PER
teheran,GPE
khamenei,PER
amerika,GPE
serikat,NOR
israel,GPE
iran,GPE
provinsi,GPE
iran,GPE
pemerintah,NOR
republik,GPE
islam,REG
iran,GPE
ayatollah,REG
khomeini,PER
pemerintah,NOR
iran,GPE
amerika serikat,GPE
israel,GPE
kepala,NOR
dewan,NOR
islam,REG
iran,GPE
mahmoudi,PER
aula,NOR
doa,REG
imam,NOR
khomeini,PER
teheran,GPE
doa,REG
mahmoudi,NOR
iran,GPE
khamenei,PER
pemimpin,NOR
iran,GPE
ayatollah,REG
khomeini,PER
iran,GPE
iran,GPE
pemimpin,NOR
otoritas,NOR
pemerintahan,NOR
pemimpin,NOR
iran,GPE
minyak,REG
appstore playstore,PRD
iran,GPE
ayatollah,PER
ali khamenei,PER
venezuela,GPE
nicolas maduro,PER
new york,GPE
donald trump,PER
mojtaba khamenei,PER
ali khamenei,PER
pimpinan,NOR
iran,GPE
persia,GPE
iran,GPE
persia,GPE
amerika,GPE
achaemenid cyrus,PER
safawi,PER
islam,REG
syiah,PER
persia,GPE
mongol,PER
islam,REG
persia,GPE
salman,PER
alfarisi,REG
nabi,REG
persia,GPE
baghdad,GPE
abbasiyah,PER
persia,GPE
baitul,PER
ibnu,PER
sina,PER
baghdad,GPE
abu,PER
nawas,PER
amerika,GPE
persia,GPE
as,GPE
iran,GPE
trump,PER
israel,GPE
qatar,GPE
saudi,GPE
nato,ORG
abu,PER
nawas,PER
trump,PER
iran,GPE
abu,PER
nawas,PER
trump,PER
abu,PER
trump,PER
abu,PER
nawas,PER
israel,GPE
trump,PER
abu,PER
nawas,PER
jordan,PER
saudi,GPE
bahrain,GPE
trump,PER
abu,PER
nawas,PER
trump,PER
abu,PER
trump,PER
abu,PER
trump,PER
presiden,NOR
abu,PER
nawas,PER
khamenei,PER
irna,ORG
iran,GPE
iran,GPE
as,GPE
israel,GPE
teheran,GPE
amerika serikat,GPE
israel,GPE
iran,GPE
pemimpin,NOR
iran,GPE
ali khamenei,PER
pemerintahan militer,NOR
iran,GPE
islamic republic news agency,ORG
irna,NOR
khamenei,PER
khamenei,PER
presiden iran,NOR
masoud pezeshkian,PER
khamenei,PER
deklarasi perang terbuka umat,EVT
islam,REG
dunia islam,NOR
al,PER
jazeera,NOR
khamenei,PER
irna,NOR
iran,GPE
timur,NOR
iran,GPE
as,GPE
israel,GPE
pemerintah,NOR
iran,GPE
israel,GPE
serang,NOR
sekolah,NOR
iran,GPE
iran,GPE
ali,PER
khamenei,PER
iran,GPE
amerika,GPE
serikat,NOR
israel,GPE
ali,PER
shamkhani,NOR
ali,PER
shamkhani,NOR
sekretaris,NOR
dewan,NOR
iran,GPE
ali,PER
khamenei,NOR
teheran,GPE
amerika,GPE
serikat,NOR
israel,GPE
iran,GPE
komando,NOR
pemimpin,NOR
iran,GPE
ali,PER
khamenei,PER
pemerintahan,NOR
iran,GPE
islamic,NOR
republic,NOR
news,ORG
irna,NOR
khamenei,NOR
dunia,NOR
irna,NOR
khamenei,PER
presiden,NOR
iran,GPE
masoud,NOR
khamenei,GPE
islam,NOR
islam,NOR
al,NOR
jazeera,NOR
khamenei,PER
irna,NOR
iran,GPE
timur,NOR
eskalasi,NOR
iran,GPE
as,GPE
israel,GPE
pemerintah,NOR
iran,GPE
israel,GPE
sekolah,NOR
iran,GPE
ali,PER
khamenei,PER
iran,GPE
amerika,GPE
serikat,NOR
israel,GPE
ali,PER
shamkhani,NOR
sekretaris,NOR
dewan,NOR
iran,GPE
pemimpin,NOR
ali,PER
khamenei,NOR
iran,GPE
ali khamenei,PER
amerika serikat,GPE
israel,GPE
pemerintah iran,NOR
khamenei,PER
republik islam iran,NOR
pemerintah iran,NOR
khamenei,PER
amerika,GPE
serikat,NOR
israel,GPE
pemerintah iran,NOR
khamenei,PER
pemimpin,NOR
iran,GPE
aceh,GPE
rp ribu,MON
maret,DAT
timur,NOR
konsulat as dubai,NOR
israel,GPE
iran,GPE
lebanon,GPE
mojtaba khamenei,PER
majelis ahli assembly,NOR
of,ORG
experts,NOR
islamic,PER
revolutionary,PER
irgc,PER
iran,GPE
mojtaba,PER
ali,PER
khamenei,PER
irgc,PER
ulama,REG
pemerintahan,NOR
angkatan,NOR
iran,GPE
iran,GPE
irak,GPE
mojtaba,PER
syiah,PER
iran,GPE
pola,PER
ali,PER
khamenei,PER
iran,GPE
maret,PER
mojtaba,PER
zahra,PER
haddadadel,PER
gholamali,PER
ketua,NOR
parlemen,NOR
iran,GPE
zahra,PER
iran,GPE
mojtaba,PER
mansoureh,PER
khojasteh bagherzadeh,PER
pemimpin tertinggi iran,NOR
ayatollah ali khamenei,PER
amerika,GPE
serikat,NOR
israel,GPE
teheran,GPE
bagherzadeh,PER
ayatollah,PER
ali khamenei,PER
pemerintah iran,NOR
press,ORG
tv,ORG
suryacoid,PER
mansoureh,ORG
khojasteh bagherzadeh,PER
pemimpin tertinggi iran,NOR
ayatollah ali khamenei,PER
amerika,GPE
serikat,NOR
israel,GPE
teheran,NOR
ayatollah,PER
ali khamenei,PER
pemerintah iran,NOR
press tv bagherzadeh,ORG
press tv,ORG
istri,PER
khamenei,PER
ali,PER
khamenei,PER
ali,PER
iran,GPE
ali,PER
khamenei,PER
israelas,GPE
khamenei,PER
pemerintah,NOR
fars,PER
khamenei,PER
khamenei,PER
iran,GPE
tujuh,CRD
libur,ORG
new,ORG
york,NOR
times,ORG
airbus,ORG
defence,ORG
space,ORG
israel,GPE
amerika,GPE
serikat,NOR
beite,ORG
rahbari,PER
pemimpin,NOR
iran,GPE
khamenei,PER
perimeter,ORG
mansoureh,ORG
khojasteh,PER
bagherzadeh bagherzadeh,NOR
persia,GPE
persia,GPE
mashhad,PER
mohammad,PER
esmaeil,PER
khojasteh,PER
bagherzadeh,NOR
mashhad,PER
suryacoid,ORG
khojasteh,PER
bagherzadeh,NOR
pemimpin,NOR
iran,GPE
ayatollah,PER
ali,PER
khamenei,PER
amerika,GPE
serikat,NOR
israel,GPE
teheran,GPE
ayatollah,PER
ali,PER
khamenei,PER
pemerintah,NOR
iran,GPE
tv,ORG
bagherzadeh,NOR
press,ORG
tv,ORG
khamenei,PER
ali,PER
khamenei,PER
ali,PER
iran,GPE
ali,PER
khamenei,PER
israelas,GPE
khamenei,PER
pemerintah,NOR
fars,PER
khamenei,PER
khamenei,PER
iran,GPE
tujuh,CRD
libur,ORG
new,ORG
times,ORG
satelit,ORG
airbus,ORG
defence,ORG
space,ORG
israel,GPE
amerika,GPE
serikat,NOR
beite,PER
rahbari,PER
pemimpin,NOR
iran,GPE
khamenei,PER
bagherzadeh,NOR
persia,GPE
persia,GPE
mashhad,PER
mohammad,PER
khojasteh,PER
bagherzadeh,NOR
mashhad,PER
khamenei,GPE
iran,GPE
khamenei,PER
iran,GPE
pemerintah iran,NOR
khamenei,PER
israel,GPE
channel times of,ORG
israel,GPE
israel,GPE
amerika serikat,GPE
khamenei,PER
fars,ORG
khamenei,PER
presiden amerika serikat,NOR
donald trump,PER
pemimpin tertinggi iran,NOR
perdana menteri israel,NOR
benjamin netanyahu,PER
khamenei,PER
khamenei,PER
presiden iran,NOR
pemimpin tertinggi iran,NOR
agus,PER
khamenei,PER
iran,GPE
hizbullah yaman,NOR
iran,NOR
pangkalan,NOR
amerika,GPE
serikat timur,NOR
teheran,GPE
pemimpin tertinggi iran,NOR
mojtaba khamenei,PER
iran,GPE
ali larijani,PER
amerika,GPE
serikat,NOR
israel,GPE
mojtaba,ORG
larijani,PER
larijani,PER
mojtaba khamenei,PER
anadolu mojtaba,PER
ali larijani,PER
iran,GPE
larijani,PER
islam,REG
iran,GPE
detikdetik,ORG
mojtaba,PER
khamenei,PER
israel,GPE
ali,PER
iran,GPE
amerika,GPE
serikat,GPE
israel,GPE
alireza,PER
dewan,NOR
iran,GPE
amerika,GPE
serikat,GPE
israel,GPE
iran,GPE
februari,PER
pemimpin,NOR
ali,PER
iran,GPE
israel,GPE
yordania,GPE
irak,GPE
teluk,GPE
amerika,GPE
serikat,GPE
menteri negeri,NOR
iran,GPE
abbas,PER
iran,GPE
republik,GPE
islam,REG
iran,GPE
al,NOR
jazeera,PER
pemerintahan,NOR
iran,GPE
iran,GPE
israel,GPE
iran,GPE
asisrael,PER
ali larijani,PER
irgc,NOR
khamenei,GPE
teheran,GPE
kabinet iran,NOR
republik,GPE
islam,NOR
iran,GPE
pemimpin,NOR
ayatollah,PER
ali khamenei,PER
amerika serikat,GPE
israel,GPE
teheran,GPE
sekretaris dewan tertinggi keamanan nasional iran,NOR
ali larijani,PER
larijani,NOR
washington,GPE
tel aviv,GPE
zionis,GPE
amerika,GPE
iran,GPE
korps,NOR
garda,NOR
revolusi,NOR
iran,GPE
irgc,NOR
komandan,NOR
kabinet,NOR
iran,GPE
associated,ORG
press,NOR
televisi,ORG
pemerintah,NOR
iran,GPE
detikdetik,ORG
ayatollah,ORG
khamenei,NOR
teheran,NOR
israel,GPE
as,GPE
pusat,NOR
pemerintah,NOR
iran,GPE
israel,GPE
iran,GPE
ali,PER
ayatollah,ORG
khamenei,PER
akbp,ORG
natalena,NOR
polda jambi,NOR
khamenei,NOR
teheran,GPE
iran,GPE
pangkalan,NOR
as,GPE
timur,NOR
israel,GPE
iran,GPE
dunia,NOR
republik,GPE
islam,NOR
iran,GPE
amuk,NOR
republik,GPE
islam,NOR
iran,GPE
pemimpin,NOR
ayatollah,ORG
ali,PER
khamenei,NOR
udara,NOR
amerika,GPE
serikat,NOR
israel,GPE
teheran,NOR
sekretaris,NOR
dewan,NOR
iran,GPE
ali,PER
mullah,ORG
irna,NOR
washington,NOR
tel,ORG
aviv,NOR
zionis,NOR
amerika,GPE
iran,GPE
korps,NOR
garda,NOR
revolusi iran,NOR
irgc,NOR
komandan,NOR
intens,ORG
kabinet,NOR
iran,GPE
associated,ORG
televisi,ORG
pemerintah,NOR
iran,GPE
ayatollah,ORG
khamenei,NOR
teheran,NOR
rudalrudal,PRD
israel,GPE
as,GPE
kota,GPE
pemerintah,NOR
iran,GPE
israel,GPE
iran,GPE
ali,PER
shamkhani ayatollah,NOR
akbp,ORG
natalena,NOR
kapolres,NOR
polda,ORG
jambi,NOR
khamenei,PER
pemimpin tertinggi iran,NOR
ayatollah ali khamenei,PER
amerika,GPE
serikatisrael,NOR
iran,GPE
ali khamenei,PER
presiden iran,NOR
masoud pezeshkian,PER
iran,GPE
ketua lembaga peradilan,NOR
gholamhossein mohseni,PER
dewan hukum negara,NOR
pemerintah,NOR
mohammad mokhber,PER
khamenei,PER
transisi,NOR
pezeshkian,PER
khamenei,PER
khamenei,PER
teheran,GPE
stasiun televisi pemerintah iran,NOR
israel,GPE
iran,GPE
as,GPE
khamenei,PER
asisrael,NOR
sekolah,ORG
rahbari,PER
new,ORG
times,ORG
airbus,ORG
defence,ORG
beite,ORG
rahbari,PER
pemimpin,ORG
iran,GPE
bunker,PER
israel,GPE
iran,GPE
ayatollah ali khamenei,PER
israel,GPE
amerika serikat,GPE
iran,GPE
teheran,GPE
ayatollah,PER
ali khamenei,PER
israel,GPE
amerika serikat,GPE
as,GPE
iran,GPE
teheran,GPE
irgc,NOR
iran,GPE
iran,GPE
israel,GPE
as,GPE
pemimpin,NOR
iran,GPE
timur,GPE
iran,GPE
presiden,NOR
as,GPE
donald,PER
trump,GPE
israel,GPE
iran,GPE
teheran,GPE
iran,GPE
timur,NOR
khomeini,EVT
iran,GPE
iran,GPE
alex,PER
middle,NOR
east,ORG
washington,GPE
israel,GPE
iran,GPE
iran,GPE
januari,DAT
ayatollah,LOC
ali,PER
israel,GPE
amerika serikat,GPE
as,GPE
iran,GPE
timur,NOR
teheran,GPE
pemimpin,NOR
iran,GPE
iran,GPE
israel,GPE
as,GPE
pemimpin,NOR
iran,GPE
timur,NOR
iran,GPE
revolusi,EVT
presiden,NOR
as,GPE
donald,PER
trump,GPE
israel,GPE
iran,GPE
teheran,GPE
iran,GPE
timur,NOR
khomeini,NOR
iran,GPE
iran,GPE
east,ORG
washington,GPE
israel,GPE
iran,GPE
iran,GPE
januari,DAT
kepala dewan keamanan iran,NOR
ali larijani,PER
khorramshahr qadr,PER
emad kheybarshkan,PER
israel,GPE
revolusi,NOR
israel,GPE
tel aviv,GPE
ali larijani,PER
larijani,PER
iran,GPE
pemimpin tertinggi,NOR
ayatollah,PER
ali khamenei,PER
tribunvideocomalmayadeennet,ORG
almayadeennet,PER
larijani,PER
iran,GPE
militer keamanan,NOR
gedunggedung ramat gan,LOC
iran,GPE
viory,PER
ramat gan,LOC
iran,GPE
iran,GPE
iran,GPE
ramat gan,LOC
pemerintah,NOR
kota,GPE
ramat,GPE
gan,LOC
iran,GPE
mojtaba khamenei,PER
pemimpin tertinggi iran,NOR
majelis pakar pascakematian,NOR
ali khamenei,PER
mojtaba,PER
asisrael,ORG
garda revolusi irgc,ORG
mojtaba,PER
republik islam,NOR
iran,GPE
ayatollah,PER
ali khamenei,PER
ayatollah khamenei,PER
aliansi amerika serikat israel,NOR
februari,DAT
majelis pakar iran,NOR
mojtaba khamenei,PER
rahbar,PER
revolusi takhta,EVT
the guardian,ORG
mojtaba,PER
teheran,GPE
mojtaba,ORG
al,NOR
jazeera,ORG
mojtaba,PER
kepala,NOR
kepala,NOR
garda,NOR
revolusi,ORG
korps,ORG
garda,NOR
revolusi,NOR
islam,REG
mojtaba,PER
jusuf,PER
kalla,PER
ri,GPE
donald,PER
trump,PER
iran,GPE
jambi,NOR
mojtaba,PER
irgc,PER
iran,GPE
iran,GPE
washington,GPE
aviv,NOR
iran,GPE
republik,GPE
islam,REG
iran,GPE
pemimpin,NOR
ayatollah,PER
ali,PER
khamenei,PER
ayatollah,PER
khamenei,PER
amerika,GPE
israel,GPE
februari,PER
majelis,NOR
iran,GPE
mojtaba,PER
khamenei,PER
pemimpin,NOR
rahbar,PER
revolusi,NOR
the,ORG
guardian,ORG
mojtaba,NOR
operation,ORG
epic,PER
fury,PER
teheran,GPE
mojtaba,PER
al,NOR
jazeera,PER
mojtaba,PER
kepala,NOR
kepala,NOR
garda,PER
revolusi,ORG
islam,NOR
irgc,PER
mojtaba,NOR
jusuf,PER
kalla,PER
desak,GPE
ri,GPE
donald,PER
trump,PER
iran,GPE
jambi,NOR
mojtaba,PER
irgc,PER
iran,GPE
iran,GPE
international,NOR
defiance,ORG
washington,GPE
aviv,NOR
iran,GPE
tribunmedancom,ORG
pemimpin tertinggi iran,NOR
ali khamenei,PER
amerika,GPE
serikat,NOR
israel,GPE
teheran,GPE
badan intelijen amerika serikat central intelligence agency cia,NOR
khamenei,GPE
operasi cia,NOR
khamenei,GPE
iran,GPE
khamenei,GPE
israel,GPE
khamenei,PER
operasi militer,EVT
israel,GPE
pesawat armada,PRD
amunisi,PRD
menit,QTY
teheran,GPE
khamenei,PER
iran,GPE
khamenei,PER
ali,PER
khamenei,NOR
pemerintah,NOR
iran,GPE
irna,PER
teheran,GPE
salat,REG
id,EVT
idul fitri,REG
berkabung nasional iran,EVT
ayatollah ali khamenei,PER
pemimpin tertinggi iran,NOR
mojtaba khamenei,PER
idul fitri,REG
televisi,NOR
pemerintah,NOR
asisrael,PER
mojtaba,GPE
vioryvideo,PER
salat,REG
idul fitri teheran perang,EVT
iran,GPE
jet tempur canggih,PRD
as,GPE
israel,GPE
pulau qeshm teluk persia,LOC
asisrael,ORG
khamenei,GPE
presiden as,NOR
donald trump,PER
iran,GPE
iran,GPE
jet tempur,PRD
as,GPE
israel,GPE
pulau qeshm teluk persia teheran,LOC
kawasan,LOC
teluk persia,LOC
korps garda revolusi islam irgc iran,NOR
jet tempur canggih,PRD
amerika serikat,GPE
israel,GPE
pulau qeshm teluk persia,LOC
irgc sistem,ORG
pertahanan udara,PRD
pesawat,PRD
pemerintah,NOR
pesawat,PRD
iran,GPE
eskalasi,NOR
as,GPE
israel,GPE
iran,GPE
februari,GPE
ayatollah,LOC
iran,GPE
drone,ORG
rudal,PRD
israel,GPE
yordania,GPE
irak,GPE
as,GPE
teluk,GPE
iran,GPE
selat,LOC
hormuz,ORG
minyak,PRD
presiden,NOR
as,GPE
donald,PER
trump,PER
iran,GPE
iran,GPE
hormuz,ORG
kapal,PRD
rp,LOC
maret,DAT
trump,PER
as,GPE
iran,GPE
iran,GPE
trump,PER
listrik,PRD
iran,GPE
trump,PER
trump,PER
iran,GPE
iran,GPE
as,GPE
israel,GPE
iran,GPE
jet,PRD
as,GPE
israel,GPE
selatan,PRD
pulau,LOC
qeshm,GPE
teluk,GPE
persia,GPE
teheran,GPE
persia,GPE
korps,NOR
garda,NOR
islam,PRD
iran,GPE
amerika,GPE
serikat,PRD
israel,GPE
selatan,PRD
pulau,LOC
qeshm,GPE
teluk,GPE
persia,GPE
irgc,GPE
pesawat,PRD
teluk,LOC
pemerintah,NOR
iran,GPE
pesawat,PRD
iran,GPE
as,GPE
israel,GPE
iran,GPE
ayatollah,LOC
ali,PER
iran,GPE
drone,PRD
rudal,PRD
israel,GPE
yordania,GPE
irak,GPE
as,GPE
iran,GPE
selat,LOC
hormuz,GPE
minyak,LOC
presiden,NOR
as,GPE
donald,PER
trump,PER
iran,GPE
iran,GPE
selat,LOC
hormuz,GPE
kapal,PRD
rp,LOC
maret,DAT
trump,PER
as,GPE
iran,GPE
iran,GPE
trump,PER
iran,GPE
trump,PER
trump,PER
rezim,NOR
iran,GPE
iran,GPE
as,GPE
israel,GPE
tribunmedancom,ORG
pemimpin tertinggi iran,NOR
ali khamenei,PER
amerika,GPE
serikat,NOR
israel,GPE
teheran,GPE
badan intelijen amerika serikat central intelligence agency cia,NOR
khamenei,GPE
operasi cia,NOR
khamenei,GPE
iran,GPE
khamenei,GPE
israel,GPE
khamenei,PER
operasi militer,EVT
israel,GPE
pesawat armada,PRD
amunisi,PRD
menit,QTY
teheran,GPE
khamenei,PER
iran,GPE
khamenei,PER
ali,PER
khamenei,NOR
pemerintah,NOR
iran,GPE
irna,PER
khamenei,NOR
revolusi islam,EVT
islam,REG
khamenei,PER
dewan revolusi,NOR
wakil menteri pertahanan,NOR
imam salat,PER
teheran,NOR
parlemen presiden,NOR
mohammad ali rajai,PER
khamenei,PER
tape,ORG
khomeini,PER
majelis ahli khamenei,NOR
iran,GPE
pemimpin,NOR
eksekutif legislatif,NOR
ali khamenei,PER
pemimpin tertinggi iran,NOR
republik islam,NOR
ruhollah,PER
khomeini,PER
angkatan bersenjata lembaga peradilan,NOR
negeri,NOR
iran,GPE
presiden,NOR
parlemen,NOR
panglima,NOR
angkatan,NOR
garda,NOR
revolusi,NOR
iran,GPE
irgc,NOR
khamenei,PER
iran,GPE
iranirak,GPE
barat,NOR
konfrontasi,NOR
washington,GPE
aviv,NOR
iran,GPE
iran,GPE
khamenei,PER
barat,NOR
iran,GPE
iran,GPE
joint,NOR
nuklir,NOR
khamenei,PER
amerika,GPE
serikat,GPE
presiden,NOR
as,GPE
donald,PER
trump,PER
as,GPE
iran,GPE
washington,GPE
teheran,NOR
iran,GPE
palestina,GPE
khamenei,PER
gaza,NOR
oktober,NOR
israel,GPE
amerika,GPE
serikat,NOR
israel,GPE
iran,GPE
lebanon,GPE
irak,GPE
yaman,GPE
faksi,NOR
palestina,GPE
hamas,NOR
suriah,GPE
bashar alassad,NOR
khamenei,PER
amerika,GPE
serikat,NOR
israel,GPE
iran,GPE
israel,GPE
iran,GPE
teheran,GPE
khamenei,NOR
trump,PER
israel,GPE
pemimpin,NOR
trump,PER
iran,GPE
majelis,NOR
ayatollah,PER
teheran,GPE
pemimpin,NOR
khamenei,PER
pemilihan,EVT
majelis,NOR
pemimpin,NOR
dewan,NOR
presiden,NOR
ketua,NOR
parlemen,NOR
kepala,NOR
lembaga,NOR
tel aviv,GPE
israel,GPE
iran,GPE
as,GPE
amerika serikat,GPE
israel,GPE
operasi militer gabungan,EVT
iran,GPE
nuklir,PRD
rudal,PRD
iran,GPE
teheran,GPE
israel,GPE
as,GPE
teluk iran,GPE
ali khamenei,PER
mojtaba khamenei,PER
lebanon,GPE
hizbullah,NOR
pemimpin,NOR
iran,GPE
selat hormuz,LOC
minyak,MON
dolar barel,MON
pemimpin tertinggi iran,NOR
ayatollah ali khamenei,PER
hassan nasrallah nasrallah,PER
israel,GPE
beirut,GPE
lebanon,GPE
tribunnews,ORG
nasrallah khamenei,PER
israel,GPE
khamenei,PER
khamenei,PER
sekretaris jenderal hizbullah,NOR
khamenei,PER
iran,GPE
iran,GPE
hizbullah,NOR
tribunnewscom,ORG
hassan nasrallah,PER
pemimpin tertinggi iran,NOR
ayatollah ali khamenei,PER
kabarterkini,ORG
kepala intelijen militer israel,NOR
mayor jenderal shlomi binder,PER
pemerintah iran,NOR
the jerusalem post,ORG
intelijen,NOR
iran,GPE
teheran,GPE
iran,GPE
iran,GPE
binder,PER
idf,NOR
israel,GPE
kepala staf iran perang,NOR
ali shademani idf,PER
the jerusalem post,ORG
pasukan pertahanan israel,NOR
idf,ORG
ali shademani,PER
kepala staf perang iran,NOR
pemimpin tertinggi iran,NOR
ayatollah ali khamenei shademani,PER
jenderal gholamali rashid,PER
komandan markas khatam,NOR
alanbiya,PER
israel,GPE
iran,NOR
israel,GPE
shademani,PER
eskalasi,NOR
konflik israel iran,NOR
internasional negara,NOR
iran,NOR
israel,NOR
middle,NOR
east,NOR
iran,NOR
israel,GPE
mayor,NOR
jenderal,NOR
hossein,NOR
salami,PER
pemerintah iran,NOR
pemimpin tertinggi iran,NOR
ayatollah ali khamenei,PER
teheran,GPE
khamenei,PER
amerika,GPE
serikat,NOR
israel,GPE
iran,GPE
tasnim news agency,ORG
jakarta,GPE
pemerintah,NOR
iran,GPE
pemimpin tertinggi iran,NOR
ayatollah ali khamenei,PER
teheran,GPE
khamenei,PER
amerika,GPE
serikat,NOR
israel,GPE
iran,NOR
tasnim news agency,ORG
provinsi,GPE
iran,GPE
juta,CRD
republik islam iran,NOR
ayatollah ruhollah khomeini,PER
pemerintah,NOR
iran,GPE
amerika serikat,GPE
israel,GPE
kepala,NOR
dewan,NOR
islam,NOR
iran,GPE
mahmoudi,PER
doa,REG
khomeini,PER
teheran,GPE
doa,REG
mahmoudi,PER
iran,GPE
khamenei,PER
pemimpin,NOR
iran,GPE
ayatollah,REG
khomeini,NOR
revolusi,REG
iran,GPE
iran,GPE
pemerintahan,NOR
iran,GPE
minyak,EVT
jakarta,GPE
pemerintah,NOR
iran,GPE
pemimpin,NOR
iran,GPE
ayatollah,PER
ali,PER
khamenei,PER
teheran,GPE
khamenei,PER
amerika,GPE
serikat,NOR
israel,GPE
iran,GPE
provinsi,GPE
iran,GPE
pemerintah,NOR
republik,GPE
islam,REG
iran,GPE
ayatollah,REG
khomeini,PER
pemerintah,NOR
iran,GPE
amerika serikat,GPE
israel,GPE
kepala,NOR
dewan,NOR
islam,REG
iran,GPE
mahmoudi,PER
aula,NOR
doa,REG
imam,NOR
khomeini,PER
teheran,GPE
doa,REG
mahmoudi,NOR
iran,GPE
khamenei,PER
pemimpin,NOR
iran,GPE
ayatollah,REG
khomeini,PER
iran,GPE
iran,GPE
pemimpin,NOR
otoritas,NOR
pemerintahan,NOR
pemimpin,NOR
iran,GPE
minyak,REG
appstore playstore,PRD
iran,GPE
ayatollah,PER
ali khamenei,PER
venezuela,GPE
nicolas maduro,PER
new york,GPE
donald trump,PER
mojtaba khamenei,PER
ali khamenei,PER
pimpinan,NOR
iran,GPE
persia,GPE
iran,GPE
persia,GPE
amerika,GPE
achaemenid cyrus,PER
safawi,PER
islam,REG
syiah,PER
persia,GPE
mongol,PER
islam,REG
persia,GPE
salman,PER
alfarisi,REG
nabi,REG
persia,GPE
baghdad,GPE
abbasiyah,PER
persia,GPE
baitul,PER
ibnu,PER
sina,PER
baghdad,GPE
abu,PER
nawas,PER
amerika,GPE
persia,GPE
as,GPE
iran,GPE
trump,PER
israel,GPE
qatar,GPE
saudi,GPE
nato,ORG
abu,PER
nawas,PER
trump,PER
iran,GPE
abu,PER
nawas,PER
trump,PER
abu,PER
trump,PER
abu,PER
nawas,PER
israel,GPE
trump,PER
abu,PER
nawas,PER
jordan,PER
saudi,GPE
bahrain,GPE
trump,PER
abu,PER
nawas,PER
trump,PER
abu,PER
trump,PER
abu,PER
trump,PER
presiden,NOR
abu,PER
nawas,PER
selat hormuz,LOC
iran,GPE
amerika serikat,GPE
as,GPE
israel,GPE
iran,GPE
iran,GPE
selat hormuz,LOC
februari,DAT
selat hormuz,LOC
teluk persia laut arab,LOC
iran utara,GPE
oman,GPE
uni emirat arab,GPE
uea selatan,GPE
kapal tanker minyak,PRD
pemimpin tertinggi iran,NOR
mojtaba khamenei,PER
ali larijani,PER
bbc news,ORG
minyak dunia,PRD
gas alam cair lng,PRD
selat juta,LOC
barel,QTY
minyak,LOC
miliar dolar as,MON
selat hormuz,LOC
iran,GPE
drone,PRD
kapal,PRD
tanker,PRD
kapal,PRD
as,GPE
rudal,PRD
iran,GPE
selat,LOC
hormuz,LOC
minyak,PRD
mentah,GPE
as,GPE
minyak,PRD
qatar,GPE
selat hormuz,LOC
iran,GPE
ayatollah,PER
ali khamenei,PER
venezuela,GPE
nicolas maduro,PER
new york,GPE
donald trump,PER
mojtaba khamenei,PER
ali khamenei,PER
pimpinan,NOR
iran,GPE
persia,GPE
iran,GPE
persia,GPE
amerika,GPE
achaemenid cyrus,PER
safawi,PER
islam,REG
syiah,PER
persia,GPE
mongol,PER
islam,REG
persia,GPE
salman,PER
alfarisi,REG
nabi,REG
persia,GPE
baghdad,GPE
abbasiyah,PER
persia,GPE
baitul,PER
ibnu,PER
sina,PER
baghdad,GPE
abu,PER
nawas,PER
amerika,GPE
persia,GPE
as,GPE
iran,GPE
trump,PER
israel,GPE
qatar,GPE
saudi,GPE
nato,ORG
abu,PER
nawas,PER
trump,PER
iran,GPE
abu,PER
nawas,PER
trump,PER
abu,PER
trump,PER
abu,PER
nawas,PER
israel,GPE
trump,PER
abu,PER
nawas,PER
jordan,PER
saudi,GPE
bahrain,GPE
trump,PER
abu,PER
nawas,PER
trump,PER
abu,PER
trump,PER
abu,PER
trump,PER
presiden,NOR
abu,PER
nawas,PER
appstore playstore,PRD
iran,GPE
ali khamenei,PER
amerika serikat,GPE
israel,GPE
pemerintah iran,NOR
khamenei,PER
republik islam iran,NOR
pemerintah iran,NOR
khamenei,PER
amerika,GPE
serikat,NOR
israel,GPE
pemerintah iran,NOR
khamenei,PER
pemimpin,NOR
iran,GPE
aceh,GPE
rp ribu,MON
maret,DAT
timur,NOR
konsulat as dubai,NOR
israel,GPE
iran,GPE
lebanon,GPE
mojtaba khamenei,PER
majelis ahli assembly,NOR
of,ORG
experts,NOR
islamic,PER
revolutionary,PER
irgc,PER
iran,GPE
mojtaba,PER
ali,PER
khamenei,PER
irgc,PER
ulama,REG
pemerintahan,NOR
angkatan,NOR
iran,GPE
iran,GPE
irak,GPE
mojtaba,PER
syiah,PER
iran,GPE
pola,PER
ali,PER
khamenei,PER
iran,GPE
maret,PER
mojtaba,PER
zahra,PER
haddadadel,PER
gholamali,PER
ketua,NOR
parlemen,NOR
iran,GPE
zahra,PER
iran,GPE
mojtaba,PER
dewan kota saudara,NOR
ragheb younes,PER
allah,REG
mohammed ahmad haidar,PER
kota media,NOR
lebanon,GPE
kota,GPE
saksakiyah,GPE
distrik sidon,GPE
delapan,CRD
israel,GPE
hizbullah,GPE
beirut,GPE
amerika serikat,GPE
israel,GPE
operasi militer gabungan,EVT
iran,GPE
februari,DAT
rudal iran,PRD
teheran,GPE
israel,GPE
as,GPE
teluk iran,GPE
ali khamenei,PER
mojtaba khamenei,PER
lebanon,GPE
iran,GPE
selat,LOC
hormuz,GPE
shimon sirine,PER
rudal iran,PRD
iran,GPE
amerika serikat,GPE
israel,GPE
ketiga,ORD
februari,DAT
iran,GPE
ayatollah,PER
ali khamenei,PER
israel,GPE
viory,PER
rudal iran,PRD
herzliya,GPE
israel,GPE
rudal iran rudal iran herzliya,PRD
israel,GPE
iran,GPE
pemimpin,NOR
ayatollah,PER
ali khamenei,PER
asisrael,NOR
presiden,NOR
donald trump,PER
presiden as,NOR
donald trump khamenei,PER
iran,GPE
international,ORG
khamenei,PER
tribunkaltengcom,ORG
iran,GPE
ayatollah,PER
ali khamenei,PER
iran,GPE
ayatollah,PER
ali khamenei,PER
asisrael,NOR
presiden,NOR
donald trump,PER
iran,NOR
ayatollah,PER
ali khamenei,PER
dprd kalteng,NOR
wilayah barito,LOC
asisrael,NOR
haidar,ORG
imam,PER
ali,PER
zaynab,PER
iran,GPE
khamenei,PER
presiden,NOR
as,GPE
donald,PER
trump,PER
khamenei,PER
trump,PER
trump,PER
amerika,GPE
serikat,NOR
iran,GPE
international,NOR
khamenei,PER
khamenei,PER
iran,GPE
iran,GPE
timur,NOR
khamenei,PER
trump,PER
tribunkaltengcom,NOR
iran,GPE
ayatollah,PER
ali,PER
khamenei,PER
iran,GPE
pemimpin,NOR
ayatollah,PER
ali,PER
khamenei,PER
asisrael,PER
presiden,NOR
donald,PER
trump,PER
iran,GPE
pemimpin,NOR
ayatollah,PER
ali,PER
khamenei,PER
dprd,NOR
kalteng,NOR
barito,NOR
imam,PER
ali,PER
zaynab,PER
iran,GPE
khamenei,PER
presiden,NOR
as,GPE
donald,PER
trump,PER
khamenei,PER
trump,PER
trump,PER
khamenei,PER
amerika,GPE
serikat,NOR
iran,GPE
khamenei,PER
iran,GPE
iran,GPE
timur,NOR
tribunjakartacom,ORG
ramadan,REG
indonesia,GPE
perang timur israel amerika serikat,EVT
as,GPE
teheran,GPE
kota,GPE
iran,GPE
pemimpi tertinggi iran,NOR
ayatollah ali khamenei,PER
truth social,ORG
trump,PER
khamenei,PER
trump,PER
khamenei,PER
iran,GPE
khamenei,PER
iran,GPE
amerika,GPE
khamenei,PER
trump,PER
as,GPE
presiden,NOR
khamenei,PER
intelijen,PRD
as,GPE
israel,GPE
iran,GPE
irgc,PER
islamic,NOR
aparat,NOR
kepolisian,NOR
menteri negeri iran,NOR
abbas,PER
araghchi,PER
trump,PER
israel,GPE
nbc,NOR
news,ORG
teheran,NOR
abbas,PER
khamenei,PER
ya,PER
khamenei,NOR
ketua,NOR
lembaga,NOR
ketua,NOR
parlemen,NOR
sekretaris,NOR
dewan,NOR
nasional,NOR
abbas,PER
abbas,PER
iran,NOR
pemerintah,NOR
iran,NOR
abbas,PER
tribunkaltengcom update,ORG
iran,GPE
amerika,GPE
pemimpin tertinggi iran,NOR
ayatollah ali khamenei,PER
unjuk besarbesaran sanaa pemogokan regional,EVT
houthi,ORG
khamenei,PER
donald trump,PER
amerikaisrael,GPE
iran,NOR
masoud pezeshkian,PER
pemimpin,NOR
iran,GPE
sanaa,NOR
yaman,ORG
pemimpin houthi yaman,NOR
abdul malik alhouthi,PER
iran,GPE
demonstrasi,EVT
caitlin brown,ORG
internet nasional,EVT
iran,GPE
iran,GPE
pemantau internet netblocks,ORG
rezim,NOR
pemerintah,NOR
netblocks,ORG
iran,GPE
as,GPE
israel,GPE
iran,GPE
the,ORG
guardian,ORG
iran,GPE
ali,PER
teheran,GPE
pemimpin tertinggi iran,NOR
ayatollah ali khamenei,PER
amerika serikat,GPE
israel,GPE
khamenei,PER
nabi,REG
muhammad saw,PER
syiah,REG
suryamalangcom,ORG
iran,GPE
ayatollah ali khamenei,PER
pemimpin,NOR
iran,GPE
nabi,REG
muhammad,PER
saw,REG
amerika,GPE
serikat,NOR
israel,GPE
syiah,REG
khamenei,PER
sayyid,PER
rasulullah,REG
fatimah,PER
ali zayn al ‑ abidin,PER
nabi,REG
muhammad,PER
pemimpin tertinggi iran,NOR
ali khamenei,PER
israelamerika,GPE
serikat,NOR
khamenei,PER
pemerintahan,NOR
iran,GPE
irinn,REG
barat,NOR
pemerintahan,NOR
republik,NOR
islam,REG
tujuh,CRD
khamenei,PER
pemerintah,NOR
iran,GPE
khamenei,PER
alquran,REG
pemerintah,NOR
iran,GPE
pemimpin,NOR
as,GPE
iran,GPE
khamenei,NOR
republik,NOR
islam,REG
khamanei,PER
pemimpin,NOR
iran,GPE
asisrael,NOR
khamanei,PER
republik,GPE
islam,REG
iran,GPE
makkah,REG
asisrael,ORG
iran,GPE
bupati,NOR
nabi,REG
muhammad,PER
saw,REG
sayyid,PER
syarif,PER
ali,PER
hosseini,REG
khamenei,PER
alhusaini,PER
marja,REG
muslim,REG
syiah,NOR
pemimpin,NOR
republik,GPE
islam,REG
iran,GPE
suryamalangcom,REG
iran,GPE
ayatollah,REG
ali,PER
khamenei,NOR
pemimpin,NOR
iran,GPE
nabi,REG
muhammad,PER
saw,NOR
amerika,GPE
serikat,NOR
israel,GPE
timur,NOR
syiah,NOR
sayyid,PER
rasulullah,REG
fatimah,PER
ali,PER
zayn,REG
abidin,PER
pemimpin,NOR
nabi,REG
muhammad,PER
pemimpin,NOR
iran,GPE
ali,PER
khamenei,PER
israelamerika,GPE
serikat,NOR
khamenei,NOR
tv,ORG
pemerintahan,NOR
iran,GPE
barat,NOR
pemerintahan,NOR
republik,GPE
islam,REG
tujuh,CRD
khamenei,PER
pemerintah,NOR
iran,GPE
khamenei,PER
alquran,REG
hitam,NOR
kiri,NOR
pemerintah,NOR
iran,GPE
pemimpin,NOR
as,GPE
iran,GPE
khamenei,PER
republik,GPE
islam,REG
khamanei,PER
pemimpin,NOR
iran,GPE
khamanei,PER
republik,GPE
islam,REG
iran,GPE
makkah,GPE
asisrael,NOR
iran,GPE
bupati,NOR
umrah,PER
sayyid,PER
syarif,PER
ali,PER
hosseini,PER
khamenei,PER
alhusaini,REG
muslim,REG
syiah,NOR
pemimpin,NOR
republik,GPE
islam,REG
iran,GPE
washington,GPE
presiden amerika serikat,NOR
donald trump,PER
iran,GPE
trump,NOR
fox news,ORG
presiden,NOR
mojtaba khamenei,PER
ayatollah ali khamenei,PER
pemimpin tertinggi iran,NOR
trump,PER
mojtaba khamenei,PER
februari,NOR
amerika,GPE
serikat,NOR
israel,GPE
iran,GPE
teheran,GPE
iran,GPE
israel,GPE
as,GPE
timur,NOR
as,GPE
israel,GPE
nuklir,PRD
iran,GPE
iran,NOR
pemimpin tertinggi iran,NOR
ayatollah ali khamenei,PER
militer,EVT
republik islam iran,NOR
vladimir putin,PER
khamenei,NOR
sinis,NOR
kementerian negeri,NOR
rusia,GPE
operasi,EVT
asisrael,NOR
deeskalasi,NOR
sputnikria novosti,NOR
iran,GPE
trump,PER
iran,GPE
trump,NOR
pasukan darat,NOR
as,GPE
iran,GPE
kuntum,PER
riswaneditor,NOR
azis,GPE
kurmala,PER
crawling,EVT
pengindeksan,NOR
ai,NOR
web,NOR
uu,NOR
ite,NOR
doha,GPE
iran,GPE
teheran,NOR
ketua parlemen iran,NOR
mohammad bagher ghalibaf,PER
iran,GPE
ghalibaf,PER
iran,GPE
februari,NOR
amerika serikat,GPE
israel,GPE
iran,GPE
teheran,GPE
iran,GPE
israel,GPE
as,GPE
timur,NOR
as,GPE
israel,GPE
nuklir,PRD
iran,GPE
iran,GPE
pemimpin tertinggi iran,NOR
ayatollah ali khamenei,PER
republik islam iran,NOR
sputnikria,EVT
khaira,PER
sigit,EVT
uu,ORG
teheran,GPE
iran,GPE
militer teheran,NOR
ketua parlemen iran,NOR
mohammad bagher ghalibaf,PER
iran,GPE
ghalibaf,PER
platform media sosial,ORG
iran,GPE
kremlin,NOR
putin,PER
trump,PER
amerika serikat,GPE
israel,GPE
iran,GPE
teheran,GPE
iran,GPE
israel,GPE
as,GPE
timur,NOR
as,GPE
israel,GPE
nuklir,PRD
iran,GPE
iran,NOR
pemimpin tertinggi iran,NOR
ayatollah ali khamenei,PER
operasi militer,EVT
republik islam,NOR
sputnikria,ORG
novosti,PER
negeri,NOR
thailand,GPE
minyak,ORG
khaira,PER
riswaneditor,PER
fransiska,ORG
ai,NOR
uu,NOR
ite,ORG
doha,GPE
juru bicara kementerian negeri qatar,NOR
majed alansari qatar,PER
iran,GPE
iran,GPE
iran,GPE
alansari,PER
konferensi pers februari,EVT
menteri negeri negara kemlu qatar,NOR
iran,GPE
qatar,GPE
iran,GPE
amerika serikat,GPE
alansari,PER
qatar,GPE
iran,GPE
iran,GPE
israel,GPE
as timur,GPE
amerika serikat,GPE
israel,GPE
militer,NOR
pemimpin tertinggi iran,NOR
ayatollah ali khamenei,PER
sekolah,NOR
perempuan,ORG
iran,GPE
selatan,NOR
iran,GPE
sputnikria novosti,NOR
kemhan,NOR
qatar,GPE
iran,GPE
khaira,PER
riswaneditor,NOR
fransiska,PER
uu,NOR
ite,ORG
teheran,GPE
iran,GPE
pertemuan,EVT
mojtaba khameneipertemuan,PER
skala nasional,EVT
kota,EVT
iran,GPE
majelis pakar iran,NOR
teheran,GPE
kota iran,GPE
iran,GPE
lapangan enghelab,LOC
iran,GPE
ali khamenei,PER
amerika,GPE
serikatisrael,NOR
pewarta xinhuaeditor,ORG
aditya eko sigit wicaksono,PER
uu ite,LAW
istanbul,GPE
arab saudi,GPE
kuwait,GPE
uni emirat arab uea,GPE
angkatan bersenjata aparat keamanan negara menjalankan tugas,NOR
kementerian negeri kemlu arab saudi,NOR
kerajaan,NOR
arab,GPE
saudi,NOR
pemerintah rakyat negara sahabat,NOR
kuwait,GPE
uni emirat arab,GPE
arab saudi,GPE
kerajaan,GPE
kuwait,GPE
uea,GPE
kuwait,GPE
rudal drone uea,PRD
helikopter kuwait,PRD
bandara internasional kuwait,FAC
amerika serikat,GPE
as,GPE
israel,GPE
iran,GPE
februari,DAT
pemimpin,NOR
ali khamenei,PER
iran,GPE
drone rudal,PRD
israel,GPE
yordania irak,GPE
negaranegara teluk,GPE
iran,GPE
khaira,PER
riswaneditor,NOR
uu,ORG
ankara,GPE
presiden turki,NOR
recep tayyip erdogan,PER
presiden iran,NOR
masoud pezeshkian,PER
turki,GPE
erdogan,PER
iran,GPE
kementerian pertahanan turki,NOR
rudal balistik,PRD
iran,GPE
provinsi gaziantep,GPE
turki tenggara,GPE
nato,PRD
mediterania timur,GPE
telepon pezeshkian,PRD
turki,GPE
iran,GPE
iran,GPE
erdogan,PER
sekolah,PRD
putri,ORG
iran,GPE
selatan,NOR
pemimpin tertinggi iran,NOR
ali khamenei,PER
mojtaba khamenei,PER
ali,PER
kawasan,ORG
telepon,PRD
amerika,GPE
serikatisrael,GPE
iran,GPE
februari,EVT
iran,GPE
rudal,PRD
israel,GPE
as,GPE
timur,GPE
xinhuaeditor,ORG
michael,PER
adiputra,ORG
uu,ORG
moskow,GPE
pemerintah belanda,NOR
kapal fregat komando antipesawat hnlms evertsen,PRD
timur mediterania,GPE
prancis,GPE
iran,GPE
stasiun televisi nos,ORG
menteri pertahanan negeri,NOR
belanda,GPE
siprus,GPE
turki,GPE
prancis,GPE
belanda,GPE
kapal induk,PRD
prancis,GPE
charles de gaulle,PER
kapal perang fregat pertahanan udara komando,PRD
evertsen,NOR
kapal induk,PRD
laut baltik,LOC
februari,NOR
amerika serikat,GPE
as,GPE
israel,GPE
iran,GPE
iran,GPE
israel,GPE
as,GPE
timur,NOR
as,GPE
israel,GPE
nuklir,PRD
iran,GPE
iran,GPE
pemimpin tertinggi iran,NOR
ayatollah ali khamenei,PER
operasi,EVT
as,GPE
israel,GPE
republik,GPE
islam,NOR
iran,GPE
presiden,NOR
rusia,GPE
vladimir,PER
khamenei,EVT
sinis,NOR
kementerian negeri,NOR
kemlu,NOR
rusia,GPE
operasi,EVT
asisrael,NOR
sputnikria,NOR
novosti,ORG
iran,GPE
asisrael,EVT
trump,PER
iran,GPE
fransiska,EVT
arie,ORG
novarina,EVT
ai,ORG
uu,LAW
ite,NOR
washington,GPE
presiden amerika serikat,NOR
donald trump,PER
minyak,PRD
trump,PER
trump,EVT
as,GPE
iran,GPE
februari,NOR
as,GPE
israel,GPE
iran,GPE
teheran,GPE
iran,GPE
israel,GPE
as,GPE
timur,NOR
as,GPE
israel,GPE
nuklir,PRD
iran,GPE
as,GPE
israel,GPE
iran,GPE
pemimpin tertinggi iran,NOR
ayatollah ali khamenei,PER
operasi,EVT
israel,GPE
republik,GPE
islam,ORG
iran,GPE
presiden,NOR
rusia,GPE
vladimir,PER
putin,PER
khamenei,PER
kementerian negeri,NOR
kemlu,NOR
rusia,GPE
asisrael,NOR
novostioana,ORG
putin,PER
rusia,GPE
minyak,PRD
andal,ORG
fransiska,ORG
uu,EVT
ite,ORG
jakarta,GPE
ketua dpr ri,NOR
puan maharani,PER
pemimpin tertinggi republik islam iran,NOR
ali khamenei,PER
amerika serikat,GPE
israel,GPE
rapat paripurna dpr ri,EVT
persidangan iv sidang – kompleks parlemen senayan,EVT
jakarta,GPE
dpr ri,NOR
ayatullah ali khamenei,PER
pemimpin,NOR
republik,GPE
islam,NOR
iran,GPE
israel,GPE
as,GPE
iran,GPE
konstitusi,LAW
indonesia,GPE
iran,GPE
as,GPE
israel,GPE
iran,GPE
dpr,NOR
ri,GPE
dpr,NOR
ri,GPE
perserikatan,NOR
dpr ri,NOR
pemerintah,NOR
ri,GPE
presiden,NOR
as,GPE
donald,PER
trump,PER
pemimpin,NOR
iran,GPE
ali,PER
trump,NOR
trump,PER
amerika,GPE
serikat,NOR
israel,GPE
pemimpin,NOR
iran,GPE
pemerintah,NOR
iran,GPE
ali,PER
khamenei,NOR
asisrael,NOR
fars,NOR
dpr,NOR
timur,NOR
ketua,NOR
dpr,NOR
pewarta,EVT
uu,NOR
washington,GPE
senator partai demokrat amerika serikat as,NOR
sekolah perempuan,ORG
kota,GPE
minab,NOR
iran,GPE
pasukan as pentagon,NOR
sekolah,NOR
pasukan,ORG
as,NOR
menteri pertahanan,NOR
pete hegseth,PER
departemen pertahanan serangan,NOR
brian schatz,PER
hegseth,ORG
kongres,NOR
hegseth,NOR
as,GPE
iran,GPE
anggota senior komite hubungan negeri senat,NOR
jeanne shaheen,PER
utama partai demokrat komite angkatan bersenjata senat,NOR
jack reed patty murray,PER
mark warner chris coons,PER
brian schatz,PER
tomahawk,ORG
as,GPE
sekolah,NOR
iran,GPE
sekolah,ORG
minab,GPE
iran,GPE
selatan,NOR
menteri negeri,NOR
iran,GPE
araghchi,ORG
perserikatan,ORG
bangsabangsa,NOR
pbb,GPE
februari,NOR
as,GPE
israel,GPE
iran,GPE
teheran,GPE
iran,GPE
israel,GPE
as,GPE
timur,NOR
as,GPE
israel,GPE
iran,GPE
iran,GPE
pemimpin,NOR
iran,GPE
ayatollah,ORG
ali,PER
operasi,EVT
as,GPE
rezim,NOR
zionis,GPE
iran,GPE
presiden,NOR
rusia,GPE
vladimir,PER
putin,PER
sinis,NOR
kementerian,NOR
negeri,GPE
rusia,GPE
as,GPE
israel,GPE
sputnikria,NOR
novostioana,ORG
asisrael,ORG
sekolah,ORG
iran,GPE
rahmad,NOR
nasution,ORG
pengindeksan,NOR
ai,ORG
uu,ORG
ite,ORG
web,PRD
uu ite,LAW
istanbul,GPE
asia,GPE
asisrael,EVT
iran,GPE
minyak mentah global,PRD
dolar,MON
rp juta barel,MON
india,GPE
pemerintahnya,NOR
india,GPE
minyak bumi,PRD
china,GPE
minyak,PRD
atlantic,ORG
council,PRD
beijing,GPE
minyak mentah,PRD
minyak,PRD
asia timur,GPE
timur,GPE
australia,GPE
pemerintah negeri kanguru,NOR
menteri perindustrian energi pengurangan,NOR
australia,GPE
chris bowen,PER
australia,GPE
menhan,NOR
as,GPE
militer,NOR
iran,GPE
asia,GPE
pemerintah,NOR
pakistan,GPE
perdana,NOR
menteri,NOR
bensin,PRD
rupee,PRD
rp,MON
liter,PRD
bangladesh,GPE
malaysia,GPE
perdana,NOR
menteri,NOR
anwar,PRD
ibrahim,PER
bensin,PRD
rp,MON
liter,PRD
anwar,PRD
sri,ORG
lanka,PRD
persen,PRD
taiwan,GPE
kepala,NOR
timur,NOR
maret,DAT
april,DAT
central,ORG
news agency,PRD
bangladesh,GPE
sekolah,ORG
presiden,NOR
korea,GPE
selatan,NOR
lee,ORG
korea,GPE
selatan,GPE
dolar,MON
as,GPE
minyak,PRD
won,PRD
dolar,MON
maret,DAT
jepang,GPE
nikkei,ORG
ketiga,ORD
timur,NOR
as,GPE
israel,GPE
iran,GPE
februari,DAT
pemimpin,NOR
iran,GPE
asisrael,ORG
as,GPE
israel,GPE
enam,CRD
as,GPE
sepuluh,MON
asia,GPE
bangladesh,GPE
pakistan,GPE
india,GPE
china,GPE
nepal,GPE
timur,NOR
minyak,PRD
dolar,MON
as,GPE
pertamina,NOR
octaviaeditor,ORG
uu,LAW
ite,ORG
jakarta,GPE
kedutaan kedubes iran jakarta,NOR
ayatollah seyyed mojtaba hosseini khamenei,PER
pemimpin,NOR
iran,GPE
mojtaba khamenei,PER
ayatollah,PER
aludzma,PER
syahid,PER
seyyed,PER
ali hosseini khamenai,PER
asisrael iran,NOR
jakarta,GPE
iran,NOR
komandan militer,NOR
sistem pemerintahan iran,NOR
keadilan,EVT
penghibur hati rakyat,EVT
iran,GPE
mojtaba khamenei,PER
majelis khobregan,NOR
dewan pakar kepemimpinan,NOR
ketiga,NOR
iran,GPE
irgc,NOR
pemimpin,NOR
iran,NOR
dewan,NOR
konstitusi iran,NOR
pemilihan,EVT
pemilu,EVT
delapan,CRD
dewan,NOR
pemimpin,NOR
komando,NOR
mojtaba khamenei,NOR
operasi,EVT
israel,GPE
mojtaba,NOR
khamenei,PER
pemimpin,NOR
iran,GPE
as,GPE
israel,GPE
iran,NOR
pusat perdagangan,NOR
sekolah,ORG
perhimpunan,ORG
merah,NOR
keenam,NOR
iran,GPE
asisrael,NOR
perang,NOR
iran,GPE
dena,ORG
mil laut,ORG
iran,GPE
bangsa,NOR
mojtaba,NOR
khamenei,PER
pemimpin,NOR
iran,NOR
mojtaba khamenei,NOR
pemimpin,NOR
iran,GPE
irgc,PER
sarieditor,NOR
crawling,NOR
pengindeksan,NOR
ai,NOR
uu,NOR
ite,ORG
istanbul,GPE
presiden lebanon,NOR
joseph aoun,PER
israel,GPE
perserikatan bangsabangsa,NOR
lebanon,GPE
israel,GPE
duta denmark swedia norwegia,NOR
nna,NOR
lebanon,GPE
lebanon,GPE
gencatan senjata,EVT
november,DAT
israel,GPE
lebanon,GPE
gencatan senjata hezbollah november,EVT
israel,GPE
israel,GPE
lebanon,GPE
hezbollah,GPE
israel,GPE
as,GPE
iran,GPE
pemimpin tertinggi,NOR
ayatollah,PER
ali khamenei,PER
teheran,GPE
pesawat,PRD
rudal,PRD
israel,GPE
yordania,GPE
irak,GPE
teluk,EVT
as,GPE
cindy,EVT
aditya,ORG
ai,ORG
uu,EVT
web,PRD
uu ite,LAW
istanbul,GPE
enam,CRD
israel,GPE
lebanon selatan,GPE
sir algharbiyyeh,GPE
distrik,GPE
nabatieh nasional,GPE
lebanon,GPE
kota,GPE
lebanon beirut,GPE
kementerian kesehatan media,NOR
israel,GPE
lebanon timur selatan,GPE
israel,GPE
lebanon,GPE
hezbollah,ORG
perang asisrael,EVT
iran,GPE
februari,DAT
as,GPE
israel,GPE
iran,GPE
pemimpin,NOR
ali khamenei,PER
iran,GPE
pesawat berawak rudal,PRD
israel,GPE
negaranegara,GPE
as,GPE
lebanon,GPE
israel,GPE
hezbollah,ORG
lebanon,GPE
nyt,ORG
rudal,PRD
as,GPE
sekolah,ORG
iran,GPE
hizbullahisrael,ORG
octaviaeditor,ORG
aditya,ORG
sigit,ORG
uu,ORG
ite,ORG
kairo,GPE
korps garda revolusi islam islamic revolutionary guard corpsirgc iran,NOR
pemimpin,NOR
mojtaba khamenei,PER
irgc mojtaba,NOR
pemimpin tertinggi iran,NOR
ali khamenei,PER
majelis ahli iran,NOR
majelis sidang,NOR
ayatollah,PER
seyyed,PER
mojtaba,PER
hosseini khamenei,PER
ketiga sistem suci republik islam iran,NOR
itumojtaba khamenei,PER
pemimpin tertinggi iran,NOR
ali khamenei,PER
gabungan,NOR
amerika,GPE
serikat as israelmojtaba,NOR
pemimpin tertinggi iran,NOR
israel,GPE
as,GPE
iran,GPE
israel,GPE
iran,NOR
pemimpin,NOR
dieliminasipresiden,ORG
as,GPE
donald,PER
trump,PER
web,NOR
as,GPE
axios,NOR
mojtaba,ORG
khamenei,PER
pemimpin,NOR
iran,GPE
trump,PER
pemilihan,EVT
pemimpin irantrump,NOR
iran,GPE
pemimpin,NOR
khamenei,PER
as,GPE
israel,GPE
teheran,NOR
iran,GPE
februari,NOR
ali,PER
khamenei,PER
komandan,NOR
iran,GPE
iran,GPE
rudal,PER
drone,NOR
israel,GPE
as timur,NOR
xinhuaeditor,ORG
michael teguh,PER
adiputra,NOR
copyright,PER
pengindeksan,NOR
ai,NOR
web,NOR
uu,PER
ite,ORG
teheran,GPE
juru bicara kementerian negeri iran,NOR
esmaeil baghaei,PER
asisrael,ORG
depot bahan bakar,ORG
iran,GPE
kemanusiaan,EVT
baghaei,GPE
asisrael,ORG
fasilitas,LOC
minyak,LOC
teheran,GPE
provinsi alborz,GPE
asisrael,ORG
iran,GPE
iran,GPE
bahan,PRD
perang,PRD
iran baghaei,GPE
perbatasan,LOC
iran baghaei,GPE
perhimpunan sabit merah,ORG
iran,NOR
iranian red crescent society,ORG
beracun,PRD
minyak,PRD
iran,GPE
iran,GPE
enam,CRD
asisrael,ORG
minyak,PRD
provinsi,GPE
juni,ORG
israel,GPE
minyak,PRD
barat,PRD
teheran,GPE
iran,GPE
israel,GPE
as,GPE
teheran,GPE
kota,GPE
iran,GPE
pemimpin,NOR
iran,GPE
ali,LOC
khamenei,PRD
komandan,NOR
iran,GPE
rudal,PRD
drone,PRD
israel,GPE
pangkalan,ORG
as,GPE
timur,NOR
baghaei,PRD
asisrael,ORG
minyak,PRD
teheran,GPE
provinsi,GPE
alborz,ORG
asisrael,ORG
bangsa,PRD
iran,GPE
iran,GPE
iran,GPE
baghaei,GPE
bahan,PRD
udara,PRD
perbatasan,PRD
iran,GPE
baghaei,PRD
perhimpunan,NOR
iran,GPE
iranian,GPE
beracun,PRD
minyak,PRD
iran,GPE
iran,GPE
enam,CRD
minyak,PRD
provinsi,GPE
juni,ORG
israel,GPE
minyak,PRD
barat,PRD
teheran,GPE
iran,GPE
israel,GPE
as,GPE
teheran,GPE
kota,GPE
iran,GPE
pemimpin,NOR
iran,GPE
ali,PRD
komandan,NOR
iran,GPE
rudal,PRD
drone,PRD
israel,GPE
pangkalan,ORG
as,GPE
timur,NOR
xinhuaeditor,ORG
uu,LOC
ite,ORG
washington,GPE
presiden as,NOR
donald trump,PER
minyak,PRD
nuklir iran,PRD
trump,PER
bensin,PRD
minyak,PRD
nuklir,PRD
iran,GPE
as,GPE
trump,PER
truthsocial,PRD
minyak,PRD
minyak mentah brent,PRD
dolar as,MON
rp juta barel,MON
minyak dunia,PRD
dolar as as,MON
israel,GPE
iran,GPE
sekolah,NOR
perempuan,ORG
iran,GPE
selatan,NOR
siswi,NOR
pemimpin tertinggi iran,NOR
ayatollah ali khamenei,PER
perwakilan iran perserikatan bangsabangsa pbb,NOR
amir saeed iravani,PER
iran,GPE
amerika,GPE
timur,PRD
israel,GPE
as,GPE
israel,GPE
operasi,EVT
nuklir,PRD
teheran,GPE
iran,GPE
sputnik,PRD
ihsg,PRD
asia,PRD
minyak,PRD
purbaya,PRD
bbm,PRD
minyak,PRD
apbn,PRD
yoanita,ORG
fransiska,PRD
crawling,PRD
ai,ORG
uu,LAW
ite,PRD
teheran,GPE
mojtaba khamenei ulama,PER
iran,GPE
iran,GPE
as,GPE
israel,GPE
ulama,REG
majelis ahli iran,NOR
ayatollah,PER
ali khamenei,PER
mojtaba,NOR
pemimpin,NOR
ketiga,NOR
iran,GPE
revolusi,NOR
mojtaba khamenei,PER
pemimpin tertinggi,NOR
iran,GPE
mojtaba,PER
september,DAT
kota mashhad timur laut,GPE
iran,GPE
ayatollah ali khamenei,PER
iran,GPE
as,GPE
israel,GPE
sepekan,PER
mojtaba,PER
cucu ulama,NOR
sayyed,PER
javad,NOR
khamenei,PER
mojtaba,NOR
revolusi,REG
iran,GPE
presiden,NOR
pemimpin,NOR
mojtaba,NOR
zahra,PER
haddadadel,PER
gholamali,PER
haddadadel,PER
politikus,NOR
ketua,NOR
parlemen,NOR
iran,GPE
zahra,PER
as,NOR
israel,GPE
khamenei,PER
teheran,NOR
mojtaba,PER
mojtaba,NOR
khamenei,PER
pemimpin,NOR
iran,GPE
ulama,NOR
iran,GPE
mojtaba,PER
qom,PER
syiah,REG
sekolah,ORG
ulama,NOR
iran,GPE
islam,REG
ulama,NOR
ayatollah,PER
mahmoud,PER
hashemi,PER
shahroudi,PER
ayatollah,PER
lotfollah,PER
safi,PER
mohammadtaqi,PER
iran,GPE
analis,NOR
iran,GPE
mojtaba,PER
ulama,NOR
qom,PER
darse,PER
kharej,PER
mojtaba,PER
kelasnya,NOR
ulama,NOR
mojtaba,NOR
pemerintahan,NOR
pemilihan,EVT
trump,PER
pemimpin,NOR
iran,GPE
khamenei,PER
mojtaba,NOR
iran,GPE
pemilihan,EVT
presiden,NOR
mojtaba,PER
pemerintah,NOR
iran,GPE
kali,PER
iran,GPE
iranirak,GPE
an,NOR
presiden,NOR
mojtaba,PER
barat,NOR
korps,NOR
revolusi,ORG
islam,NOR
iran,GPE
as,GPE
trump,PER
iran,GPE
mojtaba,PER
khamenei,PER
tokyo,GPE
mojtaba khamenei,PER
ayatollah ali khamenei,PER
pemimpin tertinggi iran media pemerintah iran,NOR
khamenei,PER
pemimpin,NOR
ketiga,NOR
iran,GPE
revolusi islam,NOR
amerika serikat,GPE
amerika,GPE
serikat,NOR
as,GPE
israel,GPE
iran,GPE
februari,DAT
korps garda revolusi islam,NOR
pemimpin,NOR
pemimpin,NOR
iran,GPE
yudikatif legislatif administratif,NOR
iran,GPE
iran,NOR
presiden as,NOR
donald trump,PER
pemimpin tertinggi,NOR
iran,GPE
as,GPE
pemerintah khamenei,NOR
majelis ahli beranggotakan,NOR
ahli agama ulama iran,NOR
mojtaba khamenei,PER
mojtaba khamenei,PER
september,DAT
kota mashhad,GPE
timur laut,NOR
iran,GPE
pusat keagamaan,NOR
negara,NOR
ali,PER
khamenei,PER
iran,GPE
pemimpin,NOR
sepekan,PER
as,GPE
israel,GPE
ulama,NOR
sayyed,PER
javad,PER
khamenei,NOR
dinamika,PER
mojtaba,NOR
kebangkitan,NOR
revolusi islam,NOR
presiden,NOR
iran,GPE
pemimpin,NOR
zahra,PER
haddadadel,PER
gholamali,PER
haddadadel,NOR
konservatif,NOR
ketua,NOR
parlemen,NOR
lembaga kebudayaan,NOR
iran,GPE
zahra,PER
as,GPE
israel,GPE
khamenei,PER
kota,NOR
teheran,GPE
mojtaba,NOR
as,GPE
israel,GPE
mojtaba,NOR
khamenei,PER
iran,GPE
modern,NOR
negara,GPE
teluk,NOR
israel,GPE
pemimpin,NOR
iran,GPE
khamenei,PER
pemimpin,NOR
rezim,NOR
iran,GPE
israel,GPE
amerika,GPE
serikat,NOR
rakyat,NOR
iran,GPE
kepala,NOR
israel,GPE
israel,GPE
katz platform media,NOR
kepemimpinan,NOR
iran,GPE
mojtaba pusat,NOR
konfrontasi,NOR
geopolitik,NOR
negara sumber,NOR
anadolu,PER
mojtaba,NOR
khamenei,PER
pemimpin,NOR
iran,GPE
igrc,NOR
menlu,NOR
iran,GPE
amerika,GPE
serikat,NOR
nabil,PER
ihsaneditor,PER
konten,NOR
ai,NOR
kirim,NOR
uu,NOR
ite,NOR
beirut,GPE
israel,GPE
lebanon,GPE
maret,DAT
otoritas kesehatan lebanon,NOR
ahad kementerian kesehatan lebanon,NOR
kementerian anak,NOR
israel,GPE
israel,GPE
enam,CRD
roket,QTY
hizbullah,GPE
israel,GPE
lebanon,GPE
kota,GPE
beirut,GPE
maret,DAT
hizbullah,GPE
rudal drone,PRD
israel,GPE
pemimpin tertinggi iran,NOR
ali khamenei,PER
israel,GPE
lebanon,GPE
israel,GPE
pasukan darat,NOR
lebanon,GPE
menteri sosial lebanon,NOR
haneen sayed,PER
pemerintah,NOR
sputnikria,NOR
novostixinhua,ORG
lebanon,GPE
israelbaca,GPE
hizbullah,PRD
roket,PRD
drone,PRD
israel,GPE
utara,PRD
asri,PRD
anton santoso,PRD
crawling,PRD
ai,NOR
web,PRD
uu,ORG
ite,PRD
teheran,GPE
mojtaba khamenei,PER
ayatollah ali khamenei,PER
pemimpin tertinggi iranpemimpin tertinggi iran pucuk tertinggi kekuasaan yudikatif legislatif administratif iran,NOR
iran,GPE
nuklirgarda revolusi,EVT
iran,GPE
irgc,ORG
pemimpin,NOR
mojtaba khamenei,PER
ria novosti,PER
irgc iran,NOR
dewan,NOR
mojtaba khamenei,PER
revolusi,REG
islam,NOR
revolusi,NOR
imam ruhollah khomeini,PER
imam ali khamenei,PER
irgc,PER
islamic republic,ORG
of iran,NOR
broadcasting,ORG
dewan ahli iran,NOR
mojtaba khamenei,PER
pemimpin,NOR
negara,NOR
putra,ORG
pemimpin,NOR
ali,PER
khamenei,NOR
amerika,GPE
serikat,NOR
israel,GPE
februari,NOR
dewan,NOR
pemimpin,NOR
presiden as,NOR
donald,PER
trump,NOR
dewan,NOR
trump,PER
ali,PER
sekretaris,NOR
dewan,NOR
nasional,NOR
iran,GPE
stasiun,ORG
televisi,NOR
snn sumber,ORG
sputnik,PER
iran,NOR
ekonomi,ORG
as,NOR
media,ORG
diplomat as,NOR
arab,GPE
saudi,NOR
yoanita,PER
djohaneditor,PER
anton,PER
santoso,NOR
ai,NOR
web,ORG
uu,NOR
ite,NOR
jakarta,GPE
rupiah,MON
dolar amerika serikat as,MON
minyak dunia,PRD
jakarta,GPE
rupiah,MON
rp dolar as,MON
mata uang doo financial futures,ORG
lukman leong,PER
rupiah,MON
minyak mentah,PRD
rupiah,MON
dolar as,MON
minyak mentah,PRD
dolar as,MON
lukman,NOR
jakarta,GPE
rupiah,MON
rp,MON
rp dolar as,MON
timur,LOC
amerika serikat,GPE
israel,GPE
iran,GPE
mojtaba,LOC
iran,GPE
ali,PER
iran,GPE
as,GPE
israel,GPE
minyak,PRD
minyak,PRD
jenis,PRD
dolar,MON
as,GPE
minyak,PRD
brent,PRD
dolar,MON
as,GPE
rupiah,MON
iran,GPE
bi,ORG
rupiah,MON
apbn,MON
rp,MON
bi,ORG
rupiah,MON
ri,GPE
saputraeditor faisal,PRD
uu,LAW
jakarta,GPE
indeks harga saham gabungan ihsg bursa,PRD
efek indonesia,ORG
bei,ORG
saham kawasan asia,ORG
minyak,PRD
ihsg,PRD
persen,PRC
indeks,ORG
lq,PRD
persen,PRC
kiwoom research,ORG
wait,ORG
head of research kiwoom sekuritas indonesia,ORG
liza camelia suryanata,PER
jakarta,GPE
amerika serikat,GPE
as,GPE
israel,GPE
iran,GPE
dolar as,MON
iran,GPE
mojtaba,ORG
pemimpin,ORG
ayatollah,ORG
ali,ORG
supreme,ORG
leader,PRD
ihsg,PRD
minyak,PRD
ihsg,PRD
hardliner,PRD
iran,GPE
as,GPE
israel,GPE
geopolitik,PRD
timur,ORG
minyak,PRD
minyak,PRD
crude,PRD
persen,PRD
dolar,MON
as,GPE
barel,PRD
oil,PRD
dolar,MON
as,GPE
timur,ORG
as,GPE
china,GPE
presiden,ORG
as,GPE
donald,ORG
trump,ORG
presiden,ORG
china,GPE
xi,PRD
jinping,ORG
maret,DAT
as,GPE
china,GPE
as,GPE
pesawat,PRD
boeing,ORG
rare,ORG
pesawat,PRD
narrowbody,PRD
boeing,ORG
china,GPE
liza,ORG
timur,PRD
as,GPE
makro,PRD
consumer,PRD
cpi,PRD
as,GPE
februari,ORG
the,ORG
fed,PRD
bps,ORG
juni,DAT
persen,PRD
pemerintah,NOR
minyak,PRD
menteri,NOR
minyak,PRD
dolar,PRD
as,GPE
apbn,ORG
pemerintah,NOR
geopolitik,PRD
presiden,ORG
prabowo,ORG
subianto,PRD
indonesia,GPE
board,PRD
peace,PRD
presiden,ORG
as,GPE
donald,PRD
trump,ORG
palestina,GPE
indonesia,GPE
pemerintah,NOR
gaza,PRD
pbb,PRD
eropa,PRD
euro,ORG
indeks,PRD
ftse,ORG
inggris,PRD
indeks,PRD
jerman,GPE
indeks,PRD
prancis,GPE
as,GPE
wall,ORG
indeks,PRD
dow,ORG
indeks,PRD
indeks,PRD
nasdaq,ORG
composite,ORG
asia,GPE
indeks,PRD
nikkei,ORG
istanbul,GPE
iran,GPE
platform media sosial,ORG
x netblocks,ORG
kesembilan,ORD
iran,GPE
kesembilan jam,QTY
netblocks,ORG
organisasi infrastruktur jaringan teknis negara,ORG
pemimpin,NOR
iran,GPE
ali khamenei,PER
amerika serikat as,GPE
israel,GPE
iran,GPE
februari,DAT
iran,GPE
teheran,GPE
drone rudal,PRD
israel,GPE
negaranegara,GPE
as,GPE
selat hormuz,LOC
barel,QTY
minyak,PRD
pejabat keamanan,NOR
as,GPE
washington,GPE
iran,GPE
serang,NOR
minyak,PRD
irgc,ORG
iran,GPE
kurmala,ORG
ai,ORG
uu,ORG
istanbul,GPE
pejabat keamanan tertinggi iran,NOR
ali larijani,PER
tentara amerika serikat,NOR
washington,GPE
amerika,GPE
amerika,GPE
larijani,PER
media sosial,ORG
amerika serikat,GPE
tentara as,NOR
juru bicara komando pusat as,NOR
centcom al jazeera,ORG
iran,GPE
as,GPE
israel,GPE
iran,GPE
februari,DAT
pemimpin tertinggi iran,NOR
ali khamenei,PER
teheran,GPE
amerika serikat,GPE
anadolu,ORG
irgc,NOR
iran,GPE
operasi tempur intensif,EVT
iran,GPE
bakar asisrael,PRD
serang,NOR
depot minyak,ORG
iran,NOR
menlu china,NOR
gencatan senjata,ORG
penerjemah,ORG
kuntum,ORG
khaira,PER
riswaneditor,NOR
azis kurmala,ORG
copyright,NOR
keras,ORG
crawling,ORG
pengindeksan,NOR
otomatis,ORG
ai,NOR
web,ORG
kirim,ORG
tanggungjawab,ORG
uu,ORG
ite,ORG
teheran,GPE
iran,GPE
enam,CRD
utusan,NOR
korps garuda revolusi islam irgc,NOR
ali mohammad naini,PER
angkatan bersenjata iran,NOR
enam,CRD
naini,PER
pemerintah iran,NOR
iran,GPE
rudal balistik berat,PRD
rudal jelajah,PRD
drone kapal serang,PRD
naini,NOR
iran,GPE
rudal jarak canggih,PRD
amerika serikat,GPE
israel,GPE
iran,GPE
teheran,GPE
iran,GPE
israel,GPE
as,GPE
kawasan timur,LOC
as,GPE
israel,GPE
nuklir,PRD
iran,GPE
iran,NOR
pemimpin tertinggi iran,NOR
ali khamenei,PER
operasi militer,EVT
republik islam iran,NOR
presiden rusia,NOR
vladimir putin,PER
khamenei,NOR
kementerian negeri,NOR
rusia,GPE
operasi,EVT
asisrael,NOR
sputnikria novosti,NOR
iran,GPE
menlu,NOR
china,GPE
israel,GPE
iran,GPE
trump,NOR
iran,GPE
kuntum,NOR
khaira riswaneditor azis,NOR
kurmala,PER
ai,NOR
web,NOR
uu,ORG
ite,NOR
moskow,GPE
amerika serikat,GPE
pangkalanpangkalan inggris,NOR
operasi pertahanan khusus iran,NOR
kementerian pertahanan inggris sabtuamerika,NOR
serikat,DAT
pangkalanpangkalan inggris,NOR
pertahanan,EVT
iran,GPE
rudal,PRD
inggris,GPE
kementerian pertahanan,NOR
sky newsselain,ORG
jet tempur typhoon f inggris,PRD
operasi udara yordania,EVT
qatar,GPE
siprus,GPE
london,GPE
helikopter merlin,PRD
sky newssementara,ORG
kota,GPE
nicosia,GPE
siprus,GPE
pangkalan militer,FAC
inggris,GPE
cyprus mailpara,ORG
siprus,GPE
inggris,FAC
presiden siprus,NOR
nikos christodoulides,PER
pangkalan militer inggris,FAC
konflik,EVT
timur tengahpada,GPE
februari,DAT
as,GPE
israel,GPE
iran,GPE
teheran,GPE
israel,GPE
as,GPE
timur,NOR
as,GPE
israel,GPE
nuklir,PRD
iran,GPE
iranpemimpin,GPE
iran,GPE
ayatollah,ORG
ali,ORG
operasi,EVT
republik,GPE
islam,NOR
iran,GPE
rusia,GPE
vladimir,NOR
putin,EVT
khamenei,NOR
internasional,EVT
rusia,GPE
operasi,EVT
sputnikoana,NOR
eropa,GPE
asisrael,GPE
iran,GPE
jepang,GPE
asisrael,NOR
iran,GPE
indonesia,GPE
amerika,GPE
serikat,GPE
israel,GPE
iran,GPE
katrianaeditor,EVT
azis,GPE
kurmala,ORG
otomatis,EVT
ai,ORG
web,NOR
uu,ORG
ite,ORG
teheran,GPE
ketua parlemen iran,NOR
mohammad bagher ghalibaf,PER
askebijakan,FAC
republik islam iran,NOR
as,GPE
xiran,GPE
israel,GPE
as timur,GPE
operasi militer gabungan,EVT
amerika serikat israel,GPE
februarihari,DAT
pemimpin tertinggi iran,NOR
ayatollah ali khamenei,PER
perempuan,ORG
iran,GPE
selatan,NOR
sputnikoana,NOR
eropa,GPE
asisrael iran as,NOR
kapal selat,PRD
hormuz,FAC
iran,GPE
katrianaeditor,PER
arie novarina copyright,PER
ai,PER
uu,NOR
osaka,GPE
amerika,GPE
serikatisrael,NOR
iran,GPE
jepang,GPE
osaka,GPE
ria novosti,ORG
as,GPE
israel,GPE
iran,GPE
as,GPE
israel,GPE
iran,GPE
iran,GPE
amerika,GPE
pemerintah,NOR
jepang,GPE
as,GPE
presiden as,NOR
donald trump,PER
perdana menteri jepang,NOR
sanae takaichi,PER
jepang,GPE
trump,NOR
iran,GPE
timur februari asisrael,NOR
iran,GPE
teheran,GPE
pemimpin tertinggi iran,NOR
ayatollah ali khamenei,PER
iran,GPE
iran,GPE
israel,GPE
timur,GPE
as,GPE
israel,GPE
nuklir,NOR
iran,GPE
iran,NOR
presiden,NOR
rusia,GPE
vladimir,PER
putin,PER
khamenei,PER
sinis,NOR
kementerian negeri,NOR
rusia,GPE
asisrael,NOR
sputnik,NOR
survei,NOR
eropa,NOR
asisrael iranbaca,NOR
new,NOR
kecam,NOR
as,GPE
iran,GPE
djohaneditor,ORG
anton,PER
santoso,EVT
ai,NOR
uu,LAW
ite,NOR
ankara,GPE
china,GPE
iran,GPE
rudal,PRD
beijing,GPE
iran,GPE
asisrael,NOR
as,GPE
china,GPE
china,GPE
minyak mentah iran,PRD
teheran,GPE
selat hormuz,LOC
china,GPE
asia,GPE
timur,GPE
rusia,GPE
penargetan,PRD
iran,GPE
pasukan as,NOR
badan intelijen pusat cia,NOR
enam,CRD
as,GPE
drone,NOR
iran,GPE
kuwait,PRD
iran,GPE
drone,PRD
as,GPE
as,GPE
israel,GPE
iran,GPE
timur,GPE
iran,GPE
pemimpin,NOR
ayatollah,ORG
ali,PER
khamenei,NOR
iran,GPE
pangkalan,NOR
as,GPE
kota,GPE
israel,GPE
china,GPE
iranbaca,GPE
menlu,NOR
iran,GPE
rusia,GPE
china,GPE
teheran,GPE
djohaneditor,PER
anton,NOR
santoso,PER
pengindeksan,NOR
ai,NOR
uu,NOR
ite,NOR
washington,GPE
presiden amerika serikat,NOR
donald trump,PER
iran,GPE
asisrael iran,NOR
teheran,GPE
iran,GPE
iran,GPE
pemimpin,EVT
iran,GPE
trump,PER
truth social,PRD
trump,PER
iran,GPE
iran,GPE
spanyol,GPE
iran,GPE
as,GPE
israel,GPE
iran,GPE
ali khamenei,PER
senior militer iran,NOR
as,GPE
kota,GPE
israel,GPE
menteri pertahanan as,NOR
pete hegseth,PER
iran,GPE
washington,GPE
iran,GPE
irgc,NOR
iran,GPE
hegseth,ORG
korps,NOR
garda,NOR
revolusi,NOR
islam,GPE
iran,GPE
as,GPE
as,GPE
as,GPE
anadolu,ORG
trump,PER
pemimpin,NOR
iran,GPE
trump,PER
iran,GPE
nabil,ORG
ihsaneditor,NOR
fransiska,PER
uu,NOR
ite,ORG
washington,GPE
donald trump washington,PER
iran,GPE
perang,NOR
amerikaisrael,GPE
amerika serikat as,GPE
iran,GPE
amerika,GPE
israel,GPE
timur,GPE
pesta trump gedung putih,EVT
trump,PER
pemimpin iran,NOR
pemimpin venezuela,NOR
nicolas maduro,PER
amerika,GPE
as,GPE
delcy,PER
rodriguez,NOR
venezuela,GPE
axios trump,PER
venezuela,GPE
iran,GPE
trump,PER
mojtaba khamenei,PER
pemimpin tertinggi iran,NOR
ali khameneiyang,PER
trump,PER
pemimpin iran,NOR
khamenei,PER
as,GPE
iran,GPE
trump,PER
iran,GPE
pemimpin,NOR
pejabat,NOR
iran,GPE
amerika,GPE
serikat,NOR
israel,GPE
khamenei,NOR
khamenei,NOR
mojtaba,NOR
departemen,NOR
as,GPE
pemilu iran,NOR
iran,GPE
pemilihan,NOR
pemimpin,NOR
trump,PER
polisi,NOR
iran,GPE
trump,PER
diplomat,NOR
iran,GPE
as,GPE
iran,GPE
iran,GPE
trump,PER
anadolu,PER
dubes iran,NOR
ali,PER
khamenei,PER
khaira,PER
riswaneditor,NOR
fransiska,PER
ai,NOR
uu,NOR
ite,NOR
beirut,GPE
pesawat tempur,PRD
israel,GPE
beirut,GPE
israel,GPE
dahieh,LOC
televisi aljadeed,ORG
israel,GPE
beirut,GPE
israel,GPE
kementerian kesehatan lebanon,NOR
israel,GPE
presiden lebanon,NOR
joseph aoun,PER
presiden prancis,NOR
emmanuel macron,PER
lebanon,GPE
israel,GPE
selatan,GPE
beirut,GPE
macron,PER
ketua parlemen lebanon,NOR
nabih,PER
presiden prancis,NOR
lebanon nasional,NOR
national news agency,NOR
hizbullah,ORG
rudal drone,PRD
israel,GPE
pemimpin,NOR
iran,GPE
ali,PER
israel,GPE
lebanon,GPE
israel,GPE
hizbullah,GPE
wilayah,NOR
lebanon,GPE
selatan,NOR
xinhuaeditor,ORG
hanni,NOR
sofia,ORG
ai,ORG
uu,ORG
jakarta,GPE
antarajacx,ORG
facebook,ORG
pemimpin tertinggi iran,NOR
ayatollah ali khamenei,PER
amerika,GPE
serikat,NOR
israel,GPE
khamenei,PER
shaheed khamenei,PER
mahkamah allah,NOR
pemimpin agama tertinggi iran,NOR
ayatollah ali khamenei,PER
innalillahi,PER
inna,REG
ilahi rajiun,PER
pimpinan agama iran,NOR
ayatollah ali khamenei,PER
ayatollah ali khamenei,PER
ai,ORG
hive,PER
moderation,ORG
persen,PRD
pemerintah,NOR
iran,GPE
pemimpin,NOR
iran,GPE
ali,PER
khamenei,PER
israel,GPE
amerika,GPE
serikat,ORG
ayatollah,PER
ali,PER
khamenei,PER
iran,GPE
ayatollah,ORG
ali,PER
khamenei,PER
prabowo,PER
pm,NOR
israel,GPE
netanyahucek,PER
presiden,NOR
prabowo,PER
delegasi,NOR
belanda,GPE
acehpapuabaca,GPE
kbri,NOR
wni,ORG
iran,GPE
aman,ORG
jacxeditor,PER
arief,PER
iskandar,PER
uu,PER
beirut,GPE
sekretaris jenderal hizbullah,NOR
naim qassem,PER
israel,GPE
qassem,NOR
hizbullah,NOR
perjanjian gencatan senjata,LAW
israel,GPE
israel,GPE
perserikatan bangsabangsa pbb,NOR
lebanon,NOR
senjata,NOR
qassem,NOR
hizbullah,NOR
israel,GPE
israel,GPE
amerika serikat,GPE
as,GPE
israel,GPE
hizbullah,NOR
roket,PRD
pangkalan,LOC
tel hashomer,FAC
markas komando militer israel,NOR
tel aviv,GPE
kota,GPE
haifa,LOC
hizbullah,GPE
israel,GPE
pemimpin tertinggi iran,NOR
ali khamenei,PER
israel,GPE
as,NOR
israel,GPE
lebanon,GPE
xinhuaeditor,ORG
natisha,ORG
ai,ORG
uu,ORG
ite,ORG
jakarta,GPE
menteri energi sumber daya mineral esdm,NOR
bahlil lahadalia,PER
indonesia,GPE
minyak amerika serikat,PRD
perang amerika serikatisrael,EVT
iran,GPE
minyak mentah,PRD
brent ice,PRD
dolar as barel,MON
minyak mentah,PRD
brent ice,PRD
januari,DAT
dolar as,MON
minyak as,PRD
bahlil,PER
kementerian esdm,NOR
jakarta,ORG
bahlil,ORG
pertamina,NOR
badan usaha milik negara bumn,NOR
minyak timur,PRD
amerika,GPE
serikat,PRD
minyak,PRD
pemerintah perbaiki,NOR
bbm,PRD
minyak mentah crude negeri,PRD
bahan bakar minyak bbm bahlil,PRD
indonesia,GPE
bbm singapura,PRD
singapura,GPE
minyak,PRD
indonesia,GPE
bbm,PRD
singapura,GPE
bahlil,ORG
timur,ORG
minyak mentah,PRD
dunia,ORG
afrika,GPE
angola,GPE
brazil,GPE
singapura,GPE
malaysia,GPE
amerika,GPE
bahlil,ORG
ketahanan,PRD
indonesia,GPE
amerika,GPE
serikatisrael,ORG
iran,GPE
indah,ORG
savitrieditor,PRD
zaenal,ORG
crawling,EVT
ai,ORG
uu,ORG
ite,ORG
istanbul,NOR
menteri negeri menlu china,NOR
wang yi china,PER
utusan khusus timur,NOR
wang yi,PER
menteri negeri menlu arab saudi,NOR
faisal bin,PER
farhan al saud xinhua,PER
pemerintah china,NOR
menlu uni emirat arab uea,NOR
abdullah bin zayed al nahyan,PER
wang yi,PER
beijing,GPE
wang,PER
menlu israel,NOR
gideon sa ’ ar,PER
iran,GPE
china,GPE
iran,GPE
wang,PER
menlu iran,NOR
abbas araghchi,PER
timur,GPE
as,GPE
israel,GPE
iran,GPE
februari,DAT
pemimpin tertinggi iran,NOR
ali khamenei,PER
sekolah,ORG
iran,GPE
iran,GPE
drone,PRD
as,GPE
enam,CRD
as,GPE
china,GPE
as,GPE
israel,GPE
iran,GPE
dewan,NOR
pbb,NOR
beijing,GPE
zona,NOR
israel,GPE
iran,GPE
china,GPE
iran,GPE
timur,GPE
mobil,PRD
china,GPE
eropa,GPE
uu,EVT
jakarta,GPE
menteri energi sumber daya mineral esdm,NOR
bahlil,PER
minyak mentah crude amerika serikat as,PRD
minyak timur,PRD
bahlil,PER
kementerian esdm jakarta,NOR
bahlil,EVT
minyak,EVT
indonesia,PRD
minyak mentah,PRD
minyak timur,PRD
amerika,GPE
serikat,PRD
indonesia,GPE
amerika,GPE
serikatisrael,NOR
iran,GPE
storage,LOC
pertamina,ORG
minyak mentah,PRD
sumatera,GPE
selatan,PRD
pemerintah indonesia,NOR
presiden,NOR
prabowo subianto,PER
bahlil,NOR
indonesia,ORG
sumatera,GPE
pembangunan storage,LOC
bahlil,EVT
storage,PRD
putu,PER
savitrieditor,PRD
zaenal,NOR
abidin,PER
crawling,EVT
ai,NOR
uu,PRD
ite,NOR
jakarta,GPE
menteri energi sumber daya mineral esdm,NOR
bahlil lahadalia,PER
minyak mentah crude indonesia,PRD
kementerian esdm jakarta,NOR
indonesia,GPE
amerika serikat,GPE
as,GPE
as,GPE
selat hormuz,LOC
storage,LOC
minyak mentah indonesia,PRD
minyak mentah,PRD
indonesia,GPE
pemerintah,NOR
presiden,NOR
prabowo subianto,PER
indonesia,GPE
amerika,GPE
iran,GPE
as,GPE
israel,GPE
iran,GPE
teheran,GPE
as,GPE
israel,GPE
iran,GPE
iran,GPE
rudal,PRD
israel,GPE
as,GPE
timur,NOR
presiden,NOR
as,GPE
donald,NOR
trump,PRD
pemimpin,NOR
iran,GPE
ayatollah,LOC
ali,PER
khamenei,PRD
asisrael,ORG
televisi,ORG
pemerintah,NOR
iran,GPE
ali,PER
khamenei,PRD
iran,GPE
selat,PRD
hormuz,NOR
asisrael,ORG
selat,PRD
hormuz,NOR
minyak,PRD
alam,PRD
qatar,GPE
uni,GPE
emirat,GPE
arab,GPE
persen,PRD
minyak,PRD
juta,PRD
trump,PRD
as,GPE
minyak,PRD
hormuz,NOR
bahlil,ORG
bbm,PRD
minyak,PRD
atmoko,ORG
copyright,PRD
pengindeksan,NOR
uu,ORG
ite,ORG
teheran,GPE
amerika,GPE
serikat,NOR
israel,GPE
iran,GPE
tasnim,GPE
iranian,GPE
foundation of martyrs and veterans affairs sabit merah,ORG
iran,NOR
asisrael,NOR
iran,GPE
februari,NOR
as,GPE
israel,GPE
iran,GPE
teheran,GPE
televisi pemerintah iran,NOR
pemimpin tertinggi iran,NOR
ali khamenei,PER
iran,GPE
israel,GPE
as timur,GPE
sputnikria novosti,ORG
asri mayang sarieditor,PER
aditya eko sigit wicaksono,PER
uu,NOR
ite,NOR
teheran,GPE
korps garda revolusi islam iran irgc,NOR
markas staf pasukan pertahanan israel,NOR
idf,ORG
gedung kementerian pertahanan kemhan,NOR
israel,GPE
fars,ORG
irgc,NOR
bnei brak instalasi militer petah tikva timur laut tel aviv pusat militer,LOC
galilea,GPE
barat irgc,LOC
as,GPE
israel,GPE
iran,GPE
februari,NOR
as,GPE
israel,GPE
iran,GPE
teheran,GPE
televisi pemerintah iran,NOR
pemimpin tertinggi iran,NOR
ali khamenei,PER
iran,GPE
israel,GPE
as,GPE
timur,NOR
sputnikoana,NOR
garda revolusi iran,NOR
asisrael,NOR
garda revolusi iran,NOR
kapal selat,PRD
minyak,ORG
katrianaeditor,ORG
santoso,NOR
pengindeksan,NOR
uu,LOC
ite,NOR
teheran,GPE
korps garda revolusi islam iran irgc,NOR
as,GPE
israel,GPE
amerika,GPE
israel,GPE
as,GPE
israel,GPE
irgc stasiun tv irgc,ORG
asisrael,ORG
sakit stadion,FAC
iran,GPE
irgc,ORG
rudal tomahawk,PRD
oshnavieh,LOC
rudal as,PRD
mobil pribadi,PRD
rudal as,PRD
kasemiyeh,GPE
urmia,LOC
irgc,NOR
februari,DAT
as,GPE
israel,GPE
iran teheran,GPE
televisi pemerintah iran,NOR
pemimpin,NOR
ali,PER
iran,GPE
rudal,PRD
israel,GPE
as,GPE
timur,ORG
novosti,ORG
garda,NOR
revolusi,ORG
iran,GPE
ancam,NOR
serang,PRD
kapal selat,PRD
hormuz,ORG
minyakbaca,PRD
garda,NOR
revolusi,ORG
iran,GPE
libatkan,GPE
drone,PRD
rudal,PRD
asri,PRD
santoso,PRD
uu,ORG
ite,ORG
tokyo,GPE
amerika serikat,GPE
kapal tanker,PRD
teluk persia,LOC
donald trump,PER
asisrael,NOR
iran,GPE
timur,GPE
trump,PER
internasional dfc as,ORG
minyak,PRD
trump,PER
kapalkapal teluk persia,PRD
angkatan laut as,NOR
kapal tanker,PRD
selat hormuz,LOC
trump,PER
jepang,GPE
minyak mentahnya,PRD
selat hormuz,LOC
iran,GPE
oman,GPE
trump,PER
pemimpin tertinggi iran,NOR
minyak,PRD
asisrael,ORG
iran,GPE
kapal,PRD
selat,LOC
hormuz,ORG
timur,ORG
trump,PER
kanselir,ORG
jerman,GPE
friedrich,ORG
pemimpin,NOR
iran,GPE
iran,GPE
trump,PER
ayatollah,LOC
ali,PER
khamenei,PER
trump,PER
pemimpin,NOR
iran,GPE
pertimbangkan,ORG
ketiga,ORD
kapal,PRD
hormuz,ORG
asia,GPE
selat,LOC
hormuz,PER
arie,ORG
uu,ORG
bandung,GPE
pemerintah provinsi jawa barat,NOR
pemprov jabar,NOR
kanal aduan,LOC
timur,GPE
timteng,GPE
jawa,GPE
barat,NOR
timur,GPE
kepala dinas komunikasi informatika diskominfo jawa barat,NOR
adi,PER
komar,ORG
gedung pakuan bandung,NOR
gubernur,NOR
dedi mulyadi,PER
kota,GPE
iran,GPE
pangkalan militer,NOR
as,GPE
negaranegara teluk,NOR
jabar,GPE
tim,NOR
humas,ORG
diskominfo jabar,NOR
kepri,GPE
timur,NOR
kanal aduan,LOC
jawa barat timur,GPE
mahasiswa,NOR
jemaah umrah,NOR
komunikasi,NOR
pemerintah pusat,NOR
zona,NOR
as,GPE
israel,GPE
iran,GPE
pemimpin,NOR
iran,GPE
militer,NOR
iran,GPE
mui,NOR
ketahanan pangan ri,NOR
timur,NOR
iran,GPE
israel,GPE
pangkalan,NOR
as,GPE
negara teluk,NOR
bahrain,GPE
kuwait,GPE
qatar,GPE
uni,NOR
emirat,GPE
arab,GPE
arab,GPE
saudi,GPE
pangkalan,NOR
as,GPE
arab,GPE
saudi,GPE
iran,GPE
as,GPE
timur,NOR
pemerintah,NOR
arab,GPE
saudi,GPE
kedutaan,NOR
as,GPE
riyadh,GPE
pesawat,PRD
arab,GPE
saudi,NOR
ricky,PER
pengindeksan,NOR
web,NOR
ite,NOR
bandung,GPE
pemerintah provinsi jawa barat,NOR
jabar,GPE
negaranegara timur,NOR
blok asisrael,LOC
iran,GPE
sekretaris daerah sekda jabar,NOR
herman suryatman,PER
otoritas daerah komando tunggal kementerian negeri kemenlu ri,NOR
pemerintah pusat,NOR
kemenlu,NOR
herman suryatman,PER
bandung,NOR
pemprov jabar,NOR
badan,NOR
penghubung,ORG
grup komunikasi strategis evakuasi,ORG
pemulangan timur,NOR
pemerintah pusat dubes ri,NOR
abu dhabi,LOC
jakarta,GPE
jabar,GPE
jabar,GPE
kbri,NOR
kedutaan republik,NOR
indonesia,GPE
negaranegara,NOR
qatar,GPE
bahrain,GPE
yordania,GPE
arab,NOR
saudi,GPE
iran,GPE
pangkalan,NOR
amerika,GPE
serikat,NOR
kbri teheran,NOR
perwakilan ri,NOR
zaenal,NOR
ai,NOR
uu,NOR
ite,NOR
jakarta,GPE
menteri energi sumber daya mineral esdm,NOR
bahlil lahadalia,PER
bahan bakar minyak bbm,PRD
konferensi pers perkembangan terkini timur,EVT
kementerian esdm jakarta,NOR
indonesia,GPE
jepang,GPE
bbm indonesia,PRD
jepang,GPE
bbm,PRD
bbm,PRD
indonesia,GPE
jepang,GPE
bbm,PRD
bahlil,NOR
pemerintah,NOR
minyak bahlil,PRD
minyak,PRD
crude,PRD
bbm,PRD
lpg,ORG
minimum,PRD
pemerintah,NOR
indonesia,GPE
raya,PRD
idulfitri,EVT
alhamdulillah,ORG
bbm,PRD
crude,PRD
lpg,ORG
nasional,PRD
bahlil,PRD
energi,PRD
indonesia,GPE
perang,PRD
amerika,GPE
serikatisrael,PRD
iran,GPE
as,GPE
israel,GPE
iran,GPE
teheran,GPE
as,GPE
israel,GPE
iran,GPE
sipil,PRD
iran,GPE
rudal,PRD
israel,GPE
militer,PRD
as,GPE
timur,PRD
presiden,NOR
as,GPE
donald,LOC
trump,NOR
pemimpin,NOR
iran,GPE
ayatollah,PRD
ali,PER
asisrael,ORG
televisi,ORG
pemerintah,NOR
iran,GPE
ayatollah,ORG
ali,PER
khamenei,PRD
iran,GPE
selat,PRD
hormuz,ORG
asisrael,ORG
selat hormuz,PRD
minyak dunia,PRD
alam,PRD
qatar uni emirat arab persen,PRD
minyak,PRD
juta,PRD
barel,PRD
bbm,PRD
minyak selat,PRD
hormuz,ORG
sekjen,NOR
esdm,PRD
jamin,ORG
minyak,PRD
prabowo,NOR
bbm,PRD
ramadhan lebaran,PRD
indah,PRD
faisal,PRD
uu,EVT
ite,ORG
jakarta,GPE
indonesia,GPE
lpg timur negara,PRD
selat hormuz,LOC
saudi,GPE
aramco,NOR
arab saudi,GPE
perang asisrael,EVT
iran,GPE
timur,GPE
saudi,GPE
aramco,ORG
menteri energi,NOR
sumber daya,ORG
mineral,NOR
esdm bahlil,ORG
konferensi pers perkembangan terkini,EVT
esdm,ORG
kementerian esdm,NOR
jakarta,GPE
bahlil indonesia,ORG
lpg,PRD
juta,MON
ton,QTY
persen,PRC
amerika serikat,GPE
persen,PRC
lpg diimpor,PRD
timur,GPE
saudi,GPE
aramco,ORG
selat hormuz bahlil,LOC
sputnik,ORG
minyak,PRD
negara,NOR
arab,GPE
saudi saudi,NOR
aramco,ORG
ras,ORG
tanura,ORG
kementerian pertahanan,NOR
arab,GPE
saudi,GPE
turki,GPE
almaliki,ORG
drone,PRD
minyak,ORG
ras,GPE
tanura,ORG
kawasan,LOC
timur,ORG
as,GPE
israel,GPE
iran,GPE
teheran,NOR
as,GPE
israel,GPE
iran,GPE
iran,GPE
rudal,PRD
israel,GPE
as,GPE
kawasan,LOC
timur,ORG
presiden,NOR
as,GPE
donald,LOC
trump,ORG
pemimpin,NOR
iran,GPE
ayatollah,ORG
ali,ORG
khamenei,NOR
asisrael,ORG
pemerintah,NOR
iran,GPE
ayatollah,ORG
ali,PER
khamenei,PRD
iran,GPE
hormuz,ORG
asisrael,ORG
selat,LOC
hormuz,ORG
minyak,ORG
dunia,NOR
alam,ORG
qatar,GPE
uni,GPE
emirat,GPE
arab,GPE
persen,PRD
minyak,ORG
juta,PRD
barel,NOR
bahlil,ORG
bbm,PRD
minyak dunia,ORG
asiran,ORG
indonesia,GPE
minyak,ORG
apbn,ORG
rupiah,MON
asisrael,ORG
lebanon,GPE
indah,PRD
dewanto,NOR
crawling,EVT
web,NOR
uu,LOC
ite,ORG
jakarta,GPE
menteri energi sumber daya mineral esdm bahlil,NOR
bahan bakar minyak bbm,PRD
minyak dunia,PRD
amerika,GPE
serikatisrael,NOR
iran,GPE
bbm,PRD
bensin,PRD
minyak dunia,PRD
pemerintah bahlil,NOR
konferensi pers perkembangan,EVT
esdm,NOR
kementerian esdm,NOR
jakarta,GPE
bahan bakar minyak nonsubsidi pertamax,PRD
minyak mentah dunia bahlil,PRD
minyak,PRD
dolar as barel,MON
belanja negara,LAW
apbn dolar as,MON
minyak,PRD
juta,MON
barel,QTY
minyak dunia,PRD
apbn,LAW
indonesia,GPE
minyak,PRD
dunia,NOR
indonesia,GPE
ribu,PRD
barel,NOR
bahlil,PRD
negeri,NOR
rapat,EVT
dewan,NOR
nasional,NOR
pemerintah,NOR
bbm,PRD
bbm,PRD
raya,NOR
insya,NOR
allah,PRD
bbm,PRD
as,GPE
israel,GPE
iran,GPE
teheran,NOR
as,GPE
israel,GPE
iran,GPE
iran,GPE
rudal,PRD
israel,GPE
as,GPE
timur,NOR
presiden,NOR
as,GPE
donald,NOR
trump,NOR
pemimpin,NOR
iran,GPE
ali,PRD
khamenei,NOR
asisrael,NOR
televisi,ORG
pemerintah,NOR
iran,GPE
ali,ORG
khamenei,NOR
iran,GPE
hormuz,NOR
asisrael,NOR
selat,PRD
hormuz,ORG
minyak,PRD
dunia,NOR
alam,ORG
qatar,GPE
uni emirat,NOR
arab,GPE
persen,PRD
minyak,PRD
juta barel,PRD
asiran,NOR
minyak,PRD
jusuf,NOR
kalla,PRD
as,NOR
israel,GPE
iran,GPE
bbm,PRD
mpr,NOR
ri,GPE
pemerintah,NOR
selat hormuz,EVT
dewanto,NOR
ai,NOR
uu,LAW
ite,NOR
jakarta,GPE
menteri energi sumber daya mineral esdm,NOR
bahlil lahadalia,PER
minyak,PRD
perang amerika serikatisrael,EVT
iran,GPE
anggaran pendapatan belanja negara apbn,LAW
apbn,LAW
minyak mentah indonesiaindonesian,PRD
crude price,MON
dolar as,MON
dolar as barel,MON
bahlil,PER
konferensi pers,EVT
esdm,ORG
kementerian esdm jakarta,NOR
minyak dunia,PRD
apbn,NOR
minyak juta barel,PRD
minyak dunia,PRD
apbn,LAW
indonesia,GPE
minyak,PRD
indonesia,GPE
barel,QTY
bahlil,PER
bahlil,PER
negeri,ORG
bbm,PRD
negeri,EVT
as,GPE
israel,GPE
iran,GPE
teheran,GPE
as,GPE
israel,GPE
iran,GPE
iran,GPE
rudal,PRD
israel,GPE
as,GPE
timur,ORG
presiden,NOR
as,GPE
donald,PER
trump,EVT
pemimpin,NOR
iran,GPE
ali,PER
asisrael,EVT
televisi,ORG
pemerintah,NOR
iran,GPE
ali,PER
iran,GPE
selat,EVT
hormuz,ORG
asisrael,EVT
selat hormuz,EVT
minyak,PRD
dunia,EVT
qatar,GPE
uni,NOR
emirat,PRD
arab,GPE
persen,PRD
minyak,PRD
juta,PRD
pemerintah,NOR
bi,PRD
minyak,PRD
dunia,EVT
minyak dunia,EVT
dolar,MON
as,GPE
faisal,NOR
uu,LAW
jakarta,GPE
menteri energi sumber daya mineral esdm bahlil lahadalia,NOR
indonesia,GPE
minyak mentah,PRD
timur,GPE
amerika serikat,GPE
as,GPE
perang asisrael,EVT
iran,GPE
crude minyak mentah ambil timur,PRD
amerika serikat,GPE
konferensi pers perkembangan terkini timur,EVT
esdm,NOR
kementerian esdm,NOR
jakarta,GPE
timur,GPE
amerika serikat,GPE
crude minyak mentah indonesia bahlil,PRD
minyak mentah timur,PRD
amerika serikat,GPE
bahlil,EVT
minyak mentah,PRD
selat hormuz,LOC
persen,PRC
minyak mentah indonesia,PRD
bahlil,ORG
amerika serikat,GPE
brazil,GPE
afrika,GPE
angola,GPE
crude,NOR
minyak,PRD
persen,PRD
selat,NOR
hormuz,GPE
bahlil,NOR
bakar,NOR
minyak,NOR
bbm,PRD
bahlil,ORG
indonesia,GPE
timur,NOR
indonesia,GPE
bbm,PRD
negaranegara,GPE
timur,NOR
asia,GPE
tenggara,NOR
amerika,GPE
serikatisrael,NOR
iran,GPE
bbm,PRD
bbmnya,PRD
singapura,GPE
malaysia,GPE
oke,NOR
bahlil,ORG
as,GPE
israel,GPE
iran,GPE
teheran,GPE
as,GPE
israel,GPE
iran,GPE
sipil,NOR
iran,GPE
rudal,PRD
israel,GPE
as,GPE
timur,NOR
presiden,NOR
as,GPE
donald trump,NOR
pemimpin,NOR
iran,GPE
ali,EVT
asisrael,NOR
televisi,ORG
pemerintah,NOR
iran,GPE
ali,PER
iran,GPE
selat,EVT
hormuz,LOC
selat,NOR
hormuz,LOC
minyak,ORG
dunia,NOR
alam cair,NOR
qatar,GPE
uni,GPE
emirat,GPE
arab,GPE
persen,PRD
minyak,PRD
juta,PRD
ri,GPE
minyak,NOR
as,GPE
timur,NOR
mpr,NOR
ri,GPE
dorong,NOR
pemerintah,NOR
selat,NOR
hormuz,ORG
pertamina,NOR
pemerintah,NOR
minyak,PRD
as,NOR
indah,NOR
faisal,NOR
crawling,EVT
web,NOR
uu,LOC
ite,NOR
jakarta,GPE
otoritas jasa keuangan ojk lembaga jasa keuangan ljk,ORG
iran,GPE
amerika serikat,GPE
ojk lembaga jasa keuangan,ORG
jasa keuangan,ORG
ketua,NOR
dewan komisioner ojk,ORG
friderica,PER
widyasari jakarta,ORG
friderica,PER
kiki,PER
timur,ORG
amerika,GPE
serikat,NOR
as,GPE
downside,ORG
risk,PRD
kiki,PER
ojk,ORG
minyak,ORG
persen,PRD
minyak,ORG
liquefied,ORG
rambatannya,ORG
minyak,ORG
ojk,ORG
suku,ORG
bank,ORG
pertumbuhan,ORG
negeri,ORG
kiki,ORG
safe,ORG
kiki,ORG
indonesia,GPE
ojk,ORG
indonesia,ORG
reformasi,ORG
ojk,ORG
sro,ORG
ojk,ORG
kementerian,NOR
kemenkeu,NOR
bank indonesia bi,ORG
lembaga,ORG
lps,ORG
forum,ORG
komite,ORG
kssk,ORG
as,GPE
israel,GPE
iran,GPE
teheran,GPE
as,GPE
israel,GPE
iran,GPE
iran,GPE
israel,GPE
as,GPE
timur,ORG
presiden,NOR
as,GPE
donald,ORG
trump,ORG
pemimpin,NOR
iran,GPE
televisi,ORG
pemerintah,NOR
iran,GPE
ayatollah ali,ORG
menteri,NOR
koordinator,ORG
airlangga,ORG
as,GPE
iran,GPE
minyak,PRD
bbm,PRD
negeri,ORG
minyak,ORG
as,GPE
organisasi negaranegara,ORG
minyak opec,ORG
beisro,ORG
rp,ORG
sumatera,ORG
ojk,ORG
keuangan,ORG
nasional,ORG
rizka,ORG
faisal,ORG
uu,ORG
washington,GPE
komando pusat central commandcentcom amerika serikat as,NOR
iran,GPE
militer as,NOR
enam,CRD
maret,DAT
wib,TIM
enam,CRD
militer,NOR
as,GPE
as,GPE
iran,GPE
centcom,LOC
as,GPE
centcom as,ORG
as,GPE
kapal angkatan laut,PRD
iran,GPE
teluk oman,LOC
as,GPE
israel,GPE
iran,GPE
iran,GPE
pemimpin tertinggi iran,NOR
ayatollah ali khamenei,PER
presiden as,NOR
donald trump,PER
kampanye militer,EVT
iran,GPE
anggota parlemen as partai demokrat,NOR
kongres as hakeem,NOR
jeffries,PER
partai demokrat,NOR
dewan,NOR
rakyat,ORG
dpr as,NOR
timur,NOR
amerika,GPE
kongres,NOR
presiden,NOR
xinhuaeditor,ORG
hanni sofia,ORG
konten,ORG
pengindeksan,NOR
ai,ORG
web,NOR
uu,ORG
ite,ORG
washington,GPE
departemen negeri amerika serikat as,NOR
departemen negeri as,NOR
amerika,GPE
asisten menteri negeri as urusan konsuler mora,NOR
bahrain,GPE
mesir,GPE
iran,GPE
irak,GPE
israel,GPE
tepi,GPE
barat,LOC
gaza,GPE
yordania,GPE
kuwait,GPE
lebanon,GPE
oman,GPE
qatar,GPE
arab saudi,GPE
suriah,GPE
uni emirat,GPE
arab,GPE
uea,GPE
yaman,GPE
as,GPE
israel,GPE
iran,GPE
iran,GPE
pemimpin,NOR
ayatollah,PER
ali khamenei,PER
asisrael,PER
menteri negeri as,NOR
marco rubio,PER
as,GPE
operasi,EVT
iran,GPE
pasukan darat,NOR
pasukan darat presiden,NOR
peluncur rudal,PRD
rudal balistik,PRD
rudal balistik,PRD
drone,PRD
angkatan,NOR
laut,ORG
presiden,NOR
as,GPE
donald,LOC
trump,GPE
iran,GPE
sofia,ORG
keras,PRD
ai,ORG
uu,PRD
mataram,GPE
teheran,GPE
amerika serikat,GPE
israel,GPE
iran,GPE
februari,DAT
ayatollah,PER
ali khamenei,PER
organisasi islam,NOR
indonesia,GPE
nahdlatul,NOR
ulama muhammadiyah,ORG
iran,GPE
pangkalan militer,FAC
amerika serikat,GPE
teluk indonesia,LOC
nilai,EVT
hukum internasional nu,EVT
muhammadiyah,NOR
hak asasi,LAW
perserikatan,LAW
bangsa bangsa,NOR
pbb konteks bangsa,LAW
pancasila,LAW
beijing,GPE
menteri negeri china,NOR
wang yi,PER
menlu iran,NOR
abbas araghchi,PER
menlu oman,NOR
badr albusaidi,NOR
menlu prancis,NOR
jeannoel barrot,PER
wang yi china,PER
amerika serikat,GPE
israel,GPE
kementerian negeri china,NOR
beijing,GPE
iran,GPE
china iran,NOR
wang yi,PER
china,GPE
chinairan,GPE
iran,GPE
iran,GPE
araghchi,GPE
as,GPE
perang iran,EVT
perundingan iranas,EVT
as,GPE
iran,GPE
iran,GPE
aragchi,NOR
wang,PER
oman,GPE
iranas,GPE
as,GPE
israel,GPE
iran,GPE
pbb,NOR
china,GPE
oman,GPE
wang,PER
yi,PER
wang,PER
yi,PER
china,GPE
teluk,GPE
china,GPE
teluk,GPE
wang,PER
yi,PER
as,GPE
israel,GPE
dewan,NOR
pbb,NOR
china,GPE
badr,NOR
pbb,NOR
oman,GPE
china,GPE
oman,GPE
china,GPE
oman,GPE
badr,NOR
jeannoel,NOR
wang,PER
yi,PER
china,GPE
iran,GPE
wang,PER
wang,PER
yi,PER
prancis,GPE
china,GPE
prancis,GPE
timur,GPE
prancis,GPE
china,GPE
dewan,NOR
pbb,NOR
as,GPE
israel,GPE
iran,GPE
dewan,NOR
pbb,NOR
dewan,NOR
iran,GPE
china,GPE
iran,GPE
prancis,GPE
china,GPE
as,GPE
israel,GPE
iran,GPE
pemimpin,NOR
iran,GPE
ali,PER
khamenei,NOR
presiden,NOR
as,GPE
donald,PER
trump,NOR
beijing,GPE
pemerintah china,NOR
gabungan asisrael iran,NOR
china,GPE
pemerintah china,NOR
teheran,GPE
juru bicara kementerian negeri kemlu china,NOR
mao ning,PER
konferensi pers,NOR
beijing,GPE
kedutaan china iran,NOR
iran,GPE
kemlu,NOR
diplomatik,NOR
china,GPE
iran,GPE
china,GPE
china,GPE
iran,GPE
china,GPE
iran,GPE
china,GPE
mao,NOR
iran,GPE
china,GPE
iran,GPE
kemlu,GPE
china,GPE
iran,GPE
azerbaijan,GPE
armenia,GPE
turkiye,GPE
irak,GPE
asisrael iran,NOR
mao,NOR
pemerintah,NOR
militer,NOR
pemimpin,NOR
ali khamenei,NOR
iran,GPE
sabit merah,NOR
iran,GPE
negara,NOR
iran,GPE
drone rudal,NOR
israel,GPE
as,GPE
teluk,NOR
as,GPE
menlu,NOR
china,GPE
telepon,NOR
menlu,NOR
rusia,GPE
iranbaca,GPE
china,GPE
as,GPE
israel,GPE
iran,GPE
lidya nataliaeditor,NOR
santoso,NOR
ai,NOR
web,NOR
uu,NOR
ite,NOR
jakarta,GPE
amerika serikat,GPE
israel,GPE
iran,GPE
asisrael,NOR
iran,GPE
februari,DAT
as,GPE
iran,GPE
oman,GPE
as,GPE
iran,GPE
pembicaraan nuklir,EVT
oman,GPE
jenewa,GPE
swiss,GPE
washington,GPE
teheran,GPE
menteri negeri oman,NOR
badr albusaidi,PER
program nuklir,EVT
iran,GPE
albusaidi,PER
wina,GPE
jenewa,GPE
iran,GPE
asisrael,NOR
iran,GPE
operasi,EVT
pemimpin,NOR
iran,GPE
ali,PER
the,ORG
wall,ORG
asisrael,NOR
iran,GPE
lembaga,NOR
fars,NOR
asisrael,NOR
presiden,NOR
as,GPE
donald,NOR
trump,NOR
daily,ORG
as,GPE
iran,GPE
asisrael,NOR
teheran,GPE
nuklir,GPE
iran,GPE
teheran,GPE
iran,GPE
badan,NOR
atom,NOR
badan,NOR
pbb,NOR
pbb,NOR
ai,ORG
uu,NOR
ite,NOR
web,PRD
uu ite,LAW
teheran,GPE
pemimpin tertinggi iran,NOR
ali khamenei mansoureh khojasteh,PER
mehr amerika serikat israel,NOR
iran,GPE
teheran,GPE
iran,GPE
israel,GPE
as,GPE
timur,NOR
stasiun tv pemerintah iran,NOR
pemimpin tertinggi iran,NOR
ali khamenei,PER
as,GPE
iran,GPE
iran,GPE
as,GPE
israel,GPE
ali khamenei,PER
pemimpin,NOR
iran,NOR
mehr mui,PER
ali khamenei,PER
kementerian negeri iran,NOR
norma hukum internasional piagam pbb,LAW
as,NOR
rezim zionis israel,NOR
iran,GPE
pemerintah,NOR
iran,GPE
novosti,PER
kuba,GPE
ali,PER
khamenei,PER
pm,NOR
malaysia,GPE
timur,NOR
khamenei,PER
china,GPE
iran,GPE
asri,NOR
razi,PER
rahman,PER
ai,PER
web,NOR
uu,NOR
ite,NOR
istanbul,GPE
israel,GPE
amerika serikat,GPE
iran,GPE
the wall street journal,ORG
israel,GPE
iran,GPE
pemimpin tertinggi iran,NOR
ayatollah ali khamenei,PER
komandan korps garda revolusi islam,NOR
pertahanan,ORG
udara,PRD
rudal balistik,PRD
pejabat militer,NOR
israel,GPE
pasukan israel amerika serikat,NOR
pemimpin puncak iran,NOR
ayatollah ali khamenei,PER
teheran,GPE
drone rudal,PRD
israel,GPE
amerika serikat,GPE
teluk,GPE
eskalasi,LOC
amerika,GPE
serikat,PRD
iran,GPE
juni,ORG
senjata,NOR
kuba,GPE
ali,PER
iran,GPE
khamenei,PRD
china,GPE
iran,GPE
langgar,PER
azis,GPE
kurmala,PER
konten,NOR
uu,ORG
ite,ORG
istanbul sabit,GPE
merah,NOR
iran,GPE
amerika,GPE
serikat,NOR
israel,GPE
fars,ORG
iran,GPE
sabit,NOR
merah,ORG
iran,GPE
amerika serikat,GPE
israel,GPE
iran,GPE
iran,NOR
pemimpin tertinggi,NOR
ayatollah,PER
ali khamenei,PER
teheran,GPE
drone rudal,PRD
israel,GPE
amerika serikat,GPE
kawasan teluk sumber anadolu,LOC
iran,GPE
safe,GPE
iranas,GPE
oman,GPE
iran,GPE
primayantieditor azis,EVT
kurmala,PER
ai,PER
web,PER
istanbul,GPE
presiden amerika serikat as,NOR
donald trump,PER
iran,GPE
komandan militer iran,NOR
iran,GPE
trump,PER
amerika,GPE
trump,PER
komando,NOR
iran,GPE
korps garda revolusi islam iran,NOR
irgc militer kepolisian,NOR
iran,GPE
nuklir,PRD
amerika serikat,GPE
teheran,GPE
senjata nuklir,PRD
trump,PER
iran,GPE
rudal jarak senjata nuklir,PRD
amerika,GPE
teheran,GPE
epic,NOR
iran,GPE
pemimpin,NOR
ayatollah,NOR
ali,PER
as,GPE
teheran,GPE
iran,GPE
amerika,GPE
serikat,GPE
fpci,ORG
as,GPE
iran,GPE
khaira,PER
riswaneditor,NOR
ai,NOR
istanbul,GPE
sekretaris dewan keamanan nasional tertinggi iran,NOR
ali larijani,PER
teheran,GPE
washington,GPE
iran,GPE
amerika serikat,GPE
larijani,PER
platform x,ORG
iran,GPE
as,GPE
al jazeera,ORG
the wall street journal larijani,ORG
washington,GPE
oman,GPE
as,GPE
larijani,PER
presiden as,NOR
donald trump,PER
iran,GPE
trump,PER
inggris,GPE
timur,GPE
tentara,NOR
amerika,GPE
america,EVT
first,PRD
israel,GPE
pasukan,NOR
amerika,GPE
israel,GPE
larijani,PER
trump,PER
tentara amerika,NOR
kampanye militer,EVT
asisrael,NOR
iran,GPE
pemimpin,NOR
ayatollah,ORG
ali,PER
khamenei,PER
teheran,GPE
drone,ORG
rudal,PRD
teluk,ORG
as,GPE
anadolu,ORG
iran,GPE
kapal,PRD
as,GPE
inggris,GPE
khaira,ORG
riswaneditor,ORG
rahmad,PER
nasution,PER
uu,ORG
ite,ORG
washington,GPE
menteri negeri menlu iran,NOR
seyed abbas araghchi,PER
amerika serikat as,GPE
israel,GPE
arraghci,NOR
xinhua,ORG
abc news,ORG
iran,GPE
presiden as,NOR
donald trump,PER
iran,NOR
iran,GPE
trump,PER
truth social,ORG
araghchi abc news,ORG
trump,PER
araghchi,GPE
as,GPE
araghchi,EVT
pembicaraan nuklir asiran,EVT
iran,GPE
araghchi,PER
iran,GPE
juni,DAT
as,GPE
iran,GPE
israel,GPE
trump,PER
trump,PER
jenewa,GPE
as,GPE
israel,GPE
iran,GPE
araghchi,ORG
komandan,NOR
komandan,NOR
araghci,ORG
iran,GPE
israel,GPE
as,GPE
juni,DAT
araghchi,PER
asisrael,ORG
pemimpin,NOR
iran,GPE
ayatollah,ORG
ali,PER
trump,PER
iran,GPE
operasi,EVT
as,GPE
sembilan,CRD
kapal,PRD
iran,GPE
markas,ORG
angkatan,NOR
iran,GPE
komando,NOR
pusat,ORG
as,GPE
as,GPE
as,GPE
iran,GPE
xinhuaeditor,ORG
michael,PER
ai,ORG
uu,ORG
ite,ORG
washington,GPE
presiden amerika serikat as,NOR
donald trump,PER
perundingan nuklir,EVT
iran,GPE
trump,PER
the atlantic,ORG
trump,PER
iran,GPE
trump,PER
iran,GPE
israelas,GPE
iran,GPE
iran,GPE
as,GPE
trump,PER
trump,PER
iran,GPE
partai republik,NOR
pemilihan pemilu as,EVT
as,GPE
as,GPE
analis jam pemimpin tertinggi iran,NOR
ayatollah ali khamenei,PER
asisrael,NOR
menteri negeri iran,NOR
abbas araghchi,PER
nbc news,ORG
trump,PER
iran,GPE
xinhuaeditor,ORG
ai,NOR
uu,NOR
ite,ORG
jakarta,GPE
amerika,GPE
serikatisrael,NOR
iran,GPE
februari,DAT
as,GPE
presiden amerika serikat,NOR
donald trump,PER
as,GPE
operasi tempur besarbesaran,EVT
iran,GPE
amerika,GPE
iran,GPE
israel,GPE
iran,GPE
iran,GPE
juni,DAT
iran,GPE
israel,GPE
as,GPE
timur,NOR
asisrael,NOR
pemimpin tertinggi iran,NOR
ayatollah ali khamenei,PER
pemimpin tertinggi iran,NOR
presiden diplomasi,NOR
februari,NOR
menteri negeri oman,NOR
sayyid badr bin hamad bin hamood albusaidi,PER
delegasi iran as,NOR
putaran,EVT
perundingan jenewa,EVT
ketiga,ORD
nuklir,NOR
iran,GPE
as,GPE
oman,GPE
delegasi,NOR
iran,GPE
menlu,NOR
utusan,NOR
kepresidenan,NOR
as,GPE
steve,NOR
trump,NOR
kushner,NOR
washington,GPE
trump,NOR
iran,GPE
sekretaris,NOR
sekjen,NOR
pbb,NOR
iran,GPE
dewan,NOR
dk,NOR
pbb,NOR
iran,GPE
pbb,NOR
new york,NOR
asisrael,GPE
ketiga,ORD
as,GPE
iran,GPE
oman,GPE
asisrael,NOR
iran,GPE
kota,GPE
teheran,GPE
sekolah,NOR
shajareh,NOR
tayyebeh,NOR
minab,NOR
hormozgan,NOR
iran,GPE
selatan,NOR
iran,GPE
kementerian negeri,NOR
as,GPE
lembaga,NOR
pendidikan,NOR
iran,GPE
asisrael,NOR
as,GPE
israel,GPE
qatar,GPE
uni,NOR
emirat,GPE
arab,GPE
arab,GPE
saudi,GPE
korps,NOR
garda,NOR
revolusi,NOR
islam,GPE
irgc,NOR
iran,GPE
angkatan,NOR
iran,GPE
pemimpin,NOR
ayatollah,ORG
ali,PER
khamenei,NOR
rudal,NOR
iran,GPE
israel,GPE
pangkalan,NOR
as,GPE
timur,NOR
irgc,NOR
pangkalan,NOR
nof,NOR
israel,GPE
markas,NOR
angkatan,NOR
israel,GPE
aviv,GPE
angkatan,NOR
republik,GPE
islam,GPE
iran,GPE
israel,GPE
pangkalan,NOR
as,GPE
irgc,NOR
asisrael,NOR
iran,GPE
timur,NOR
palang,NOR
iran,GPE
iran,GPE
as,GPE
irgc,NOR
ahad,NOR
as,GPE
iran,GPE
pangkalanpangkalan,NOR
amerika,GPE
timur,NOR
palestina,GPE
timur,NOR
pangkalan,NOR
as,GPE
iran,GPE
kedutaan,NOR
iran,GPE
jakarta,ORG
institute for development of economics and finance indef,ORG
amerika serikat as,GPE
israel,GPE
iran timur,GPE
kepala,NOR
pusat makroekonomi keuangan,ORG
indef,NOR
rizal taufikurahman,PER
teluk jalur vital,LOC
selat hormuz,LOC
minyak lpg,PRD
indonesia,GPE
rizal,PER
jakarta,GPE
indonesia,GPE
rizal,PER
netimportir,ORG
lpg,ORG
indonesia,GPE
negeri,GPE
amerika,GPE
serikat,GPE
israel,GPE
iran,GPE
teheran,GPE
iran,GPE
israel,GPE
amerika,GPE
serikat,GPE
timur,ORG
iran,GPE
pemimpin,NOR
ali,ORG
israel,GPE
amerika,GPE
serikat,GPE
korps,ORG
garda,ORG
revolusi,ORG
islam,GPE
iran,GPE
angkatan,ORG
iran,GPE
iran,GPE
selat,EVT
hormuz,ORG
timur,GPE
alas,ORG
as,GPE
shofi,ORG
agus,ORG
uu,ORG
ite,ORG
washington,GPE
presiden amerika serikat as,NOR
donald trump,PER
as,GPE
trump,PER
enam menit,QTY
xinhua,ORG
as,GPE
trump,EVT
as,GPE
korps garda revolusi islam islamic,NOR
revolutionary guard,ORG
corpsirgc iran,NOR
menteri negeri iran,NOR
seyed abbas araghchi,PER
abc news,ORG
iran,GPE
asisrael,ORG
iran,GPE
iran,GPE
israel,GPE
iran,GPE
teheran,GPE
rudal drone,PRD
israel,NOR
pangkalanpangkalan,ORG
militer as kawasan teluksebelumnya trump fox,NOR
news,ORG
iran,NOR
asisrael,ORG
iranpihak iran,NOR
pemimpin,NOR
ayatollah,ORG
ali,PER
khamenei,ORG
udara asisrael,NOR
xinhuaeditor,ORG
michael,PER
teguh,NOR
adiputra,ORG
siahaan copyright dilarang,NOR
konten crawling pengindeksan otomatis,NOR
ai,NOR
web,ORG
kirim,NOR
uu,ORG
ite,ORG
washington,GPE
presiden amerika serikat as,NOR
donald trump,PER
as,GPE
sembilan,CRD
kapal perang,PRD
angkatan laut iransaya,NOR
sembilan,CRD
kapal angkatan laut,PRD
iran,GPE
komando angkatan laut iran,NOR
trump,PER
social xinhuadia,ORG
as,GPE
angkatan laut iran,NOR
trump,PER
fox news,ORG
iran,GPE
asisrael,NOR
iran,GPE
komando pusat central commandcentcom as pasukan,NOR
as,GPE
kapal korvet kelas jamaran,PRD
iran,GPE
operation epic fury,EVT
kapal,PRD
teluk oman,LOC
dermaga chah bahar,LOC
pusat komando militer amerika serikat,NOR
iran,GPE
operasi markas,EVT
korps garda revolusi islam,NOR
islamic revolutionary,EVT
iran,GPE
centcom,ORG
aspada,ORG
pesawat,PRD
pengebom,PRD
as,GPE
rudal balistik,PRD
iran,GPE
pusat,ORG
komando,NOR
as,GPE
iran,GPE
kapal,PRD
uss,PRD
abraham,ORG
lincoln,PRD
rudal balistikkapal,PRD
induk,ORG
lincoln,PRD
rudalrudal,PRD
kapal induk,PRD
as,ORG
tentara,ORG
as,GPE
iranas,GPE
israel,GPE
udara,PRD
iran,GPE
teheran,GPE
rudal,PRD
drone,PRD
israel,GPE
pangkalanpangkalan,ORG
as,GPE
teluk,ORG
xinhuaeditor,ORG
michael,PER
adiputra,NOR
crawling,PRD
ai,ORG
uu,ORG
ite,ORG
jakarta bank indonesia bi,ORG
rupiah,MON
iran,GPE
amerika serikatisrael,GPE
kepala departemen pengelolaan moneter aset sekuritas bi,ORG
erwin gunawan hutapea,PER
jakarta,ORG
bank sentral pasar,ORG
domestic,PRD
bi,ORG
erwin rupiah,PER
bi,ORG
rupiah,MON
jakarta,GPE
persen,PRC
rp dolar as,MON
rp dolar as,MON
analis mata uang doo financial futures,ORG
lukman leong,PER
rupiah,MON
iran,GPE
as,GPE
rupiah,PRD
rprp,MON
dolar,MON
as,GPE
uang,ORG
garuda,ORG
as,GPE
israel,GPE
iran,GPE
teheran,ORG
ketiga,ORD
teheran,ORG
jenewa,PRD
rizka,ORG
zaenal,ORG
abidin,PRD
ai,ORG
uu,LAW
ite,ORG
beijing,GPE
menteri negeri china,NOR
wang yi,PER
menteri negeri rusia,NOR
sergei lavrov,PER
amerika serikat,GPE
israel iran,NOR
wang yi,PER
china,GPE
rusia,NOR
dewan keamanan pbb,NOR
iran,GPE
china,GPE
pbb,LAW
kementerian negeri china,NOR
beijing,GPE
wang yi,PER
as,GPE
israel,GPE
iran,GPE
perundingan,EVT
nuklir,NOR
iranas,GPE
pemimpin,NOR
wang wi wang yi,PER
teluk,GPE
persia,LOC
timur,GPE
china,GPE
wang yi,PER
china,GPE
iran,GPE
china,GPE
teluk,NOR
wang,PER
wang,PER
ketiga,ORD
berdaulat,NOR
dewan,NOR
pbb,GPE
dunia,NOR
wang,PER
lavrov,PER
as,GPE
israel,GPE
iran,GPE
timur,NOR
rusia,GPE
china,GPE
china,GPE
pbb,GPE
organisasi,NOR
shanghai,GPE
kementerian,NOR
negeri,GPE
china,GPE
china,GPE
as,GPE
israel,GPE
iran,GPE
china,GPE
iran,GPE
pemerintah,NOR
china,GPE
iran,GPE
kementerian,NOR
negeri,GPE
china,GPE
iran,GPE
azerbaijan,GPE
turki,GPE
irak,GPE
kedutaan,NOR
konsulat,NOR
china,GPE
iran,GPE
china,GPE
as,GPE
israel,GPE
pemimpin,NOR
iran,GPE
ali,NOR
komandan,NOR
korps,NOR
garda,NOR
revolusi islam,NOR
iran,GPE
mohammad,NOR
kepala,NOR
iran,GPE
abdulrahim,NOR
mousavi,NOR
menteri,NOR
sekretaris,NOR
dewan pertahanan,NOR
ali,NOR
shamkhani,NOR
asisrael,NOR
iran,GPE
teheran,GPE
uni,GPE
eropa,GPE
arab,GPE
saudi,GPE
timur,NOR
ali,NOR
revolusi,EVT
iran,GPE
uu,NOR
pemimpin tertinggi iran,NOR
ayatollah ali khamenei,PER
teheran iran,NOR
pemerintah iran,NOR
ayatollah ali khamenei,PER
asisrael,ORG
rudal iran,PRD
israel,GPE
as,GPE
kawasan fotomehr news agency,ORG
xinhuabar,ORG
pemimpin tertinggi iran,NOR
ayatollah ali khamenei,PER
teheran,GPE
iran,GPE
pemerintah iran,NOR
pemimpin,NOR
ayatollah ali khamenei,PER
asisrael,ORG
rudal iran,PRD
israel,GPE
as,GPE
kawasan fotomehr news agency,ORG
xinhuabar,ORG
pemimpin tertinggi iran,NOR
ayatollah ali khamenei,PER
iran media,NOR
pemerintah iran,NOR
pemimpin,NOR
ayatollah,PER
ali,PER
khamenei,NOR
asisrael,NOR
rudal,PRD
iran targettarget,NOR
israel,GPE
as kawasan,NOR
news agency,ORG
xinhuabar,ORG
copyright,ORG
crawling,NOR
ai,PER
web,ORG
uu,NOR
ite,ORG
teheran,GPE
militer as,NOR
iran,GPE
pangkalanpangkalan amerika timur,NOR
korps garda revolusi islam iran irgc ahadpangkalan militer as bahrain,NOR
rudal balistik pangkalanpangkalan,PRD
tentara amerika,NOR
farslaporan,NOR
pesawat berawak,PRD
pangkalan angkatan,NOR
laut,ORG
bahrain,NOR
komando dukunganmenurut irgc teheran,NOR
pangkalan angkatan laut as,NOR
ali alsalem,PER
kuwait,GPE
pangkalan angkatan laut mohammed,FAC
alahmad,PER
sanapada,NOR
as,GPE
israel,GPE
iran,GPE
teheran,GPE
pemerintah iran,NOR
pemimpin tertinggi iran,NOR
ayatollah ali khameneiiran,PER
rudal,ORG
israel,GPE
fasilitas militer as timur tengahsumber,NOR
sputnikoana,NOR
menlu,NOR
komandan,NOR
senior,NOR
militer,NOR
iran,GPE
iran,GPE
khamenei,NOR
asisrael,NOR
katrianaeditor,NOR
rahmad,NOR
nasution,ORG
copyright,ORG
pengindeksan,NOR
ai,NOR
web,ORG
kirim,NOR
uu,NOR
ite,NOR
teheran,GPE
iran,GPE
pemimpin tertinggi iran,NOR
ali khamenei,PER
amerika,GPE
serikat,NOR
asisrael teheran,NOR
pemimpin iran,NOR
nour news media,ORG
dewan keamanan nasional tertinggi negara,NOR
khamenei,PER
iran,GPE
xinhuaeditor santoso,PER
copyright,ORG
uu ite,LAW
beijing,GPE
pemerintah china,NOR
amerika,GPE
serikat israel,NOR
pemimpin tertinggi iran,NOR
ayatollah ali khamenei,PER
pemimpin,NOR
iran,NOR
iran,GPE
china,GPE
juru bicara kementerian negeri china,NOR
kementerian negeri diakses,NOR
pemimpin tertinggi iran,NOR
ayatollah ali khamenei,PER
as,GPE
israel,GPE
iran,NOR
pemerintah iran,NOR
khamenei,PER
asisrael,NOR
pemimpin revolusi islam iran,NOR
piagam,EVT
perserikatan bangsabangsa,LAW
normanorma,EVT
china,GPE
timur,NOR
pemerintahan iran,NOR
teheran,NOR
iran,GPE
khamenei,NOR
lakilakinya,NOR
khamenei,NOR
pemimpin,NOR
iran,GPE
presiden,NOR
pemerintah,NOR
iran,GPE
ali,PER
khamenei,NOR
dunia,NOR
presiden,NOR
iran,GPE
ketua,NOR
pengadilan,NOR
dewan,NOR
wali iran,NOR
khamenei,NOR
as,GPE
israel,GPE
iran,GPE
kota teheran,NOR
infrastruktur,NOR
as,GPE
israel,GPE
komandan,NOR
korps,NOR
garda,NOR
revolusi islam,NOR
iran,GPE
irgc,NOR
mohammad,NOR
pakpour,NOR
kepala,NOR
staf,NOR
iran,GPE
abdulrahim,PER
mousavi,NOR
menteri pertahanan aziz,NOR
nasirzadeh,PER
sekretaris,NOR
dewan,NOR
ali,PER
shamkhani,NOR
iran,GPE
rudal wilayah,NOR
israel,GPE
militer,NOR
as,GPE
timur,NOR
irgc,NOR
angkatan darat,NOR
iran,GPE
khamenei,NOR
pangkalan udara,NOR
tel,NOR
nof,NOR
israel,GPE
angkatan darat,NOR
israel,GPE
industri,NOR
aviv,NOR
daerah,NOR
iran,GPE
khamenei,NOR
jalan,NOR
kotakota,NOR
iran,GPE
khamenei,NOR
iran,NOR
iran,GPE
pusatpusat kota,NOR
teheran,NOR
lapangan,NOR
khamenei,NOR
as,GPE
israel,GPE
kota suci qom,NOR
hazrat,NOR
masume,NOR
mashhad,NOR
kubah,NOR
imam,NOR
reza,PER
keagamaan,NOR
iran,GPE
meneteskan air,NOR
presiden,NOR
as,GPE
donald,PER
trump,PER
ayatollah,PER
ali,PER
khamenei,NOR
khamenei,PER
as,GPE
negaranya,NOR
israel,GPE
pemimpin,NOR
iran,GPE
lidya nataliaeditor,NOR
aditya,NOR
eko,NOR
wicaksono,NOR
crawling,NOR
pengindeksan,NOR
uu,NOR
ite,NOR
karachi,GPE
pakistan,GPE
sembilan,CRD
polisi,NOR
konsulat as karachi pakistan,NOR
pemimpin tertinggi iran,NOR
ali khamenei,PER
asisrael,NOR
dr,PER
sabir,ORG
sakit sipil karachi,NOR
sembilan,CRD
delapan,CRD
dokter kepolisian,NOR
dr summaiya syed,PER
polisi,NOR
polisi,NOR
konsulat as karachi selatan,NOR
iran,GPE
khamenei asisrael,PER
pos,NOR
polisi konsulat,NOR
polisi,NOR
konsulat as kota islamabad,NOR
polisi,NOR
jalan kawasan,NOR
kedutaankedutaan,NOR
kedutaan as,NOR
pemerintah,NOR
provinsi,GPE
kota karachi,NOR
komite,NOR
cita,NOR
pemerintah,NOR
pengunjuk aspirasi damai,NOR
tilas,NOR
ali,PER
khamenei,NOR
revolusi iran,NOR
asiran,NOR
prabowo,NOR
nabil ihsaneditor,NOR
santoso,NOR
ai,NOR
uu ite,NOR
jakarta,GPE
iran,GPE
ayatollah ali khamenei,PER
pemimpin tertinggi republik islam iran,NOR
amerika serikat israel,GPE
ali khamenei,PER
asisrael,EVT
iran,GPE
kota teheran,GPE
khamenei,PER
iran,GPE
barat,NOR
iran,GPE
pemimpin,NOR
afiat,NOR
komando perang presiden as,NOR
donald trump,PER
khamenei,PER
hijau,PRD
khamenei,PER
trump,PER
khamenei,PER
pemerintah iran,NOR
korps garda revolusi islam iran irgc angkatan darat,NOR
syiah,NOR
ayatollah,NOR
makarem,NOR
shirazi,NOR
as,GPE
israel,GPE
ali,PER
khamenei,NOR
republik,GPE
islam,NOR
iran,GPE
pemimpin,NOR
timur,NOR
pemimpin,NOR
iran,GPE
revolusi islam,NOR
iran,GPE
ruhollah,NOR
khomeini,NOR
presiden,NOR
iran,GPE
iran,GPE
as,GPE
israel,GPE
khamenei,PER
ali,PER
khamenei,NOR
mashhad,NOR
iran,GPE
timur,NOR
april,PER
islam,NOR
ulama,NOR
syiah,NOR
ruhollah,NOR
khomeini,NOR
revolusi islam,NOR
iran,GPE
revolusi islam,NOR
shah reza,NOR
pahlavi,NOR
monarki,NOR
iran,GPE
ali,PER
khamenei,NOR
ruhollah,NOR
khomeini,NOR
juni,NOR
ali,PER
khamenei,NOR
masjid,NOR
teheran,GPE
presiden,NOR
iran,GPE
pemilihan,EVT
november,NOR
presiden,NOR
ali,PER
khamenei,NOR
iran,GPE
irak,GPE
ruhollah,NOR
khomeini,NOR
majelis,NOR
iran,GPE
ali,PER
khamenei,NOR
pemimpin,NOR
iran,GPE
khamenei,NOR
agama,NOR
pengadilan,NOR
negeri,NOR
axis,NOR
as,GPE
israel,GPE
hizbullah,NOR
lebanon,GPE
houthi,NOR
yaman,GPE
poros,NOR
ali,PER
khamenei,NOR
iran,GPE
timur,NOR
barat khamenei,NOR
minyak,NOR
barat,NOR
khamenei,NOR
nuklir,NOR
iran,GPE
nuklir,NOR
nuklir,NOR
iran,GPE
iran,GPE
dewan,NOR
pbb,NOR
uni,NOR
eropa,GPE
barat,NOR
iran,GPE
nuklirnya,NOR
pupus,NOR
as,GPE
trump,PER
iran,GPE
pemerintah,NOR
iran,GPE
khamenei,NOR
amini,PER
desember,NOR
pemerintah,NOR
iran,GPE
barat,NOR
barat,NOR
pemimpin tertinggi iran,NOR
ayatollah ali khamenei,PER
amerika serikat,GPE
israel,GPE
ulama politisi iran,NOR
pemimpin tertinggi iran,NOR
ayatollah ali khamenei,PER
amerika serikat,GPE
israel,GPE
iran,NOR
uu ite,LAW
teheran,GPE
korps garda revolusi islam iran irgc,NOR
ahmad vahidi,PER
menjabat penasihat iran,NOR
khabar online vahidi,PER
mohammad pakpour,PER
as,GPE
israel,GPE
komando tertinggi angkatan bersenjata iran,NOR
pemimpin tertinggi iran,NOR
ali khamenei,PER
panglima tertinggi angkatan bersenjata iran,NOR
pemerintah iran,NOR
kepala staf militer iran,NOR
abdulrahim mousavi,PER
menteri pertahanan,NOR
aziz nasirzadeh,PER
komandan irgc pakpour sekretaris dewan pertahanan,NOR
ali shamkhani,PER
amerika serikat israel,NOR
iran,GPE
teheran,GPE
iran,GPE
israel,GPE
as,GPE
timur,NOR
sputnik,NOR
mediasi asiran,NOR
prabowo,PER
pengunjuk anti perang,NOR
gedung putih,NOR
yoanita,PER
djohaneditor,PER
aditya,PER
eko,NOR
sigit,PER
copyright,NOR
crawling,NOR
otomatis,NOR
ai,PER
situs web,NOR
uu,NOR
ite,NOR
tel aviv,GPE
amerika serikat,GPE
as,GPE
israel,GPE
iran,GPE
pemimpin tertinggi iran,NOR
ayatollah ali khamenei,PER
iran,GPE
israel,GPE
as,GPE
tel aviv,GPE
iran,GPE
israel,GPE
darurat nasional,NOR
israel,GPE
xinhuaeditor,ORG
aditya eko sigit wicaksono,PER
uu ite,LAW
jakarta,GPE
iran,GPE
ali khamenei,PER
rudal amerika serikat israel,PRD
akademisi,NOR
pengamat timur universitas padjadjaran,ORG
dina sulaeman,PER
iran,GPE
pemerintahan republik islam iran,NOR
imam ruhollah khomeini,PER
jakarta,GPE
pemimpin,NOR
iran,GPE
revolusi republik islam iran,NOR
ali khamenei,PER
ulama,REG
ayatullah,PER
agama iran,NOR
iran,GPE
ayatullah,PER
ayatullah,PER
iran,GPE
provinsi,ORG
iran,GPE
pemimpin,NOR
amerika,GPE
serikat,GPE
zionis,NOR
israel,GPE
iran,GPE
kota,NOR
teheran,GPE
iran,GPE
israel,GPE
as,GPE
timur,ORG
televisi,ORG
iran,GPE
pemimpin,NOR
iran,GPE
ali,PER
asisrael,ORG
sekretaris,NOR
dewan,NOR
iran,GPE
ali,PER
majelis,NOR
pemimpin,NOR
iran,GPE
ali,PER
khamenei,PER
nabil,NOR
ihsaneditor,PER
eko,PER
uu,NOR
istanbul,GPE
iran,GPE
pemimpin tertinggi,NOR
ayatollah ali khamenei,PER
militer,NOR
as,GPE
israel,GPE
timur,GPE
iran,GPE
jalan,LOC
iran,GPE
khamenei,PER
iran,GPE
iran,GPE
teheran,GPE
lapangan inkilap,LOC
khamenei,PER
as,GPE
israel,GPE
kota,GPE
suci qom,LOC
makam hazrat masume,LOC
mashhad,EVT
makam imam reza,LOC
iran,GPE
pemerintah,NOR
iran,GPE
khamenei,PER
asisrael,EVT
pemimpin,NOR
revolusi,NOR
islam,REG
iran,GPE
pemerintah,NOR
tujuh,CRD
khemenei,PER
teheran,GPE
pemerintah,NOR
iran,GPE
khamenei,PER
iran,GPE
khamenei,PER
lakilakinya,ORG
iran,GPE
yoanita,PER
djohaneditor,ORG
aditya,PER
eko,NOR
ai,NOR
ite,ORG
jakarta,GPE
ekonom,ORG
direktur eksekutif core indonesia,ORG
mohammad faisal,PER
israel,GPE
iran,GPE
minyak,PRD
jakarta,GPE
faisal,PER
dolar as barel,MON
dolar as,MON
minyak,PRD
selat hormuz,LOC
dolar as,MON
selat hormuz,LOC
minyak mentah,PRD
dolar barel,MON
rusiaukraina,GPE
faisal,PER
iran,GPE
israel,GPE
amerika serikat,GPE
china,GPE
negaranegara,GPE
iran,GPE
faisal,PER
minyak dunia,PRD
bahan bakar minyak bbm negeri,PRD
bbm nonsubsidi,PRD
bbm,PRD
solar,PRD
faisal,NOR
amerika,GPE
israel,GPE
iran,GPE
kota,GPE
teheran,GPE
iran,GPE
rudal,PRD
israel,GPE
amerika,GPE
timur,ORG
iran,GPE
pemimpin,NOR
israel,GPE
amerika,GPE
serikat,PRD
korps,ORG
garda,NOR
revolusi,EVT
islam,PRD
iran,GPE
angkatan,ORG
iran,GPE
kementerian,NOR
ri,GPE
minyak,PRD
pertamina,ORG
pemerintah,NOR
minyak,PRD
as,GPE
kementerian,NOR
minyak,PRD
as,GPE
faisal,GPE
uu,PRD
web,PRD
uu ite,LAW
teheran,GPE
presiden iran,NOR
pengadilan anggota,NOR
dewan wali iran,NOR
ali khamenei,PER
amerika,GPE
serikat israel,NOR
wakil presiden iran,NOR
mohammad mokhber,PER
ketua pengadilan,NOR
dewan wali,NOR
irna,PER
wapres,NOR
mokhber,PER
amerika serikat,GPE
israel,GPE
iran,GPE
kota,GPE
teheran,GPE
iran,GPE
israel,GPE
militer,NOR
as,GPE
timur,NOR
pemimpin tertinggi iran,NOR
ali khamenei,PER
rudal asisrael,PRD
khamenei,PER
pemerintah iran,NOR
korps garda revolusi islam iran irgc angkatan darat iran,NOR
khamenei,PER
rusia,GPE
desak,ORG
as,GPE
israel,GPE
iran,GPE
irgc,NOR
operasi,EVT
syahidnya,ORG
nabil,NOR
rahmad,PER
nasution,EVT
ai,ORG
web,NOR
uu,ORG
ite,ORG
teheran,GPE
korps garda revolusi islam iran irgc,NOR
angkatan bersenjata iran,NOR
ayatollah ali khamenei,PER
televisi pemerintah iran,NOR
khamenei,PER
israel,GPE
amerika serikat,GPE
iran,NOR
tasnim khamenei,PER
operasi,EVT
angkatan bersenjata republik islam iran,NOR
israel,GPE
pangkalan teroris amerika irgc,NOR
stasiun televisi pemerintah iran as,NOR
israel,GPE
iran teheran,GPE
iran,GPE
israel,GPE
militer,NOR
as,GPE
kawasan timur,LOC
sputnik tv pemerintah iran,NOR
pemimpin,NOR
ali khamenei,PER
tujuh,CRD
roket,PRD
khamenei,PER
istana kepresidenan iran,NOR
penerjemah,PER
yoanita,PER
djohaneditor,NOR
rahmad nasution,NOR
keras,NOR
crawling,NOR
ai,NOR
web,NOR
kirim,NOR
uu,NOR
ite,ORG
teheran,GPE
televisi pemerintah iran ahad,NOR
pemimpin tertinggi iran,NOR
ali khamenei,PER
israel,GPE
amerika serikat,GPE
israel,NOR
presiden as,NOR
donald trump,PER
khamenei,PER
ayatollah ali khamenei,PER
iran,NOR
presiden amerika serikat,NOR
israel,GPE
iran,GPE
teheran,GPE
as,GPE
timur,GPE
iran,GPE
israel,GPE
as timur,GPE
sputnik,NOR
as,GPE
pemimpin tertinggi iran,NOR
ayatollah ali khamenei,PER
tujuh,CRD
khamenei,PER
istana,LOC
kepresidenan iran,NOR
yoanita hastryka djohaneditor rahmad nasution,PER
ite,NOR
web,PRD
uu ite,LAW
tokyo,NOR
presiden amerika serikat,NOR
donald trump,PER
pemimpin tertinggi iran,NOR
ayatollah ali khamenei,PER
asisrael,NOR
khamenei,PER
trump,PER
teheran,GPE
trump khamenei,PER
pelacakan,PRD
amerika serikat,GPE
israel,GPE
pemimpin,NOR
iran,GPE
juru bicara,NOR
kementerian negeri iran media as,NOR
pemimpin,NOR
aman,NOR
china,GPE
iran,GPE
rusia,GPE
sputnik,NOR
wakil presiden iran,NOR
mohammad jafar ghaempanah,PER
masoud pezeshkian,PER
israel,GPE
amerika,GPE
serikat,NOR
zionis amerika serikat,NOR
kesehatan,NOR
platform x,NOR
bicara,NOR
kementerian negeri,NOR
iran,GPE
ismail,PER
baghaei,NOR
menteri negeri,NOR
abbas,PER
menteri negeri,NOR
iran,GPE
abbas,PER
araghchi,ORG
baghaei,NOR
irna,NOR
nyt,ORG
iran,GPE
juni,ORG
mayang,PRD
rahmad,PER
nasution,ORG
ai,NOR
uu,NOR
ite,ORG
teheran,GPE
iran,NOR
pemimpin tertinggi iran,NOR
ayatollah ali khamenei,PER
presiden amerika serikat as,NOR
donald trump,PER
iran,GPE
pertemuan teheran khamenei,EVT
presiden as,NOR
amerika,GPE
iran,GPE
iran,GPE
teheran,GPE
kota,GPE
iran,GPE
raja iran,NOR
as,GPE
pemerintah,NOR
provinsiprovinsi barat,NOR
kepolisian,NOR
as,GPE
israel,GPE
pemerintah,NOR
polisi,NOR
bank,NOR
masjid,NOR
teheran,GPE
as,GPE
revolusi,EVT
iran,GPE
as,GPE
iran,GPE
pemerintahan,NOR
washington,GPE
presiden,NOR
as,GPE
as,GPE
israel,GPE
iran,GPE
masjid,NOR
bank,NOR
iran,GPE
trump,PER
iran,GPE
iran,GPE
kepala,NOR
mossad,NOR
israel,GPE
as,GPE
trump,PER
iran,GPE
china,GPE
asiran,NOR
pbb,NOR
iran,GPE
perburuk,NOR
azis,GPE
kurmala,GPE
ankara,GPE
negaranegara,GPE
arab,GPE
teluk persia,GPE
amerika serikat,GPE
as,GPE
iran,GPE
arab saudi,GPE
oman,GPE
qatar,GPE
pemerintahan presiden,NOR
donald trump,PER
putih,ORG
teheran,GPE
the wall street journal negaranegara,ORG
iran,GPE
as,GPE
teluk arab,GPE
pemerintahan,NOR
iran,GPE
selat hormuz,LOC
minyak,PRD
pasukan,NOR
as,GPE
arab,GPE
saudi teheran,NOR
as,GPE
presiden,NOR
as,GPE
donald,PER
trump,PER
iran,GPE
pemimpin teluk,NOR
iran,GPE
ali,PER
korps,NOR
garda,NOR
islam,NOR
iran,GPE
duta,NOR
as,GPE
michael,PER
ratney,NOR
arab,GPE
saudi,GPE
teluk,NOR
iran,GPE
pemerintahan,NOR
iran,GPE
desember,DAT
bazaar,NOR
teheran,GPE
iran,GPE
pemerintah,NOR
iran,GPE
as,GPE
israel,GPE
pemerintah,NOR
human,ORG
lembaga,NOR
as,GPE
negeri,NOR
eko,NOR
ai,NOR
uu,NOR
ite,NOR
istanbul,GPE
pemimpin tertinggi iran,NOR
ayatollah ali khamenei,PER
presiden as,NOR
donald trump,PER
khamenei,PER
platform x,PRD
trump,PER
persia,GPE
khamenei,PER
arogan,NOR
nimrod,PER
reza khan,PER
mohammad reza,PER
trump,PER
trump,PER
pemimpin iran,NOR
iran,GPE
demonstrasi desember teheran,EVT
iran,GPE
human rights activists news agency,ORG
hrana,NOR
kelompok,ORG
ham,NOR
as,GPE
negeri,NOR
kota,NOR
iran,GPE
al jazeera,NOR
iran,GPE
trump,PER
ancam,NOR
iran,GPE
as,GPE
iran,GPE
trump,PER
pertimbangkan,ORG
kuntum,PER
khaira,PER
riswaneditor,NOR
anton,PER
santoso,NOR
ai,PER
ite,NOR
istanbul,GPE
pemimpin tertinggi iran,NOR
ayatollah ali khamenei,PER
presiden amerika serikat as,NOR
donald trump,PER
persatuan nasional iran,NOR
khamenei,PER
iran,GPE
iran,GPE
trump,PER
iran,GPE
iran,GPE
khamenei,PER
trump,PER
khamenei,PER
iran,GPE
iran,GPE
demonstrasi,EVT
desember,DAT
desember,EVT
grand bazaar,EVT
teheran,NOR
iran,GPE
otoritas,NOR
iran,GPE
human,ORG
agency,NOR
delapan,CRD
trump,PER
as,GPE
iran,GPE
trump,PER
hugh,PER
iran,GPE
iran,GPE
trump,PER
iran,GPE
iran,GPE
ite,NOR
istanbul,GPE
senator amerika serikat as,NOR
lindsey graham,PER
presiden as,NOR
donald trump,PER
pemimpin tertinggi iran,NOR
ayatollah ali khamenei,PER
pemerintah iran,NOR
ayatollah,PER
donald j trump,PER
graham,PER
fox news,ORG
graham,PER
iran,GPE
timur,GPE
nazi,NOR
iran,GPE
iran,GPE
dolar as,MON
kepolisian kota peringatan,NOR
graham khamenei,PER
pemerintah iran,NOR
putaran,EVT
kota,GPE
teheran,GPE
trump,PER
washington,GPE
teheran,GPE
iran,GPE
anadolu,PER
pemimpin,NOR
iran,GPE
iran,GPE
trump,PER
negeri,GPE
teheran,GPE
cindy,PER
octaviaeditor,ORG
uu,NOR
ite,ORG
istanbul,GPE
korps garda revolusi islam irgc iran,NOR
israel,GPE
jenderal,PER
ebrahim jabbari,PER
mehr,PER
seninsaat,DAT
israel,GPE
as,GPE
rudal,PRD
jenderal,PER
yahya rahim safavi,PER
utama,NOR
pemimpin tertinggi iran,NOR
ayatollah ali khamenei seninzionis,PER
pasukan angkatan laut pasukan quds,NOR
angkatan darat safavi,NOR
mehr,PER
ktt brics,NOR
iran,GPE
hukum,ORG
rudal drone,PRD
israel,GPE
iran,GPE
juni,DAT
iran,GPE
kementerian,NOR
iran,GPE
zionisteheran,ORG
pesawat,PRD
israel,GPE
israel,GPE
universitas,ORG
ibrani,GPE
yerusalemkonflik,GPE
as,GPE
junisumber,NOR
iran,GPE
chinarusia,GPE
as,GPE
cegah,PER
katrianaeditor,ORG
rahmad,ORG
nasution,PER
ai,PER
uu,ORG
ite,ORG
jakarta,GPE
iran,GPE
israel,GPE
iranisrael gencatan senjata,EVT
juni,DAT
pesawat tempur iran,PRD
israel,GPE
israel,GPE
pesawatpesawat tempur iran,PRD
jetjet tempur,PRD
israel,GPE
juni,DAT
arma war,WOA
thunder,EVT
gim,PRD
pelantar x,ORG
juni,ORG
juta,PRD
inggris,GPE
nuklir,PRD
israel,GPE
iran,GPE
uu,ORG
istanbul,GPE
iran,GPE
rudal,PRD
amerika,GPE
serikat al udeid qatar,NOR
as,GPE
nuklir,PRD
iran,GPE
televisi nasional iran press tv,ORG
operasi bashayer alfath,EVT
angkatan bersenjata iran,NOR
rudal,PRD
pangkalan al udeid,FAC
qatar,GPE
as,GPE
iran,GPE
rudal,PRD
as,GPE
dewan keamanan nasional tertinggi iran,NOR
korps garda revolusi islam iran igrc,NOR
washington,GPE
gedung,NOR
iran,GPE
igrc iran irna,NOR
rudal,PRD
pangkalan as,NOR
iraq,GPE
kementerian pertahanan qatar,NOR
rudal iran,PRD
pertahanan udaranya,PRD
kementerian negeri,NOR
qatar,GPE
iran,GPE
qatar,GPE
pbb,NOR
qatar,GPE
hak,NOR
pangkalan,NOR
as,GPE
qatar,GPE
kementerian negeri,NOR
bahrain,GPE
sirene,ORG
negara,NOR
pulau,NOR
otoritas,NOR
aman,NOR
pemimpin,NOR
iran,GPE
ayatollah,NOR
ali,PER
khamenei,NOR
menteri negeri,NOR
iran,GPE
ali,PER
negara,GPE
as,GPE
iran,GPE
iran,GPE
as,GPE
iran,GPE
pangkalan,NOR
as,GPE
presiden,NOR
as,GPE
donald,PER
trump,PER
ahad,NOR
as,GPE
nuklir,NOR
iran,GPE
fordo,NOR
isfahan,NOR
eskalasi,NOR
israel,GPE
as,GPE
iran,GPE
juni,NOR
teheran,GPE
israel,GPE
rudal,PRD
iran,GPE
iran,GPE
israel,GPE
negara,GPE
kementerian,NOR
iran,GPE
iran,GPE
as,GPE
as,GPE
iran,GPE
israel,GPE
ancam,NOR
rezim,NOR
nuklir,NOR
nabil,NOR
ihsaneditor,NOR
ai,NOR
uu,NOR
ite,NOR
ali khamenei,PER
bom nuklir,PRD
israel,GPE
iran,GPE
bom,LAW
nuklir,PRD
ayatollah,PER
ali khamenei,PER
ali khamenei,PER
israel,GPE
amerika serikat,GPE
februari,DAT
iran,GPE
iran,GPE
ali khamenei,PER
as,GPE
tel,GPE
aviv,ORG
israel,GPE
the times,ORG
israel,GPE
senjata nuklir,PRD
iran,GPE
ali khamenei,PER
iran,GPE
bom nuklir,PRD
ayatollah,PER
ali khamenei,PER
senjata nuklir,PRD
barat,NOR
pemerintah,NOR
iran,GPE
senjata nuklir,PRD
februari khamenei,PER
asisrael,PER
israel,GPE
iran,GPE
ali,PER
senjata,PRD
nuklir,PRD
senjata,PRD
iran,GPE
senjata,PRD
senjata,PRD
ali khamenei,PER
nuklir,PRD
iran,GPE
iran,GPE
teheran,GPE
ali khamenei,PER
republik,GPE
islam,NOR
senjata nuklir,PRD
presiden,NOR
iran,GPE
teheran,GPE
nuklir,PRD
ali khamenei,PER
ketiga,ORD
as,GPE
teheran,GPE
nuklir,PRD
iran,GPE
international,NOR
ali khamenei,PER
israel,GPE
fatwa bom nuklir iran,LAW
israel,GPE
fatwa bom,LAW
nuklir,PRD
iran,LAW
pemimpin tertinggi negara,NOR
ayatollah,PER
ali khamenei,PER
ali khamenei,PER
israel,GPE
amerika serikat,GPE
februari,DAT
israel,GPE
the times,ORG
israel,GPE
bom nuklir,PRD
iran,GPE
ali khamenei,PER
pemimpin iran,NOR
ali khamenei,PER
mojtaba khamenei,PER
bom nuklir,PRD
the times of,ORG
israel,GPE
ali khamenei,PER
bom nuklir iran,PRD
iran,GPE
bom nuklir,PRD
ayatollah,LAW
ali,PER
senjata nuklir,PRD
barat,NOR
pemerintah,NOR
iran,GPE
nuklir,PRD
asisrael,ORG
israel,GPE
iran,GPE
uranium,PRD
senjata nuklir,PRD
uranium,PRD
israel,GPE
bom nuklir,PRD
ali,PER
senjata nuklir,PRD
iran,GPE
senjata,PRD
senjata,PRD
ali,PER
fatwa,PRD
nuklir,PRD
iran,GPE
iran,GPE
teheran,GPE
fatwa,PRD
ali,PER
republik,GPE
islam,GPE
senjata nuklir,PRD
presiden,NOR
iran,GPE
iran,GPE
pemimpin,NOR
ali,PER
nuklir,PRD
senjata nuklir,PRD
nuklir,PRD
as,GPE
teheran,GPE
senjata nuklir,PRD
iran,GPE
international,NOR
iran,GPE
israel,GPE
iran,GPE
tel,ORG
aviv,PER
senjata nuklir,PRD
iran,GPE
trump,PER
pemimpin tertinggi iran,NOR
ali khamenei,PER
presiden amerika serikat as,NOR
donald trump,PER
pemimpin tertinggi iran,NOR
ayatollah ali khamenei,PER
truth social,PRD
trump,PER
iran,GPE
ali khamenei,PER
iran,GPE
iran,GPE
trump,PER
truth,PRD
social,ORG
advertisement,PRD
perdana menteri israel,NOR
benjamin netanyahu,PER
khamenei,PER
teheran,GPE
iran,GPE
piala dunia,EVT
asisrael,NOR
iran,GPE
khamenei,PER
khamenei,GPE
menhan,NOR
komandan,NOR
irgc,PER
iran,GPE
khamenei,PER
trump,PER
iran,GPE
iran,GPE
irgc,PER
revolusi,NOR
pasukan,NOR
kepolisian,NOR
trump,PER
teheran,GPE
pemimpin,NOR
desersi,NOR
trump,PER
iran,GPE
mehr,NOR
pemimpin,NOR
ali,PER
khamenei,PER
pemerintah,NOR
iran,GPE
israel,GPE
khamenei,PER
perdana,NOR
menteri,NOR
israel,GPE
benjamin,PER
netanyahu,PER
khamenei,PER
asisrael,PER
iran,GPE
trump,PER
iran,GPE
presiden amerika serikat,NOR
donald trump,PER
iran,GPE
trump,PER
teheran,NOR
washington,GPE
trump,PER
office gedung putih,ORG
trump,PER
iran,GPE
trump,PER
iran,GPE
ayatollah,PER
ali khamenei,PER
as,GPE
israel,GPE
ali khamenei,PER
mojtaba khamenei,PER
dewan ulama ahli iran,NOR
mojtaba khamenei,PER
pengeboman,EVT
as,GPE
israel,GPE
trump,PER
iran,GPE
washington,GPE
as,GPE
selat hormuz,LOC
trump,PER
trump,PER
menepis,NOR
iran,GPE
iran,GPE
ali khamenei,PER
tujuh pekan,QTY
amerika serikat,GPE
israel teheran,GPE
pemimpin tertinggi iran,NOR
ayatollah,PER
ali khamenei,PER
khamenei,PER
amerika serikat,GPE
israel,GPE
februari,DAT
teheran,GPE
perang,EVT
as,GPE
iran,GPE
meluas,EVT
timur,GPE
ali khamenei,PER
tujuh pekan,QTY
ruhollah khomeini,PER
iran,GPE
iran,GPE
khomeini,PER
iran,GPE
asisrael,PER
iran,GPE
khamenei,PER
pakar keamanan foundation for the defence of democracies,NOR
iran,GPE
iran,GPE
iran,GPE
pemerintahan,NOR
iran,GPE
trump,PER
iran,GPE
idf,ORG
israel,GPE
yesus,REG
selat,EVT
hormuz,PER
iran,GPE
as,GPE
ri,GPE
pemimpin,NOR
iran,GPE
maret,DAT
iran,GPE
mojtaba,NOR
republik,GPE
islam,REG
mojtaba khamenei,PER
ali khamenei,PER
pemimpin tertinggi iran,NOR
ayatollah ali khamenei,PER
mojtaba khamenei,PER
khamenei,PER
amerika,GPE
serikatisrael,NOR
teheran,GPE
februari,DAT
majelis ahli iran,NOR
khamenei,PER
ahli badan,ORG
deliberatif,NOR
ulama,NOR
syiah,NOR
pemimpin,NOR
iran,GPE
mojtaba,NOR
khamenei,PER
ulamaulama iran,NOR
mojtaba,PER
ulama,NOR
as,GPE
israel,GPE
iran,GPE
pemimpin,NOR
the,ORG
new york,NOR
times,ORG
ulama,NOR
majelis,NOR
israel,GPE
majelis,NOR
qom,ORG
iran,GPE
pemerintah,NOR
mehr,PER
israel,GPE
nasr,ORG
iran,GPE
islam syiah,NOR
johns,ORG
hopkins,NOR
mojtaba,PER
nasr,NOR
the,ORG
new york,NOR
times,ORG
rezim,NOR
garda revolusi,NOR
mojtaba,PER
mojtaba,PER
garda,NOR
revolusi,ORG
ketiga,ORD
iran,GPE
garda,NOR
revolusi,NOR
mojtaba,PER
iran,GPE
mojtaba,PER
mehdi,NOR
rahmati,PER
analis,ORG
teheran,NOR
rahmati,PER
pemerintah,NOR
mojtaba,PER
khamenei,PER
mojtaba,PER
khamenei,NOR
alireza,PER
arafi,PER
ulama,NOR
dewan,NOR
hassan,PER
khomeini,PER
revolusi islam,NOR
ayatollah,ORG
ruhollah,PER
khomeini,PER
bursa,ORG
arafi,PER
hassan,PER
moderat,NOR
pemimpin,NOR
majelis,NOR
majelis,NOR
khamenei,PER
teokrasi,ORG
islam,NOR
iran,GPE
pemimpin iran,NOR
ayatollah ali khamenei,PER
berwenang iran,NOR
pemerintah fars,NOR
ayatollah ali khamenei,PER
khamenei,PER
militer,NOR
amerika,GPE
serikat,NOR
asisrael wilayah iran,NOR
pemerintah iran,NOR
fars al jazeera,PER
pemerintahan iran,NOR
tujuh,CRD
televisi pemerintah iran,NOR
ali khamenei,PER
asisrael iran,NOR
pemimpin tertinggi iran,NOR
syahid,PER
trump,PER
calon pemimpin iran iran,NOR
asisrael timteng,NOR
media,NOR
iran,GPE
khamenei,PER
asisrael,NOR
fars,PER
fars,PER
iran,NOR
pemimpin,NOR
iran,NOR
khamenei,PER
presiden as,NOR
donald,PER
trump,PER
khamenei,PER
perdana,NOR
menteri,NOR
israel,GPE
benjamin,PER
netanyahu,PER
khamenei,NOR
asisrael,PER
pemimpin,NOR
iran,NOR
ayatollah,PER
ali,PER
khamenei,PER
amerika serikat,NOR
israel,GPE
israel,GPE
channel,NOR
times,ORG
of,NOR
israel,GPE
israel,GPE
as,NOR
khamenei,PER
khamenei,PER
iran,GPE
otoritas politik agama,NOR
negara,NOR
ali khamenei mojtaba khamenei,PER
pemimpin tertinggi iran iran,NOR
mojtaba khamenei,PER
ayatollah ali khamenei,PER
ali khamenei,PER
amerika serikat,GPE
israel,GPE
februari,DAT
majelis ahli,NOR
ayatollah,PER
seyyed,PER
mojtaba,PER
hosseini khamenei,PER
republik islam iran,NOR
teheran,GPE
mojtaba ulama,NOR
pasukan keamanan iran,NOR
pemungutan,EVT
majelis,NOR
ahli,ORG
badan,NOR
beranggotakan,ORG
ulama,NOR
iran gambasvideo,NOR
mojtaba,PER
negara republik islam iran,NOR
mojtaba,PER
presiden,NOR
amerika,GPE
serikat,NOR
donald,PER
trump,PER
washington,NOR
abc,ORG
news,NOR
israel,GPE
khamenei,PER
hamas,NOR
khamenei,PER
hamas,NOR
pemimpin tertinggi iran,NOR
ayatollah ali khamenei,PER
gerakan khamenei,ORG
hamas,NOR
amerika serikat,GPE
as,GPE
israel,GPE
hamas,NOR
ayatollah ali khamenei,PER
gerakan islam,NOR
palestina,GPE
as,GPE
pemerintah pendudukan fasis,NOR
republik,GPE
islam iran,NOR
hamas,NOR
brigade,PER
ezzedine alqassam,PER
khamenei,PER
mujahidinnya,NOR
republik islam,NOR
brigade,ORG
oktober,NOR
israel,GPE
islam,REG
hamas,GPE
israel,GPE
gaza,GPE
as,GPE
israel,GPE
prabowo,PER
ali khamenei,PER
prabowo subianto,PER
pemimpin tertinggi iran,NOR
ayatollah ali khamenei,PER
amerika,GPE
serikatisrael iran,NOR
sekretaris kabinet,NOR
teddy indra wijaya,PER
presiden prabowo,NOR
presiden iran,NOR
masoud pezeshkian,PER
ali khamenei,PER
iran,GPE
pemimpin,NOR
iran,NOR
mashhad,LOC
iran,GPE
prabowo subianto,PER
pemimpin tertinggi iran,NOR
ayatollah ali khamenei,PER
maret,DAT
teddy,PER
selat hormuz,LOC
iran,GPE
asisrael,NOR
iran,GPE
asisrael,PER
cia,NOR
kurdi,PER
trump,PER
as,GPE
iran,NOR
ali,PER
khamenei,PER
pemerintah,NOR
iran,GPE
ali,PER
khamenei,PER
masshad,PER
teddy,PER
prabowo,PER
belasungkawa,PER
menteri negeri,NOR
sugiono,PER
dubes,NOR
iran,GPE
indonesia,NOR
mohammad,PER
boroujerdi,PER
menlu,NOR
sugiono,PER
dubes,NOR
eskalasi,PER
timur,NOR
as,GPE
israel,GPE
iran,GPE
teheran,GPE
teluk,NOR
persia,PER
sugiono,PER
perserikatan bangsabangsa,NOR
pbb,NOR
eskalasi,PER
ayatollah ali khamenei,PER
pemimpin tertinggi iran,NOR
ayatollah ali khamenei,PER
pemerintah iran,NOR
fars,PER
khamenei,PER
alunalun teheran,LOC
kepala koordinasi propaganda islam teheran,NOR
hojjatoleslam,PER
seyed mohsen mahmoudi khamenei,PER
kota suci mashhad,LOC
khamenei,GPE
amerika,GPE
serikat,NOR
israel,GPE
februari,NOR
iran,GPE
israel,GPE
pangkalan,NOR
as,GPE
timur,NOR
uni,NOR
emirat,GPE
arab,GPE
arab,GPE
saudi,GPE
kuwait,GPE
qatar,GPE
bahrain,GPE
irak,GPE
israel,GPE
ali khamenei,PER
menteri pertahanan israel israel,NOR
katz,PER
ayatollah,PER
ali khamenei,PER
iran,GPE
israel,GPE
amerika serikat,GPE
katz,PER
khamenei,PER
republik islam,NOR
israel,GPE
iran,GPE
majelis ahli,NOR
khamenei,PER
pemerintah,NOR
israel,GPE
as,NOR
majelis,NOR
pemimpin tertinggi iran,NOR
aszionis,GPE
gedung,FAC
majelis ahli,LOC
qom,FAC
selatan teheran,LOC
tasnim alarabiya,PER
netanyahu,PER
pemimpin tertinggi iran,NOR
ali khamenei,PER
perdana menteri israel,NOR
benjamin netanyahu,PER
pemimpin tertinggi iran,NOR
ayatollah,PER
ali khamenei,PER
israelamerika serikat,GPE
teheran,GPE
netanyahu,PER
mahkamah kriminal internasional,NOR
international,ORG
criminal,NOR
court,ORG
icc,NOR
netanyahu,NOR
khamenei,PER
kompleks,LOC
tiran khamenei,LOC
netanyahu,PER
netanyahu,PER
iran,NOR
korps garda revolusi islam irgc,NOR
program nuklir,ORG
menhan,NOR
iran,GPE
komandan,NOR
irgc,NOR
israel,GPE
saudi,GPE
iran,GPE
iran,GPE
as,GPE
israel,GPE
rezim,NOR
netanyahu,PER
netanyahu,NOR
iran,GPE
asisrael,NOR
iran,GPE
as,GPE
iran,GPE
nuklirnya,NOR
teheran,GPE
iran,GPE
rudal,PRD
drone,NOR
israel,GPE
pangkalan,NOR
as,GPE
timur,NOR
menteri negeri,NOR
iran,GPE
abbas,NOR
araghchi,NOR
iran,GPE
pangkalan,NOR
as,GPE
timur,NOR
dewan ulama,NOR
ali khamenei,PER
ulama,NOR
pemimpin,NOR
iran,NOR
ali khamenei,PER
assembly,NOR
of experts,ORG
mohammadmehdi mirbaqeri,PER
pemimpin iran,NOR
mehr,PER
news agency,ORG
mirbaqeri,PER
ulama,NOR
panel,NOR
mohsen,PER
heidari alekasir,PER
ahmad alamolhoda,PER
pemimpin,NOR
alamolhoda,PER
kepala sekretariat majelis hashem,NOR
hosseini bushehri,PER
iran,GPE
majelis,NOR
nournews,NOR
alekasir,PER
majelis,NOR
majelis,NOR
iran,GPE
revolusi,NOR
februari,PER
israel,GPE
amerika,GPE
serikat,NOR
komandan,NOR
iran,NOR
ali,PER
khamenei,PER
iran,GPE
assembly of,NOR
experts,ORG
qom,PER
heidari,ORG
alekasir,PER
khamenei,PER
pemimpin,NOR
iran,GPE
amerika,GPE
serikat,NOR
mojtaba,NOR
khamenei,PER
presiden,NOR
amerika,GPE
serikat,GPE
donald,PER
trump,PER
khamenei,PER
mojtaba,PER
khamenei,PER
trump,PER
pemilihan,EVT
pemimpin,NOR
iran,GPE
mojtaba,PER
khamenei,PER
islamic,ORG
ulama,NOR
iran,GPE
pemerintahan,NOR
khamenei,PER
khamenei,PER
iran,GPE
presiden delapan,NOR
mojtaba,NOR
iran,GPE
polisi,NOR
republik islam,NOR
iran,GPE
khamenei,PER
republik islam iran,NOR
ayatollah ali khamenei,PER
amerika,GPE
serikat as,NOR
israel,GPE
khamenei,PER
iran,GPE
al jazeera,ORG
iran,GPE
irna,PER
transisi,NOR
pemerintahan keamanan nasional iran,NOR
pemimpin iran,NOR
ayatollah ali khamenei,PER
garda revolusi iran,NOR
khamenei,PER
iran,GPE
khamenei,PER
konstitusi,LAW
ketiga,ORD
iran,NOR
pemerintahan,NOR
mahkamah agung,NOR
ahli,NOR
dewan,NOR
ulama,NOR
negara,NOR
dewan,NOR
negeri konstitusi,NOR
iran,GPE
iran,GPE
ulama,NOR
dewan,NOR
teheran,NOR
serangkai,NOR
ayatollah ali khamenei,PER
kota suci mashhad,LOC
pemimpin tertinggi iran,NOR
ayatollah ali khamenei,PER
israelamerika serikat,GPE
kota suci mashhad,LOC
fars al jazeera khamenei,PER
mashhad,GPE
iran,GPE
imam reza,PER
khamenei,PER
asisrael,NOR
iran,GPE
israel,GPE
pangkalanpangkalan militer,NOR
as,GPE
timur,NOR
teluk,NOR
uni emirat arab arab saudi kuwait,GPE
qatar,GPE
bahrain irak,GPE
khamenei,PER
iran,GPE
israel,GPE
as,GPE
iran,GPE
ulama,PER
ayatollah,PER
alireza,PER
arafi,PER
dewan,NOR
pemimpin,NOR
komandan,NOR
iran,GPE
ali,PER
amerika,GPE
serikat,GPE
israel,GPE
iran,GPE
as,GPE
israel,GPE
iran,GPE
pemerintah,NOR
iran,GPE
israel,GPE
as,GPE
iran,GPE
amerika,GPE
serikat,GPE
iran,GPE
al,PER
arabiya,GPE
iran,GPE
khamenei,PER
kepala keamanan iran,NOR
ali larijani,PER
iran,GPE
ayatollah,PER
ali khamenei,PER
as,GPE
israel,GPE
iran,GPE
amerika serikat,GPE
israel,GPE
iran,GPE
larijani,PER
kepala dewan keamanan nasional tertinggi,NOR
iran,GPE
as,GPE
israel,GPE
kota,GPE
iran,GPE
khamenei,PER
kota mashhad,GPE
iran,GPE
pemimpin,NOR
ayatollah ali khamenei,PER
amerika,GPE
serikat,NOR
as,GPE
israel,GPE
khamenei,PER
pemimpin,NOR
imam,PER
reza,PER
china,GPE
asisrael,ORG
iran,GPE
as,GPE
khamenei,NOR
iran,GPE
khamenei,NOR
trump,PER
khamenei,PER
teheran,GPE
iran,GPE
jazeera,GPE
iran,GPE
iran,GPE
khamenei,PER
kota mashhad iran,GPE
ayatollah,PER
ali khamenei,PER
amerika serikat,GPE
as,GPE
israel,GPE
saluran press tv,ORG
khamenei,PER
makam suci,LOC
imam reza,PER
khamenei,PER
kota,GPE
teheran,GPE
iran,GPE
al jazeera,ORG
api,EVT
khamenei,PER
iran,GPE
khamenei,PER
pemimpin,NOR
iran,GPE
ayatollah,PER
ali,PER
khamenei,NOR
khamenei,PER
imam,PER
iran,GPE
iran,GPE
khamenei,NOR
pemerintahan,NOR
khamenei,PER
negeri,GPE
iran,GPE
iran,GPE
garda,NOR
revolusi,NOR
irgc,PER
prodemokrasi,ORG
iran,GPE
iran,GPE
garda revolusi iran,NOR
khamenei,PER
korps garda revolusi islam irgc,NOR
pemimpin tertinggi iran,NOR
ayatollah,PER
ali khamenei,PER
amerika,GPE
serikat as,NOR
israel,GPE
fars irgc,ORG
khamenei,PER
irgc al,NOR
jazeera,ORG
irgc,ORG
khamenei,PER
aliansi amerika serikat israel,NOR
irgc,NOR
khamenei,PER
iran,GPE
khamenei,PER
asisrael,NOR
pemimpin,NOR
iran,GPE
ayatollah,PER
ali,PER
khamenei,PER
khamenei,PER
asisrael iran,NOR
bangsa iran,NOR
as,GPE
israel,GPE
iran,GPE
negeri,NOR
iran,NOR
irgc,NOR
komando,NOR
pemimpin,NOR
operasi,NOR
presiden,NOR
as,GPE
donald,PER
trump,PER
irgc,PER
iran,NOR
iran,NOR
ayatollah,PER
ali,PER
khamenei,PER
khamenei,NOR
ayatollah,PER
ali,PER
khamenei,PER
iran,NOR
agama,NOR
negara,NOR
ali larijani,PER
khamenei,PER
sekretaris dewan keamanan nasional iran,NOR
ali larijani,PER
ayatollah,PER
ali khamenei khamenei,PER
amerika,GPE
teheran,NOR
ali larijani,PER
iran,GPE
khamenei,PER
iran,GPE
asisrael al,NOR
jazeera,PER
ali larijani,PER
khamenei,PER
iran,GPE
dewan orang presiden kepala kehakiman ulama guardian council dewan,NOR
pemerintahan majelis ahli assembly of experts,NOR
ulama,ORG
pemimpin,NOR
iran,GPE
ayatollah,ORG
alireza,PER
arafi,ORG
pemimpin,NOR
iran,GPE
pemimpin,NOR
iran,GPE
the,ORG
new,NOR
amerika,GPE
serikat,NOR
israel,GPE
iran,GPE
ali,PER
iran,GPE
khamenei,PER
republik,GPE
islam,NOR
ali,PER
ali,PER
iran,GPE
iran,GPE
sekretaris,NOR
dewan,NOR
agustus,ORG
ali,PER
akbar,PER
ahmadian,PER
israeliran,GPE
juni,ORG
ali,PER
khamenei,PER
guardian,ORG
council,ORG
pemilihan,EVT
presiden,NOR
sekretaris,NOR
dewan,NOR
middle,ORG
east,ORG
iran,GPE
as,GPE
washington,GPE
sekretaris,NOR
dewan,NOR
negeri,NOR
nuklir,NOR
teheran,GPE
iran,GPE
khamenei,PER
nuklir,NOR
as,GPE
as,GPE
rezim,NOR
iran,GPE
khamenei,PER
ogah,ORG
as,GPE
iran,GPE
kuwait,GPE
bahrain,GPE
uea,GPE
amerika,GPE
iran,GPE
nuklir,NOR
ketua,NOR
parlemen,NOR
iran,GPE
iran,GPE
enam,CRD
as,GPE
jerusalem,GPE
asiran,NOR
khamenei,PER
asiran,NOR
as,GPE
israel,GPE
iran,GPE
teheran,NOR
iran,GPE
sekutu,NOR
rusia,GPE
china,GPE
januari,ORG
moskow,GPE
khamenei trump,PER
iran,GPE
pemimpin tertinggi iran,NOR
ayatollah ali khamenei,PER
presiden amerika serikat,NOR
donald trump,PER
hak,ORG
asasi manusia ham,NOR
amerika,GPE
serikat,NOR
hrana,PER
iran,GPE
hrana,ORG
iran,GPE
presiden amerika serikat,NOR
iran,GPE
khamenei,PER
amerika,GPE
amerika,GPE
iran,GPE
iran,GPE
desember,DAT
iran,GPE
pemerintah fasilitas sipil,NOR
lembaga pemantau ham,NOR
intelijen,NOR
israel,GPE
iran,GPE
international,NOR
inggris,GPE
trump,PER
kapal,PRD
timur,NOR
kisruh,NOR
iran,GPE
as,GPE
iran,GPE
iran,GPE
internet,ORG
indonesia,GPE
iran,GPE
irna,PER
mehr,NOR
news,ORG
fars,PER
iran,GPE
pemimpin,NOR
ayatollah,ORG
ali,PER
khamenei,NOR
pemerintah,NOR
internet,ORG
khamenei,NOR
amerika,GPE
serikat,NOR
presiden,NOR
donald,PER
trump,PER
iran,GPE
megawati,PER
khamenei,PER
asisrael presiden ri,NOR
megawati soekarnoputri,PER
pemimpin tertinggi iran,NOR
ayatollah ali khamenei,PER
asisrael,NOR
februari,EVT
megawati,PER
partainya,NOR
sekjen pdip,NOR
hasto kristiyanto,PER
duta iran,NOR
mohammad boroujerdi,PER
kedutaan kedubes iran jakarta,NOR
megawati,PER
khamenei,PER
gabungan,ORG
asisrael advertisement,ORG
keluarga,PER
karno,PER
indonesia,NOR
pemerintah rakyat iran,NOR
megawati mega dekade,PER
iran,GPE
khamenei,PER
sukarno,PER
makassar,NOR
arab,GPE
saudi,GPE
himpuh,NOR
qatardubai,GPE
himpuh,NOR
dispensasi,NOR
jemaah,NOR
khamenei,NOR
karno,NOR
pancasila,NOR
dasa,NOR
bandung,GPE
sintesis,PER
agama,NOR
iran,GPE
indonesia,NOR
iran,GPE
bangsa,NOR
gema,NOR
anti,NOR
ketiga,ORD
megawati,PER
teheran,NOR
presiden,NOR
republik,GPE
indonesia,GPE
konferensi d,NOR
ali,PER
khamenei,NOR
indonesia,GPE
iran,GPE
as,NOR
israel,GPE
karno,NOR
presiden iran,NOR
khamenei,PER
presiden iran,NOR
masoud pezeshkian,PER
pemimpin tertinggi iran,NOR
ayatollah,PER
ali khamenei,PER
hak sah negara republik islam iran,NOR
al jazeera,ORG
khamenei,PER
amerika serikat,GPE
israel,GPE
pezeshkian,PER
khamenei,PER
islam,REG
syiah,REG
khamenei,PER
islam,REG
syiah,PER
pemimpin,NOR
amerikazionis,GPE
khamenei,PER
israel,GPE
as,GPE
teheran,GPE
khamenei,PER
presiden,NOR
as,GPE
donald,PER
trump,PER
iran,GPE
iran,GPE
trump,PER
trump,PER
iran,GPE
khamenei,PER
trump,PER
presiden amerika serikat,NOR
donald trump,PER
iran,GPE
iran,GPE
pemimpin,NOR
ayatollah,PER
ali khamenei,PER
trump,PER
teheran,GPE
iran,GPE
trump,PER
al jazeera,ORG
washington teheran,GPE
as,GPE
israel,GPE
pemimpin tertinggi iran,NOR
ayatollah ali khamenei,PER
pejabat negara presiden iran,NOR
masoud pezeshkian,PER
pemimpin tertinggi iran,NOR
ayatollah ali khamenei,PER
khamenei,NOR
islam,REG
syiah,REG
iran,GPE
china,GPE
iran,GPE
timur,NOR
pemimpin,NOR
amerikazionis,GPE
islam,REG
syiah,REG
pemimpin,NOR
amerikazionis,GPE
presiden,NOR
iran,GPE
umat,NOR
islam,REG
teheran,GPE
komandan,NOR
umat,NOR
islam,REG
komandan,NOR
tujuh,CRD
khamenei,NOR
konsulat as pakistan,NOR
sembilan,CRD
konsulat as,NOR
kota,GPE
karachi pakistan,NOR
as,GPE
israel,GPE
pemimpin tertinggi iran,NOR
ayatollah ali khamenei,PER
israel,GPE
amerika,GPE
irak,GPE
polisi,NOR
kejut,PRD
kota,GPE
baghdad,GPE
kedutaan as pakistan irak,NOR
muslim,REG
syiah,NOR
iran,GPE
karachi,GPE
konsulat,NOR
polisi juru bicara pemerintah pakistan,NOR
sukhdev assardas hemnani,PER
petugas keamanan konsulat as,NOR
konsulat,NOR
karachi,NOR
konsulat as,NOR
karachi,NOR
kedutaan,NOR
as,GPE
islamabad,NOR
jalanjalan,LOC
khamenei,NOR
kedutaan,NOR
as,GPE
islamabad,NOR
hamas,NOR
khamenei,NOR
korut,NOR
asisrael iran,NOR
inggris,GPE
negara timur,NOR
cari,NOR
kedutaan,NOR
as,NOR
pakistan,GPE
menteri negeri,NOR
pakistan,GPE
mohsin,NOR
pakistan,GPE
iran,GPE
pemerintah,NOR
provinsi,NOR
pbb,NOR
pakistan,GPE
amerika,GPE
gedung,NOR
pbb,NOR
utara,NOR
baltistan,NOR
syiah,NOR
pbb,NOR
pemerintah,NOR
shabbir,NOR
mir kota,NOR
lahore,GPE
polisi,NOR
konsulat,NOR
as,GPE
polisi,NOR
polisi,NOR
konsulat,NOR
ali khamenei trump,PER
iran,GPE
pemimpin tertinggi iran,NOR
ayatollah ali khamenei,PER
presiden amerika serikat,NOR
donald trump,PER
iran,GPE
khamenei,PER
gencatan,NOR
senjata,EVT
iran,GPE
israel,GPE
khamenei,PER
iran,GPE
trump,PER
amerika,GPE
iran,GPE
khamenei,PER
trump,PER
trump,PER
iran,GPE
amerika serikat,GPE
israel,GPE
khameini,PER
amerika serikat,GPE
iran,GPE
revolusi,NOR
islam,EVT
iran,GPE
khamenei,PER
pemimpin iran,NOR
amerika,GPE
amerika iran,GPE
rudal nuklir,PRD
iran,GPE
iran,GPE
khamenei,PER
trump,PER
iran,GPE
amerika,GPE
donald,PER
trump,PER
khamenei,PER
trump,PER
presiden,NOR
iran,GPE
ali khamenei,PER
umat syiah,REG
nabi muhammad,REG
pemimpin tertinggi iran,NOR
ayatollah sayyed ali khamenei,PER
nabi muhammad saw,REG
islam,REG
syiah,REG
khamenei,PER
iran,GPE
khamenei,PER
imam husain as,PER
imam zainul abidin,PER
ahlul bait keluarga,REG
nabi muhammad saw,REG
khamenei,PER
sayyed,PER
nabi,REG
muslim syiah,REG
nabi,REG
bani hasyim,REG
khamenei,PER
syiah daily times,ORG
nabi muhammad,REG
agama,REG
islam,REG
muslim,REG
nabi,REG
muhammad,REG
ali khamenei,PER
muslim,REG
sunnisyiah,REG
pemimpin tertinggi iran,NOR
ayatollah ali khamenei,PER
umat islam,REG
iran,GPE
tehran times,ORG
persatuan syiah sunni,NOR
islam,REG
khamenei,EVT
ulama,EVT
imam,NOR
sekolah aliran sunni wilayah,NOR
iran,GPE
pekan persatuan,EVT
islam,REG
maulid,REG
nabi,EVT
muhammad saw,REG
umat islam,REG
ali khamenei,PER
tehran,NOR
islam,REG
ali khamenei,PER
islam,REG
islam,REG
muslim,REG
muslim,REG
gaza,GPE
khamenei,REG
ulama,REG
sunni,REG
islam,REG
umat,REG
syiah,REG
sunni,REG
iran,GPE
khamenei,NOR
al,REG
quran,REG
syiah,REG
sunni,REG
sunni,REG
sunni,REG
ulama,REG
sunni,REG
revolusi khamenei,REG
gaza,NOR
palestina,GPE
umat,REG
islam,REG
tuhan,REG
ulama,REG
sunni,REG
mawlavi,NOR
abdulrahman,REG
chabahari,REG
provinsi,REG
sistan,REG
abdulrahim,REG
khatibi,REG
provinsi,REG
hormozgan,REG
abdulsalam,REG
imami,REG
provinsi,REG
azerbaijan,GPE
barat,NOR
republik,GPE
islam,REG
iran,GPE
khamenei,EVT
sunni,REG
sunni,REG
ulama,REG
israel,GPE
teheran,GPE
iran,GPE
ali khamenei,PER
israel,GPE
iran,GPE
pemimpin tertinggi ayatollah,NOR
ali khamenei,PER
teheran,GPE
timur,GPE
tenggara,LOC
teheran,GPE
israel,GPE
iran,GPE
al,GPE
jazeera,ORG
iran,GPE
teheran,GPE
israel,GPE
pemimpin tertinggi iran,NOR
ayatollah ali khamenei,PER
presiden amerika serikat,NOR
donald trump,PER
amerika,GPE
bangsa,NOR
iran,GPE
bangsa,NOR
khamenei,PER
israel,GPE
iran,GPE
rudal,PRD
iran,GPE
iran,GPE
rudal,PRD
israel,GPE
iranisrael,GPE
as,GPE
iran,GPE
ali khamenei,PER
amerika serikat,GPE
iran,GPE
aaron david miller,PER
pemimpin,NOR
iran,NOR
ayatollah ali khamenei,PER
as,GPE
iran,GPE
khamenei,PER
as,GPE
jet pengebom b,PRD
khamenei,PER
miller,PER
carnegie endowment,ORG
perdamaian,NOR
as,GPE
iran,GPE
iran,GPE
us triliun,MON
nuklir,PRD
sembilan,CRD
israel,GPE
as,GPE
israel,GPE
iran,GPE
iran,GPE
rudal,PRD
amerika,GPE
teluk,PRD
negeri,PRD
israel,GPE
amerika,GPE
serikat yahudi,PRD
amerika,GPE
irak,GPE
suriah,GPE
iran,GPE
as,GPE
presiden,NOR
as,GPE
donald,PER
trump,PER
iran,GPE
iran,GPE
iran,GPE
trump,PER
amerika,GPE
serikat,PRD
israel,GPE
dunia,PRD
iran,GPE
trump,PER
trump,PER
khamenei,PER
israel,GPE
presiden amerika serikat as,NOR
donald trump,PER
iran,GPE
trump,PER
pemimpin tertinggi iran,NOR
ayatollah ali khamenei,PER
trump,PER
khamenei,PER
israel,GPE
halhal,PER
iran,GPE
trump,PER
the national,ORG
zohran mamdani,PER
jegal trump,PER
new,GPE
york,NOR
trump,PER
cnnnew york times,ORG
iranisrael,GPE
as,GPE
trump,PER
trump,PER
israel,GPE
amerika,GPE
iran,GPE
iran,GPE
rudal,PRD
pangkalan,NOR
as,GPE
qatar,GPE
iran,GPE
amerika,GPE
trump,PER
iran,GPE
fordow,NOR
trump,PER
iran,GPE
trump,PER
israel,GPE
iran,GPE
israel,GPE
israel,GPE
iran,GPE
ayatollah ali khamenei,PER
israel,GPE
iran,GPE
teheran,GPE
tel aviv,GPE
pemimpin tertinggi iran,NOR
ayatollah ali khamenei,PER
rapat teheran,EVT
ayatollah,PER
ali khamenei,PER
israel,GPE
teheran,GPE
iran,GPE
international,ORG
ali khamenei,PER
mojtaba,ORG
bunker jam,PRD
israel,GPE
teheran,GPE
iran,GPE
iran,GPE
operasi true promise true promise,EVT
mojtaba,PER
ali khamenei,PER
masoud mostafa,PER
operasi true promise,EVT
iran,GPE
israel,GPE
april,DAT
rudal drone,PRD
israel,GPE
jenderal iran,NOR
israel,GPE
oktober,NOR
israel,GPE
pemimpin,NOR
hizbullah,NOR
hassan,PER
israel,GPE
israel,GPE
masshad,NOR
iran,GPE
israel,GPE
ali,PER
khamenei,NOR
israel,GPE
pemimpin,NOR
iran,GPE
tel,ORG
aviv,GPE
ali,PER
khamenei,NOR
iran,GPE
uranium,NOR
presiden,NOR
amerika,GPE
serikat,NOR
donald,PER
trump,PER
putih,NOR
perdana,NOR
menteri,NOR
benjamin,PER
netanyahu,NOR
ali,PER
khamenei,PER
israel,GPE
pemimpin,NOR
iran,GPE
as,GPE
presiden,NOR
trump,PER
israel,GPE
perdana,NOR
menteri,NOR
benjamin,PER
netanyahu,NOR
trump,PER
israel,GPE
khamenei,NOR
netanyahu,PER
fox,NOR
news,ORG
amerika,GPE
serikat,NOR
amerika,GPE
serikat,NOR
pakistan,GPE
humaira asghar ali pintu,PER
september,DAT
bantah,PER
humaira,PER
asghar ali,PER
karachi,GPE
pakistan,GPE
polisi,NOR
ali,PER
humaira,PER
polisi,NOR
pakistan,GPE
humaira,PER
humaira asghar ali,PER
pakistan,GPE
humaira asghar ali,PER
humaira,PER
ali,PER
pakistan,GPE
humaira,PER
asghar,PER
ali,PER
bantah,PER
polisi,NOR
humaira,PER
asghar,PER
ali,PER
karachi,PER
pakistan,GPE
polisi,NOR
humaira,PER
polisi,NOR
humaira,PER
humaira,PER
ali,PER
oktober,PER
sembilan,CRD
humaira,PER
polisi,NOR
enam,CRD
september,PER
humaira,PER
humaira,PER
september,PER
september,PER
instagram,PER
september,PER
september,PER
cdr,PER
oktober,PER
wakil,NOR
inspektur,NOR
polisi,NOR
syed,PER
asad,PER
raza,PER
arab,GPE
news,PER
humaira,PER
humaira,PER
ali,PER
naveed,PER
asghar,GPE
kakak,PER
humaira,PER
bibi,PER
naveer,PER
asghari,GPE
arab,GPE
news,PER
karachi,PER
asghar,GPE
humaira,PER
asghar,PER
ali,PER
lahore,PER
pakistan,GPE
naveer,PER
asghar,PER
kepolisian,NOR
humaira,PER
asghar,PER
ali,PER
polisi,NOR
naveed,PER
asghar,PER
ali khamenei,PER
israel,GPE
as,GPE
pemimpin tertinggi iran,NOR
ayatollah ali khamenei,PER
israel,GPE
amerika serikat,GPE
iran,GPE
khamenei,PER
israel,GPE
iran,GPE
zionis,GPE
republik,GPE
islam,NOR
khamenei,GPE
as,GPE
iran,GPE
zionis,GPE
israel,GPE
israel,GPE
nuklir,NOR
iran,GPE
iran,GPE
negeri,GPE
mullah,GPE
rudal jarak,PRD
israel,GPE
kota,GPE
tel aviv,GPE
promise iii,EVT
rudalrudal iran,PRD
israel,GPE
israel,GPE
iran,GPE
amerika serikat,GPE
donald,PER
trump,NOR
iran,GPE
amerika,GPE
serikat,GPE
qatar,GPE
pesawat,PRD
pesawat,PRD
iran,GPE
iran,GPE
rudalnya,PRD
amerika,GPE
serikat,GPE
armada,ORG
sam,ORG
amerika,GPE
israel,GPE
iran,GPE
israel,GPE
iran,GPE
pemimpin iran,NOR
trump,PER
pemimpin tertinggi iran,NOR
mojtaba khamenei,PER
perang amerika serikat israel,EVT
khamenei,PER
amerika serikat,GPE
iran,GPE
khamenei,PER
teluk selat hormuz,LOC
iran,GPE
amerika,GPE
israel,GPE
amerika serikat,GPE
teluk persia,LOC
selat hormuz khamenei,LOC
televisi,NOR
pemerintah iran,NOR
gambasvideo,PER
khamenei,NOR
teheran,GPE
kawasan,LOC
teluk persia,LOC
khamenei,GPE
selat hormuz,LOC
teluk,NOR
persia,GPE
pemimpin,NOR
ali,PER
asisrael,NOR
februari,NOR
khamenei,PER
lembaga,NOR
pemerintah,NOR
iran,GPE
as,GPE
iran,GPE
olokolok,PER
trump,PER
perpanjang,NOR
pentagon,NOR
as,GPE
iran,GPE
rp,NOR
as,GPE
trump,PER
iran,GPE
azim,GPE
iran,GPE
rudal,LOC
pemimpin,NOR
ayatollah,PER
ali,PER
khamenei,PER
mojtaba,NOR
iran,GPE
mojtaba,NOR
iran,GPE
international,NOR
pemimpin tertinggi iran,NOR
mojtaba,PER
pemimpin,NOR
iran,NOR
mojtaba khamenei,PER
mojtaba khamenei,NOR
pemimpin tertinggi iran,NOR
ayatollah ali khamenei,PER
amerika,GPE
serikat,NOR
israel,GPE
asisrael,NOR
khamenei,GPE
televisi,NOR
iran,GPE
khamenei,GPE
amerika serikat,GPE
iran,GPE
khamenei,PER
teluk selat hormuz,LOC
iran,GPE
amerika,EVT
israel,GPE
februari,DAT
amerika,GPE
teluk,GPE
persia,GPE
selat,GPE
hormuz,GPE
pemerintah,NOR
iran,GPE
khamenei,GPE
teheran,GPE
teluk,GPE
persia,GPE
khamenei,GPE
arab,GPE
timur,NOR
pangkalan,NOR
as,GPE
amerika,GPE
as,GPE
timur,NOR
iran,GPE
februari,GPE
asisrael,ORG
teheran,GPE
pangkalanpangkalan,NOR
as,GPE
amerika,GPE
teluk,NOR
persia,GPE
al,ORG
jazeera,GPE
amerika,GPE
amerika,GPE
as,GPE
trump,PER
iran,GPE
iran,GPE
trump,PER
as,GPE
jerman,GPE
trump,PER
iran,GPE
khamenei,PER
pemerintah,NOR
iran,GPE
al,ORG
jazeera,ORG
israel,GPE
amerika,GPE
iran,GPE
iran,GPE
pemimpin,NOR
amerika,GPE
asisrael,ORG
pemimpin tertinggi iran sindir arab,NOR
pangkalan boneka,NOR
as,GPE
pemimpin tertinggi iran,NOR
mojtaba khamenei,PER
negaranegara,NOR
arab,GPE
amerika serikat,GPE
pangkalanpangkalan,LOC
amerika,GPE
stasiun televisi iran advertisement,ORG
mojtaba khamenei,NOR
as timur,GPE
asisrael,NOR
iran,GPE
februari,DAT
asisrael,NOR
teheran,GPE
pangkalanpangkalan,LOC
as,GPE
amerika,GPE
teluk,GPE
persia,LOC
kawasan,LOC
mojtaba khamenei al jazeera pangkalanpangkalan,LOC
amerika,GPE
amerika,GPE
khamenei,GPE
teheran,GPE
teluk,GPE
persia,GPE
selat,NOR
hormuz,LOC
teluk,GPE
persia,NOR
khamenei,GPE
pemimpin,NOR
ayatollah,PER
ali,PER
khamenei,NOR
asisrael,NOR
februari,GPE
lembaga,NOR
pemerintah,NOR
iran,GPE
khamenei,NOR
as,GPE
trump,PER
kepemimpinan iran,NOR
kolaps teheran iran,NOR
amerika,GPE
serikat,NOR
donald trump,PER
teheran,GPE
kolaps,NOR
iran,GPE
tasnim,PER
wakil ketua komite keamanan nasional parlemen iran,NOR
pemimpin,NOR
mojtaba khamenei,PER
tansim,ORG
mojtaba khamenei,PER
ketua parlemen,NOR
mohammad baqer ghalibaf,PER
ghalibaf,EVT
iran,GPE
ghalibaf,PER
donald trump,PER
pemimpin iran,NOR
ghalibaf,PER
ultimatum,LAW
as,GPE
iran,GPE
iran,GPE
mojtaba,NOR
pemimpin,NOR
iran,GPE
ali,PER
khamenei,NOR
asisrael,NOR
februari,NOR
asisrael,NOR
trump,PER
iran,GPE
kolaps,NOR
trump,PER
iran,GPE
amerika,GPE
serikat,NOR
hormuz,PER
iran,GPE
trump,PER
truth,PER
jeddah,GPE
bahas,NOR
kanselir,NOR
jerman,GPE
as,GPE
iran,GPE
malay,NOR
center,NOR
pm,NOR
ri,GPE
trump,PER
iran,GPE
islamabad,GPE
pakistan,GPE
trump,PER
iran,GPE
as,GPE
teheran,GPE
februari,DAT
as,GPE
iran,GPE
war,NOR
powers,PER
act,ORG
as,GPE
presiden,NOR
trump,PER
mei,PER
kongres,NOR
iran,GPE
powers,PER
presiden,NOR
as,GPE
perang,EVT
kongres,NOR
uu,EVT
presiden,NOR
as,GPE
petinggi irak,NOR
khamenei,PER
pemimpin syuhada pemimpin irak ulama,NOR
moqtada alsadr,PER
pemimpin tertinggi iran,NOR
ayatollah ali khamenei,PER
amerika,GPE
serikat,NOR
israel,GPE
the coordination framework,ORG
aliansi pemerintahan kelompokkelompok syiah,NOR
ayatollah,PER
ali khamenei,PER
pemimpin syuhada,NOR
khamenei,PER
zionis,ORG
alsadr,PER
islam,REG
iran,GPE
pemerintah fars,NOR
pemimpin tertinggi,NOR
ayatollah ali khamenei,PER
khamenei,NOR
militer,NOR
amerika,GPE
serikat,NOR
asisrael,PER
wilayah iran,NOR
semi,PER
pemerintah iran,NOR
fars al jazeera,NOR
pemerintahan iran,NOR
tujuh,CRD
nasional,NOR
fars,NOR
stasiun televisi,NOR
pemerintah iran,NOR
ali,PER
khamenei,NOR
asisrael,PER
iran,NOR
pemimpin,NOR
iran,NOR
syahid,PER
khamenei,PER
presiden iran ancam,NOR
israelamerika,GPE
serikat,NOR
presiden iran,NOR
masoud pezeshkian,PER
ayatollah,PER
ali khamenei,PER
amerika serikat,GPE
israel,GPE
khamenei,PER
khamenei,PER
islam,REG
syiah,NOR
amerikazionis,GPE
islam,REG
syiah,REG
amerikazionis,GPE
pezeshkian,PER
al jazeera,NOR
presiden iran,NOR
umat islam rakyat bebas,NOR
teheran,GPE
komandan,NOR
islam,REG
komandan,NOR
tujuh,CRD
nasional,NOR
khamenei,PER
iran,GPE
ali,PER
shamkhani,NOR
panglima,NOR
irgc,PER
mohammad,PER
pakpour,NOR
iran,GPE
khamenei,NOR
iran,GPE
asisrael,NOR
khamenei,PER
serang,NOR
pangkalan,NOR
iran,GPE
pemerintah,NOR
fars,NOR
pemimpin,NOR
ayatollah,PER
ali,PER
khamenei,PER
amerika,GPE
serikat,GPE
asisrael,NOR
iran,GPE
pemerintah,NOR
iran,GPE
fars,NOR
jazeeramelaporkan,PER
pemerintahan,NOR
iran,GPE
tujuh,CRD
nasional,NOR
fars,PER
stasiun,ORG
pemerintah,NOR
iran,GPE
ali,PER
khamenei,PER
asisrael,NOR
iran,GPE
pemimpin,NOR
iran,GPE
syahid,NOR
pemimpin tertinggi iran,NOR
ali khamenei,PER
pemimpin,NOR
ayatollah ali khamenei,PER
iran,GPE
negaranegara barat,NOR
israel,GPE
khamenei,PER
kongres,NOR
nasional martir,ORG
provinsi,NOR
kohgiluyeh,PER
boyer,PER
ahmad,PER
khamenei,PER
mehr news syuhada,ORG
iran,GPE
saddam hussein,PER
khamenei,GPE
iran,GPE
amerika,GPE
inggris,GPE
zionis,NOR
israel,GPE
pemerintah,NOR
kepala,NOR
departemen,NOR
korps,NOR
garda,ORG
revolusi,NOR
islam,REG
irgc,PER
ali,PER
mohammad,NOR
naeini,PER
iran,GPE
mehr,ORG
news,ORG
haniyeh,PER
teheran,GPE
komandan,NOR
hizbullah,PER
lebanon,GPE
mohammad,PER
reza,PER
zahedi,NOR
damaskus,GPE
rezim,NOR
zionis,GPE
haniyeh,PER
teheran,NOR
syiah sunni,NOR
iran,GPE
israel,GPE
haniyeh,PER
amerika,GPE
serikat,NOR
as,GPE
rezim zionis,NOR
hamas,GPE
iran,GPE
israel,GPE
as,GPE
iran,GPE
jemaah haji pasuruan gowa,NOR
madinah,REG
haji ri jemaah haji ri,NOR
madinah,NOR
arab,GPE
saudi,NOR
jemaah pasuruan jawa timur jatim gowa,NOR
sulawesi selatan sulsel,GPE
surabaya,GPE
haji pasuruan kamariyah,ORG
ketua,NOR
ppih,ORG
embarkasi,NOR
surabaya,ORG
asadul,PER
kloter,ORG
surabaya,GPE
kamariyah,PER
asrama,FAC
haji,ORG
embarkasi,NOR
sukolilo,FAC
surabaya,NOR
jemaah haji sumenep,NOR
panitia,NOR
otoritas,ORG
pemerintah,NOR
arab saudi,ORG
ppih,ORG
jemaah,REG
surabaya,ORG
jemaah,REG
rs,ORG
surabaya,ORG
rs,ORG
jemaah,REG
rs,ORG
surabaya,GPE
jemaah,REG
gambasyoutube,ORG
makassar,GPE
makassar,GPE
gowa sulawesi selatan,ORG
sijarra,ORG
madinah arab saudi,ORG
madinah,ORG
ketua,NOR
muhammad,PER
otoritas,ORG
jemaah,REG
sepsis,ORG
masjid,REG
arab saudi,ORG
madinah arab saudi,ORG
salat,REG
kepala,NOR
kementerian,NOR
kabupaten,GPE
gowa,ORG
ali,PER
bahri,ORG
allah,REG
swt,ORG
ali,PER
khamenei,PER
asisrael media iran,NOR
tasnim,PER
fars news agency,ORG
pemimpin tertinggi iran,NOR
ayatollah,PER
ali khamenei i,PER
amerika serikat,GPE
israel,GPE
teheran,NOR
al jazeera media,ORG
korps garda,ORG
revolusi islam irgc,NOR
iran,GPE
tasnim fars,PER
khamenei,PER
presiden amerika serikat,NOR
donald trump,PER
truth social,PRD
khamenei,PER
washington,GPE
israel,GPE
teheran,GPE
ali khamenei,PER
iran,GPE
trump,PER
perdana menteri israel,NOR
benjamin netanyahu,PER
khamenei,PER
trump,PER
al,ORG
konstitusi iran,NOR
pemimpin,NOR
dewan,NOR
presiden,NOR
iran,GPE
kepala,NOR
dewan,NOR
garda,ORG
guardian,ORG
council,NOR
dewan,NOR
pemerintahan,NOR
majelis,NOR
of,NOR
experts,NOR
pemimpin,NOR
al jazeera,NOR
ali,PER
sekretaris,NOR
dewan,NOR
iran,GPE
khamenei,PER
iran,GPE
dinamika,NOR
timur,NOR
lengkap,PER
khamenei,PER
pemimpin hamas,NOR
haniyeh,PER
pemimpin tertinggi iran,NOR
ayatollah ali khamenei,PER
israel,GPE
pemimpin biro politik hamas,NOR
ismail haniyeh khamenei,PER
ismail haniyeh,PER
hamas mujahid,NOR
palestina,GPE
zionis,NOR
iran,GPE
teheran,GPE
rezim zionis,NOR
khamenei,PER
khamenei,PER
haniyeh,PER
haniyeh,PER
israel,GPE
haniyeh,PER
jalan haniyeh,LOC
tuhan,REG
tuhan,REG
khamenei,PER
republik islam,NOR
khamenei,PER
khamenei,PER
umat,REG
islam,REG
front,NOR
palestina,GPE
haniyeh,PER
tuhan,REG
khamenei,PER
ismail,PER
haniyeh,PER
teheran,GPE
hamas,GPE
israel,GPE
iran,GPE
haniyeh,PER
iran,GPE
lebanon,GPE
al,PER
iran,GPE
iran,GPE
haniyeh,PER
utara,NOR
teheran,GPE
iran,GPE
presiden,NOR
iran,GPE
masoud,PER
khamenei,PER
ismail,PER
haniyeh,PER
biro,NOR
hamas,GPE
khaled,GPE
mashal,PER
haniyeh,PER
perdana,NOR
menteri,NOR
palestina,GPE
hamas,GPE
pemilu,NOR
parlemen,NOR
haniyeh,PER
turki,GPE
qatar,GPE
hamas,GPE
israel,GPE
palestina,GPE
haniyeh,PER
israel,GPE
april,PER
haniyeh,PER
israel,GPE
israel,GPE
haniyeh,PER
iran,GPE
haniyeh,PER
iran,GPE
khamenei,PER
asisrael media iran,NOR
tasnim,PER
fars news agency,ORG
pemimpin tertinggi iran,NOR
ayatollah ali khamenei,PER
amerika serikat,GPE
israel,GPE
teheran,GPE
jazeera,ORG
khamenei,PER
presiden as,NOR
donald trump,PER
truth social,PRD
khamenei,PER
washington,GPE
israel,GPE
teheran,GPE
ali khamenei,PER
iran,GPE
iran,GPE
trump,PER
truth social,PRD
perdana menteri israel,NOR
benjamin netanyahu,PER
khamenei,PER
trump,PER
iran,GPE
khamenei,PER
iran,GPE
ayatollah ali khamenei,PER
majelis ahli iran,NOR
ali moalemi,PER
majelis,NOR
khamenei,PER
moalemi,PER
al jazeera,ORG
majelis ahli iran,NOR
pemimpin,NOR
iran,NOR
khamenei gambasvideo,PER
khamenei,PER
iran,GPE
israel,GPE
as,GPE
iran,NOR
ulama,PER
ayatollah,PER
alireza,PER
arafi,PER
dewan,NOR
pemimpin,NOR
khamenei,ORG
cbs,ORG
iran isna,NOR
arafi,PER
presiden iran,NOR
masoud,PER
kepala,NOR
gholamhossein,PER
mohseni,PER
ejei,PER
dewan,NOR
x khamenei,PER
trump,PER
pemimpin tertinggi iran,NOR
ayatollah ali khamenei,PER
presiden amerika serikat,NOR
donald trump,PER
khamenei,PER
persia,GPE
khamenei,PER
amerika serikat,GPE
haider,NOR
islam,REG
imam,PER
ali bin abi thalib,PER
khamenei,PER
khamenei,PER
khamenei,PER
iran,GPE
agama,NOR
donald,PER
trump,PER
konfrontatif,NOR
khamenei,PER
iran,GPE
trump,PER
as,GPE
israel,GPE
khamenei,NOR
khamenei,PER
iran,GPE
amerika,GPE
khamenei,PER
trump,PER
trump,PER
khamenei,PER
iran,GPE
timur,NOR
trump,PER
trump,PER
garda,NOR
revolusi,NOR
irgc,PER
kepolisian,NOR
iran,GPE
republik,GPE
islam,REG
khamenei,PER
iran,GPE
pemimpin,NOR
iran,GPE
ayatollah ali khamenei,PER
israel,GPE
amerika serikat,GPE
khamenei,PER
iran,GPE
israel,GPE
as,GPE
iran,NOR
ulama,ORG
ayatollah,PER
alireza arafi,PER
dewan kepemimpinan,NOR
khamenei,PER
mahasiswa iran,NOR
isna arafi,PER
presiden iran,NOR
masoud pezeshkian,PER
kepala kehakiman,NOR
gholamhossein mohseni,PER
dewan kepemimpinan iran,NOR
khamenei,PER
iran,GPE
badan ulama,NOR
majelis,NOR
assembly,ORG
of,NOR
expert,ORG
badan,NOR
delapan,CRD
majelis,NOR
dewan,NOR
guardian council,NOR
badan pengawas,NOR
al jazeera,NOR
majelis,NOR
konstitusi iran,NOR
lakilaki,PER
ulama,NOR
moral,NOR
republik islam,NOR
yurisprudensi,PER
islam syiah,NOR
administrasi,NOR
khamenei,NOR
khamenei israel ultimatum,NOR
hizbullah,PER
iran,NOR
kilang minyak,NOR
timteng,ORG
saudi,NOR
tembak,NOR
jet,PER
as,NOR
rudal,ORG
kuwait republik islam iran,NOR
pemimpin,NOR
revolusi islam,NOR
ayatollah,PER
ruhollah,PER
khomeini,PER
kepimpinan,ORG
pasal,ORG
konstitusi iran,NOR
dewan,NOR
pemimpin,NOR
dewan,NOR
presiden,NOR
masoud,PER
ketua,NOR
mahkamah agung,NOR
gholam,PER
hossein,NOR
mohseni,PER
ejei,PER
ulama,NOR
dewan,NOR
konstitusi,NOR
ayatollah,PER
alireza,PER
arafi,NOR
dewan,NOR
konstitusi,NOR
negara,NOR
majelis,NOR
pemimpin,NOR
kepala keamanan iran,NOR
khamenei,PER
ali,PER
transisi,NOR
garda revolusi iran,NOR
korps garda revolusi iran irgc,NOR
republik,GPE
islam iran,NOR
iran,GPE
fars news,ORG
irgc,ORG
amerika,GPE
irgc,ORG
pemimpin tertinggi iran,NOR
ayatollah,PER
ali khamenei,PER
amerika serikat,GPE
israel,GPE
teheran,GPE
irgc far news,ORG
khamenei,PER
khamenei,PER
pemimpin as,NOR
israel,GPE
iran,GPE
irgc,NOR
ruhollah khomeini,PER
militer revolusi islam irgc,NOR
republik islam,NOR
bersenjata,NOR
iran,GPE
negara,NOR
iran,GPE
tujuh,CRD
libur,PER
khamenei,PER
perdana,NOR
menteri,NOR
israel,GPE
benjamin,PER
netanyahu,PER
presiden as,NOR
donald,PER
trump,PER
khamenei,PER
iran,NOR
ali khamenei,PER
iran,NOR
negara,NOR
iran,NOR
negara,NOR
trump unggahannya,PER
sosial,NOR
social,PER
khamenei,PER
israelas,GPE
pemimpin tertinggi iran,NOR
ayatollah ali khamenei,PER
amerika serikat,GPE
israel,GPE
pemerintah iran,NOR
tasnim,ORG
khamenei,PER
mansoureh,PER
khojasteh bagherzadeh,PER
mansoureh,PER
asisrael anadolu agency,ORG
khamenei,PER
as,GPE
israel,GPE
iran,NOR
khamenei,PER
khamenei,PER
menteri pertahanan panglima pasukan garda revolusi islam iran,NOR
asisrael,ORG
operasi,EVT
iran,GPE
iran,GPE
israel,GPE
pangkalan,ORG
as,GPE
timur,ORG
iran,GPE
khamenei,PER
asisrael kedutaan kedubes iran jakarta indonesia,NOR
tertinggi,NOR
ayatollah ali khamenei,PER
amerika,GPE
serikatisrael,NOR
teheran,GPE
kedubes,NOR
iran,GPE
khamenei,PER
ayatollah,PER
sayyid ali khamenei,PER
pemimpin,NOR
revolusi islam iran,NOR
iran,GPE
pemerintah lembaga penyiaran republik islam iran,NOR
khamenei,PER
israel,GPE
as,GPE
khamenei,PER
kedubes,LOC
iran,GPE
jakarta,GPE
asisrael,NOR
ramadan,REG
sekolahsekolah,NOR
sekolah,NOR
kabupaten,NOR
iran,GPE
as,GPE
israel,GPE
wilayah iran,NOR
khamenei,NOR
menteri pertahanan iran,NOR
amir,NOR
komandan,NOR
angkatan,NOR
korps iran,NOR
irgc,PER
mohammed,PER
pakpour,NOR
asisrael iran,NOR
khamenei,NOR
garda revolusi,NOR
iran,GPE
pangkalan,NOR
as,GPE
timur,NOR
pertahanan,NOR
israel,GPE
khamenei,PER
iran,GPE
israel,GPE
hamas,NOR
pemimpin tertinggi iran,NOR
ayatollah ali khamenei,PER
israel,GPE
teheran,GPE
pemimpin,NOR
hamas,NOR
ismail haniyeh,PER
teheran,NOR
iran,GPE
pasukan garda revolusi militer,NOR
khamenei,PER
rapat,EVT
dewan keamanan tertinggi nasional,NOR
new york times,ORG
haniyeh khamenei,PER
rudal teheran,PRD
israel,GPE
iran,GPE
irna khamenei,PER
negeri zionis,NOR
haniyeh,PER
iran,GPE
haniyeh,PER
pemimpin hamas,NOR
milisi palestina,NOR
iran,GPE
khamenei,PER
presiden,NOR
iran,GPE
masoud,PER
rezim zionis,NOR
haniyeh,PER
iran,GPE
khamenei,PER
media,NOR
iran,GPE
irna,PER
khameneijuga,PER
israel,GPE
haniyeh,PER
iran,GPE
republik,GPE
islam,NOR
iran,GPE
khamenei,PER
al,NOR
jazeera,PER
ismail,PER
haniyeh,PER
teheran,GPE
hamas,NOR
israel,GPE
iran,GPE
haniyeh,PER
berpemandu udara,NOR
iran,GPE
lebanon,GPE
al,NOR
mayadeen,PER
rudal,NOR
iran,GPE
iran,GPE
hamas,NOR
ismail,PER
haniyeh,PER
israel,GPE
syok,PER
iran,GPE
israel,GPE
hamas,NOR
komandan,NOR
hizbullah,NOR
houthi,NOR
haniyeh hamas,NOR
israel,GPE
haniyeh,NOR
utara,NOR
teheran,GPE
ismail,PER
haniyeh,NOR
kepala,NOR
biro,NOR
hamas,NOR
khaled,NOR
meshaal,NOR
haniyeh,NOR
perdana,NOR
menteri,NOR
palestina,GPE
hamas,GPE
pemilu,NOR
parlemen,NOR
haniyeh,PER
turki,GPE
qatar,GPE
hamas,NOR
agresi,NOR
israel,GPE
palestina,GPE
haniyeh,PER
april,PER
haniyeh,NOR
israel,GPE
iran,GPE
upacara pemakaman khamenei,EVT
pemerintah iran,NOR
ayatollah,PER
ali khamenei,PER
israel,GPE
amerika serikat,GPE
gmt umat,ORG
islam,NOR
masjid,FAC
agung,LOC
imam khamenei,PER
teheran,GPE
irna,PER
dewan koordinasi pembangunan islam iran,NOR
khamenei,PER
asisrael,NOR
iran,GPE
israel,GPE
pangkalanpangkalan militer,NOR
as,GPE
timur,NOR
teluk,NOR
uni emirat arab arab saudi kuwait,GPE
qatar,GPE
bahrain irak,GPE
iran,GPE
khamenei,PER
iran,GPE
israel,GPE
as,GPE
iran,GPE
ulama,REG
ayatollah,NOR
alireza,PER
arafi,PER
dewan,NOR
pemimpin,NOR
khamenei,PER
komandan,NOR
iran,GPE
ali,PER
amerika,GPE
serikat,NOR
israel,GPE
iran,GPE
as,GPE
israel,GPE
iran,GPE
perang,NOR
pemerintah,NOR
iran,GPE
israel,GPE
as,GPE
iran,GPE
amerika,GPE
serikat,NOR
iran,GPE
x al,NOR
arabiya,GPE
khamenei,PER
asisrael iran,NOR
iran,NOR
ayatollah,PER
ali khamenei,PER
amerika serikatisrael,GPE
pemerintah iran,NOR
fars al jazeera,PER
pemerintahan iran,NOR
tujuh,CRD
fars,ORG
khamenei,PER
televisi pemerintah iran,NOR
pemimpin tertinggi iran,NOR
pemerintah iran,NOR
presiden amerika serikat,NOR
donald trump,PER
menteri,NOR
benjamin netanyahu,PER
khamenei,PER
ali khamenei,PER
iran,GPE
trump,PER
asisrael,NOR
khamenei,PER
khamenei,PER
menteri pertahanan,NOR
iran,GPE
amir,NOR
komandan,NOR
angkatan,NOR
korps iran irgc,NOR
mohammed,PER
pakpour,NOR
asisrael,NOR
iran,NOR
trump,PER
netanyahu,PER
negara,NOR
netanyahu,NOR
israel,GPE
bos keamanan iran,NOR
ali larijani,PER
perdana menteri israel,NOR
benjamin netanyahu,PER
israel,GPE
sekretaris dewan keamanan tertinggi iran,NOR
ali larijani,PER
larijani netanyahu,PER
israel,GPE
komandan pasukan basij iran,NOR
gholamreza soleimani,PER
ali larijani,PER
ali larijani,PER
garda revolusi irgc,NOR
iran,GPE
advertisement,ORG
basij,PER
soleimani,PER
teheran,GPE
iran,GPE
pesawat angkatan udara drone,PRD
netanyahu,PER
larijani,PER
pemimpin,NOR
iran,NOR
mojtaba,PER
khamenei,PER
menteri pertahanan israel,NOR
israel,GPE
katz,PER
israel,GPE
israel,GPE
idf,PER
larijani,PER
iran,NOR
netanyahu,PER
ali larijani,PER
iran,NOR
iran,NOR
netanyahu,PER
as,GPE
mojtaba khamenei,PER
menteri pertahanan amerika serikat,NOR
pete hegseth,PER
pemimpin tertinggi iran mojtaba,NOR
khaemeni,PER
hegseth mojtaba,PER
iran,GPE
mojtaba khamenei,PER
pemerintah,NOR
iran,GPE
mojtaba khamenei,PER
pemimpin iran,NOR
ayatollah ali khamenei,PER
mojtaba,NOR
selat hormuz,LOC
pangkalan,FAC
as,LOC
iran,GPE
hegseth,PER
hegseth,ORG
mojtaba,ORG
iran,GPE
iran,GPE
pemimpin,NOR
mojtaba,NOR
iran,GPE
hormuz,PER
iran,GPE
pangkalan,ORG
as,GPE
timur,NOR
arab,GPE
selat,NOR
hormuz,PER
iran,GPE
mojtaba,NOR
majelis,NOR
mojtaba,NOR
iran,GPE
ulama,ORG
kali,ORG
kepemimpinan,NOR
ali,PER
khamenei,PER
ruhollah,ORG
khomeini,PER
september,ORG
kota,GPE
suci,NOR
mashhad,PER
iran,GPE
timur,NOR
mojtaba,NOR
enam,CRD
ali,PER
khamenei,PER
khamenei,PER
irak,GPE
pemerintah irak,NOR
pemimpin tertinggi iran,NOR
ayatollah ali khamenei,PER
al jazeera,NOR
irak,GPE
juru bicara pemerintah irak,NOR
bassem alawadi,PER
iran,GPE
islam,REG
khamenei,PER
iran,GPE
umat islam,REG
ulama mujahid,REG
grand ayatollah,PER
sayyid ali alhusseini alkhamenei,PER
konvensi internasional alawadi,EVT
teheran,GPE
irak,GPE
iran,GPE
iran,GPE
khamenei,PER
pemimpin tertinggi iran,NOR
ayatollah ali khamenei,PER
israel,GPE
amerika serikat as,GPE
pemerintah,NOR
iran,GPE
iran,GPE
tasnim mehr,PER
pemimpin,NOR
ali khamenei,PER
israel,GPE
khamenei,PER
menteri israel,NOR
benjamin netanyahu,PER
khamenei,PER
asisrael iran,NOR
advertisement,ORG
israel,GPE
as,GPE
as,GPE
pemimpin tertinggi iran,NOR
ayatollah ali khamenei,PER
masoud pezeshkian,PER
israel,GPE
amerika,GPE
serikat,NOR
israel,GPE
khamenei,PER
iran,GPE
netanyahu,NOR
pemimpin,NOR
iran,GPE
ali,PER
khamenei,PER
asisrael,NOR
iran,GPE
sederet,PER
timteng,NOR
provinsi,NOR
iran,GPE
amerika,GPE
serikat,NOR
as,GPE
israel,GPE
as,GPE
israel,GPE
sekolah,NOR
iran,GPE
sekolah,NOR
shajareh,PER
kota,GPE
minab,PER
provinsi,NOR
hormozgan selatan,NOR
tujuh,CRD
tasnim,NOR
fars,NOR
iran,GPE
sekolah,NOR
gedung,NOR
lapangan,NOR
iran,GPE
pangkalan,NOR
as,GPE
timur,NOR
khamenei,PER
as,GPE
iran,GPE
perundingan nuklir,EVT
amerika,GPE
serikat as,NOR
israel,GPE
ayatollah,PER
ali khamenei,PER
sekretaris dewan keamanan nasional iran,NOR
ali larijani,PER
as,GPE
khamenei,PER
amerika serikat,GPE
larijani,PER
larijani,PER
iran,GPE
as,GPE
negosiasi nuklir,EVT
as,GPE
iran,GPE
putaran,EVT
ketiga,ORD
pembicaraan nuklir,EVT
israel,GPE
as,GPE
negosiasi,NOR
as,GPE
presiden as,NOR
donald trump,PER
tentara as timur,NOR
america,GPE
first,ORG
israel,GPE
tentaratentara,NOR
amerika,GPE
israel,GPE
as,GPE
israel,GPE
iran,GPE
pemimpin,NOR
iran,GPE
ayatollah,ORG
ali,PER
khamenei,PER
menteri,NOR
aziz,PER
nasirzadeh,PER
sekolah,ORG
iran,GPE
pangkalanpangkalan,NOR
as,GPE
timur,NOR
teluk,NOR
arab,GPE
saudi,GPE
uni,NOR
emirat,GPE
arab,GPE
kuwait,GPE
bahrain,GPE
qatar,GPE
irak,GPE
iran,GPE
iran,GPE
teheran,GPE
iran,GPE
pemimpin,NOR
iran,GPE
presiden,NOR
iran,GPE
ketua,NOR
gholamhossein,PER
mohseniejei,NOR
pemerintahan,NOR
iran,GPE
hizbullah,NOR
lebanon,GPE
israel,GPE
idf,ORG
iran,GPE
pemimpin,NOR
khamenei,PER
trump,PER
as,GPE
khamenei,PER
iran,GPE
rudaw,NOR
irak,GPE
iran,GPE
pemimpin,NOR
konstitusi,NOR
pemilihan,EVT
republik,GPE
islam,NOR
iran,GPE
pemimpin,NOR
majelis,NOR
majelis,NOR
the,ORG
new,NOR
times,ORG
amerika,GPE
serikat,GPE
israel,GPE
iran,GPE
ali,PER
iran,GPE
republik,GPE
islam,NOR
asisrael iran,NOR
amerika serikat israel,GPE
al jazeera,ORG
sekolah dasar perempuan,ORG
provinsi,GPE
minab,ORG
bicara lembaga kemanusiaan,ORG
sabit merah,ORG
amerika serikat,GPE
israel,GPE
iran,GPE
provinsi,GPE
iran as,GPE
israel,GPE
iran,GPE
menteri pertahanan iran,NOR
amir hatami,PER
komandan angkatan bersenjata korps iran irgc,NOR
mohammed pakpour,PER
perdana menteri israel,NOR
benjamin netanyahu,PER
presiden amerika serikat,NOR
trump,PER
pemimpin tertinggi iran,NOR
ayatollah,PER
ali,PER
ali,PER
khamenei,PER
iran,GPE
trump,PER
israel,GPE
pemerintahan,NOR
tel,GPE
aviv,GPE
khamenei,PER
khamenei,PER
aviv,GPE
pemerintah,NOR
iran,GPE
menteri pertahanan iran,NOR
asisrael,NOR
menteri pertahanan iran,NOR
aziz nasirzadeh,PER
kepala staf angkatan darat,NOR
abdul rahim mousavi,PER
amerika serikat iran,GPE
irna,GPE
irna,NOR
al jazeera,PER
iran,GPE
khamenei,PER
ali shamkhani,PER
komandan tertinggi korps garda revolusi islam irgc,NOR
mohammad pakpour irna,PER
komandan angkatan bersenjata,NOR
amerika serikat as,GPE
israel,GPE
iran,GPE
nuklir,EVT
organisasi kemanusiaan sabit merah,ORG
iran,NOR
provinsi,GPE
iran,NOR
menteri pertahanan iran,NOR
amir,PER
komandan,NOR
angkatan,NOR
korps iran,NOR
irgc,PER
mohammed,PER
pakpour,NOR
china,GPE
asisrael,PER
serang iran,NOR
irak,NOR
khamenei,PER
pemimpin,NOR
syuhada,NOR
khamenei,PER
presiden iran,NOR
ancam,NOR
israelamerika serikat,NOR
perdana,NOR
menteri,NOR
israel,GPE
benjamin,PER
netanyahu,PER
presiden amerika serikat,NOR
trump,PER
pemimpin,NOR
iran,NOR
ayatollah,PER
ali,PER
khamenei,PER
ali,PER
khamenei,PER
iran,NOR
presiden,NOR
as,GPE
donald,PER
trump,PER
presiden amerika serikat,NOR
donald,PER
trump,PER
negeri,NOR
sam,PER
operasi,NOR
amerika,NOR
trump,PER
npr,NOR
khamenei israel,NOR
menhan komandan irgc iran,NOR
israel,GPE
iran,NOR
aziz nasirzadeh,PER
menteri pertahanan negara,NOR
ali shamkhani,PER
kepala dewan keamanan iran,NOR
mohammad pakpour,PER
komandan korps garda revolusi islam irgc,NOR
saleh asadi,PER
hossein jabal amelian reza mozaffarinia,PER
penghubung pertahanan,NOR
mohammed shirazi,PER
menteri negeri iran,NOR
abbas araghchi,PER
pimpinan senior iran,NOR
israel,NOR
pemimpin tertinggi iran,NOR
ali khamenei,PER
israel,GPE
khamenei,PER
israel,GPE
as,NOR
as,GPE
iran,NOR
pangkalan militer as timur,NOR
bahrain uni emirat arab qatar kuwait yordania,NOR
iran,GPE
larijani,PER
israel,GPE
iran,GPE
sekretaris dewan keamanan tertinggi iran,NOR
ali larijani,PER
tel aviv,GPE
israel,GPE
iran,GPE
tel aviv,GPE
hulu,PRD
ali larijani,PER
israel,GPE
iran,GPE
klaster,PRD
trump,PER
empati,CRD
trump,PER
china,GPE
trump,PER
joe kent,PER
iran,GPE
tel aviv,GPE
israel,GPE
perdana menteri israel,NOR
benjamin netanyahu,PER
israel,GPE
ali larijani,PER
netanyahu,ORG
israel,GPE
komandan,NOR
basij,ORG
iran,GPE
gholamreza,ORG
soleimani,ORG
ali,PER
ali,PER
garda,ORG
irgc,NOR
iran,GPE
komandan,NOR
basij,ORG
soleimani,NOR
teheran,GPE
iran,GPE
pesawat,PRD
angkatan,ORG
drone,ORG
netanyahu,ORG
israel,GPE
menewaaskan,NOR
alireza,PER
bayat,ORG
israel,GPE
iran,GPE
ali,PER
iran,GPE
pemimpin,NOR
iran,GPE
mojtaba,ORG
sekretaris,NOR
dewan,NOR
iran,GPE
pemimpin,NOR
ayatollah,ORG
ali,PER
iran,GPE
dewan,NOR
revolusi,ORG
iran,GPE
pejabat,NOR
iran,GPE
mojtaba khamenei,PER
pemimpin tertinggi iran,NOR
mojtaba khamenei,PER
amerika,GPE
serikat,NOR
asisrael,PER
februari,DAT
azim ebrahimpour,PER
senior iran,NOR
mojtaba,PER
pemimpin,NOR
ayatollah,PER
ali khamenei,PER
mojtaba,PER
ebrahimpour,PER
mojtaba,ORG
iran,GPE
media,ORG
mojtaba,PER
februari,DAT
mojtaba,PER
mojtaba,PER
perang,NOR
februari,PER
timur,NOR
ali,PER
khamenei,PER
timur,NOR
energi dunia sepekan,NOR
mojtaba,PER
iran terpilih,NOR
mojtaba,PER
israel,GPE
teheran,GPE
presiden dewan keamanan iran militer israel,NOR
teheran,GPE
iran,GPE
dewan keamanan nasional militer israel,NOR
iran,GPE
angkatan udara israel,NOR
iran,GPE
teheran,GPE
israel,GPE
dewan keamanan nasional tertinggi militer,NOR
israel,GPE
presiden iran,NOR
masoud pezeshkian,PER
iran,GPE
israel,GPE
gambasvideo,PER
pezeshkian,PER
iran,GPE
israelamerika,GPE
serikat,NOR
menhan iran,NOR
komandan irgc pemimpin tertinggi,NOR
ayatollah,PER
ali khamenei,PER
khamenei,PER
iran,GPE
israel,GPE
as,GPE
iran,GPE
ulama,PER
ayatollah,PER
alireza,PER
arafi,PER
dewan,NOR
pemimpin,NOR
khamenei,PER
israelas,GPE
netanyahu,PER
iran,GPE
perang,NOR
iran,GPE
khamenei,PER
cbs,NOR
iran,GPE
isna,NOR
arafi,PER
presiden,NOR
iran,GPE
masoud,NOR
gholamhossein,PER
mohseni,PER
dewan,NOR
majelis,NOR
iran,GPE
pemilihan,NOR
khamenei,PER
majelis,NOR
iran,GPE
lembaga,NOR
pemimpin,NOR
iran,GPE
trump,PER
iran,GPE
presiden amerika serikat,NOR
donald trump,PER
iran,GPE
negara,NOR
ayatollah,PER
ali khamenei trump,PER
korps angkatan bersenjata iran irgc polisi iran,NOR
as,NOR
trump,PER
al jazeera khamenei,PER
iran,GPE
trump,PER
perdana menteri israel,NOR
benjamin netanyahu khamanei,PER
pemerintah iran,NOR
iran,GPE
presiden as,NOR
perdamaian,NOR
timur,EVT
trump,PER
as,NOR
israel,GPE
iran,NOR
provinsi,NOR
sd,NOR
minab,PER
provinsi,NOR
hormozga,PER
menteri pertahanan iran,NOR
amir,NOR
komandan,NOR
angkatan,NOR
korps iran,NOR
irgc,PER
mohammed,PER
iran,GPE
ali shamkhani,PER
panglima irgc,NOR
mohammad pakpour,PER
pemerintah iran,NOR
amerika serikat,GPE
israel,GPE
teheran,GPE
iran,NOR
islamic republic news agency irna,ORG
ali shamkani,PER
pemimpin,NOR
iran,NOR
shamkhani,PER
ayatollah ali khemenei,PER
sekretaris dewan pertahanan iran,NOR
shamkhani irna,PER
panglima teringgi korps garda revolusi islam irgc,NOR
mohammad pakpour,PER
washington,GPE
israel,GPE
iran,GPE
khamenei,PER
shamkhani,PER
struktur komando,NOR
irgc,PER
kim jong un,PER
asisrael,EVT
iran,GPE
perang,ORG
korea,GPE
utara,ORG
kim jong un,PER
kim ju ae,PER
pemerintah korut,NOR
ju ae,PER
pistol mata,PRD
senjata,PRD
kim jong un,PER
amunisi,ORG
pistol senjata ringan,PRD
kim jong un,PER
kim ju ae,PER
jaket kulit serasi,PRD
kim jong un,PER
pistol,PRD
kim,PER
ju ae,PRD
takhta korut,NOR
kim ju ae,PER
ahli korut,ORG
universitas kyungnam,ORG
selatan lim,ORG
eul chul,ORG
pistol,PRD
pemimpin,NOR
kim,PER
ju,PRD
ae,PER
dunia,ORG
rudal,PRD
satusatunya,CRD
kim,PER
ju,ORG
ae,PER
nba,ORG
dennis,PER
rodman,ORG
korea,GPE
utara,ORG
kim,PER
ju,ORG
ae,ORG
korut,ORG
timur,ORG
amerika,GPE
serikat,ORG
israel,GPE
besarbesaran,ORG
iran,GPE
asisrael,ORG
pemimpin,NOR
iran,GPE
ayatollah,ORG
ali,PER
khamenei,ORG
khamenei,ORG
majelis,NOR
iran,GPE
mojtaba khamenei,ORG
ayatollah,ORG
ali,PER
khamenei,ORG
pemimpin,NOR
iran,GPE
korea,GPE
utara,ORG
mojtaba khamenei korut,ORG
as,GPE
israel,GPE
iran,GPE
rakyat,ORG
iran,GPE
pemimpin,NOR
iran,GPE
korut,PER
juru,ORG
kementerian,NOR
negeri,ORG
korea,GPE
utara,PRD
trump,PER
khamenei,PER
iran,GPE
presiden amerika serikat,NOR
donald trump,PER
pemimpin tertinggi iran,NOR
ayatollah ali khamenei,PER
as,GPE
israel,GPE
abc news,ORG
trump,PER
khamenei,PER
iran,GPE
iran,GPE
trump,PER
trump,PER
khamenei,PER
pemimpin,NOR
iran,GPE
trump,PER
abc news,ORG
jonathan karl gambasvideo trump,PER
iran,GPE
khamenei,PER
iran,GPE
khamenei,PER
trump,PER
as,GPE
iran,GPE
khamenei,PER
ogah,PER
as,GPE
drone,PER
iran,GPE
pangkalan,NOR
inggris,GPE
siprus,GPE
pemimpin,NOR
iran,GPE
kementerian kehakiman,NOR
as,GPE
trump,PER
pemilihan,NOR
presiden,NOR
pengadilan,NOR
iran,GPE
farhad,PER
trump,PER
as,GPE
rp m,MON
pemimpin,NOR
iran,NOR
amerika serikat,GPE
us juta,MON
rp miliar usrp,MON
militer intelijen iran,NOR
pemimpin,NOR
iran,NOR
mojtaba khamenei,PER
sembilan,CRD
islamic revolutionary guard corps irgc,ORG
departemen negeri as,NOR
irgc,NOR
pemerintahan ulama syiah,NOR
mojtaba khamenei,PER
ali khamenei,PER
amerika,GPE
serikat,NOR
israel,GPE
februari,DAT
perdana mojtaba,NOR
gambasvideo,LOC
pemimpin,NOR
iran,GPE
washington,GPE
ali,PER
menteri,NOR
intelijen,NOR
khatib,PER
menteri negeri,NOR
pemimpin,NOR
ali,PER
teheran,GPE
presiden,NOR
masoud,PER
menlu,NOR
abbas,PER
araqchi,NOR
trump,PER
putin,PER
iran,GPE
perangi,NOR
asisrael,NOR
prancis,GPE
ri,NOR
iran,GPE
hormu,PER
menteri pertahanan,NOR
as,GPE
pete,NOR
iran,GPE
tanah,NOR
departemen negeri,NOR
as,GPE
operasi,NOR
irgc,PER
irgc,NOR
terorisme,ORG
departemen negeri,NOR
as,GPE
komandan,NOR
irgc,PER
sekretaris,NOR
dewan pertahanan,NOR
iran,GPE
washington,GPE
irgc,PER
organisasi,NOR
as,GPE
teheran,GPE
presiden,NOR
donald,PER
trump,NOR
qassem,PER
soleimani,PER
iran,GPE
trump,PER
iran,GPE
khamenei,PER
presiden amerika serikat as,NOR
donald trump,PER
iran,GPE
pemimpin tertinggi iran,NOR
ayatollah ali khamenei,PER
trump,PER
cbs news,ORG
trump,PER
iran,GPE
as,GPE
israel,GPE
trump,PER
khamenei,PER
pemimpin,NOR
iran,GPE
israel,GPE
cbs,ORG
iran,GPE
trump,NOR
cbs news,ORG
iran,GPE
khamenei,PER
pemimpin dunia trump,NOR
iran,GPE
iran,GPE
rudal balistik,PRD
israel,GPE
as,GPE
timur,NOR
trump,PER
iran,GPE
trump,PER
as,GPE
israel,GPE
as,GPE
iran,GPE
rusia,GPE
israelas,GPE
iran,GPE
khamenei,PER
rusia,GPE
israel,GPE
amerika serikat,GPE
iran,GPE
ayatollah ali khamenei,PER
tel aviv,GPE
as,GPE
kementerian negeri rusia,NOR
israelas,GPE
iran,GPE
moskow,GPE
timur,GPE
israel,GPE
iran,GPE
khamenei,PER
khamenei,PER
perdana menteri israel,NOR
benjamin netanyahu,PER
presiden as,NOR
donald trump,PER
khamenei,PER
mediamedia,NOR
iran,GPE
rusia,GPE
israel,GPE
as,GPE
washington,GPE
tel aviv,GPE
kawasan timur,LOC
rusia,GPE
timur,GPE
ketua,NOR
dewan,NOR
rusia,GPE
dmitry,GPE
presiden,NOR
donald,PER
trump,PER
as,GPE
iran,GPE
washington,GPE
persia,GPE
iran,GPE
medvedev,GPE
as,GPE
kekaisaran,GPE
persia,GPE
trump,PER
as,GPE
khamenei iran,PER
donald trump,PER
amerika serikat,GPE
pemimpin tertinggi iran,NOR
ayatollah ali khamenei,PER
asisrael,ORG
abc news trump,ORG
as,GPE
khamenei,PER
pemimpin iran,NOR
trump,PER
jonathan karl,PER
abc news,ORG
ketiga,ORD
trump,PER
iran,GPE
khamenei,PER
trump,PER
khamenei,PER
trump,PER
new york times,ORG
abc news,ORG
trump,PER
as,GPE
trump,PER
iran,GPE
khamenei,PER
iran,GPE
trump,PER
kementerian,NOR
as,GPE
federal,NOR
trump,PER
presiden,NOR
pengadilan,NOR
iran,GPE
farhad,PER
shakeri,PER
trump,PER
paus,NOR
timur,EVT
pemimpin miliar umat khatolik dunia,NOR
leo xiv,PER
kekerasan timur,EVT
amerika serikat as,GPE
israel,GPE
iran,GPE
lapangan santo petrus,LOC
as,GPE
israel,GPE
iran,GPE
pemimpin tertinggi iran,NOR
ayatollah ali khamenei,PER
iran,GPE
as,GPE
timur,NOR
israel,GPE
iran,GPE
presiden iran,NOR
masoud pezeshkian,PER
khamenei,PER
iran,GPE
iran,GPE
presiden as,NOR
donald trump,PER
iran,GPE
as,GPE
paus,NOR
paus,NOR
afghanistan,GPE
pakistan,GPE
trump,PER
intelijen,NOR
as,GPE
iran,GPE
intelijen,NOR
amerika,GPE
serikat,NOR
iran,NOR
asisrael,NOR
iran,NOR
iran,GPE
as,GPE
as,GPE
presiden as,NOR
donald trump,PER
trump,PER
iran,GPE
as,GPE
trump,PER
as,GPE
garis keras,NOR
iran,GPE
ulama iran,NOR
pemimpin,NOR
ayatollah ali khamenei,PER
februari,DAT
gambasvideo,PER
israel,GPE
iran,GPE
pejabat,NOR
israel,GPE
sumbersumber,NOR
lapangan,NOR
iran,GPE
pangkalan,NOR
israel,GPE
iranhizbullah,GPE
prabowo,PER
mahkota,NOR
mbs,NOR
timteng,NOR
bahas,NOR
dk,NOR
pbb,NOR
desak iran,NOR
serang,NOR
arab,GPE
asisrael,NOR
iran,GPE
perang,NOR
as,GPE
israel,GPE
iran,GPE
pemerintahan trump,NOR
bom,NOR
ali,PER
khamenei,NOR
komandan,NOR
korps,NOR
garda,NOR
revolusi islam,NOR
irgc,NOR
pasukan,NOR
paramiliter,NOR
as,NOR
irgc,NOR
pemimpin iran,NOR
khamenei,NOR
negara,NOR
iran,GPE
khamenei,PER
iran,GPE
ayatollah,PER
ali khamenei,PER
amerika,GPE
serikatisrael,NOR
jalanjalan teheran,LOC
iran,GPE
khamenei,PER
amerika,GPE
israel,GPE
iran,GPE
middle east eye advertisement,ORG
lorestan,NOR
isfahan,PER
zahedan busher,PER
rahst,PER
pemerintah iran,NOR
mehr news,ORG
rahst,ORG
iran,GPE
asisrael,NOR
amerikakata,GPE
mehr,PER
news,ORG
iran,GPE
pemerintah,NOR
israel,GPE
as,NOR
asisrael,PER
khamenei,PER
khamenei,PER
menteri pertahanan,NOR
iran,GPE
amir,PER
komandan,NOR
angkatan,NOR
korps,NOR
iran,GPE
irgc,NOR
mohammed,PER
asisrael,PER
negara,NOR
iran,GPE
khamenei,PER
iran,GPE
pangkalan,NOR
as,GPE
timur,NOR
israel,GPE
idf,PER
tel,GPE
aviv,GPE
asisrael,ORG
iran,GPE
korps garda revolusi islam iran irgc,NOR
amerika serikat,GPE
timur,ORG
bank teheran,ORG
komando,ORG
operasi militer,NOR
pusat khatam al anbiya,ORG
bank as israel,ORG
amerika serikat,GPE
zionis militer iran,NOR
iran,GPE
timur,GPE
as,GPE
as,GPE
israel,GPE
bank teheran,ORG
perang,NOR
as,GPE
israel,GPE
iran,GPE
februari,DAT
pemimpin,NOR
ayatollah,PER
ali khamenei,PER
iran,GPE
israel,GPE
timur,GPE
retaliasi,NOR
teheran,GPE
mojtaba,NOR
khamenei,NOR
pemimpin,NOR
iran,GPE
majelis,NOR
iran,GPE
as,GPE
israel,GPE
rudal,ORG
ulama,ORG
iran,GPE
khamenei,PER
iran,NOR
pemimpin tertinggi iran,NOR
ayatollah ali khamenei,PER
amerika serikat,GPE
israel,GPE
khamenei,PER
teheran,GPE
iran,GPE
timur,GPE
pemerintah,NOR
fars news tasnim,ORG
khamenei,PER
iran,GPE
ayatollah,PER
agung,REG
imam,PER
sayyid ali khamenei,PER
pemimpin revolusi islam,NOR
amerika,GPE
zionis,NOR
februari,DAT
tasnim news,ORG
khamenei,PER
iran,GPE
khameni,PER
khamenei,GPE
khamenei,GPE
revolusi,REG
islam,REG
ayatollah,REG
ruhollah,PER
khomeini,REG
khomeini,REG
revolusi,REG
islam,REG
khamenei,NOR
iran,GPE
ciut,REG
khamenei,REG
as,GPE
iran,GPE
revolusi,REG
republik,GPE
islam,REG
nasionalisme,REG
korps,NOR
garda,NOR
revolusi,REG
iran,GPE
irgc,REG
pasukan,NOR
lembaga,NOR
khamenei,PER
as,GPE
barat,NOR
al,REG
jazeera,REG
iran,GPE
pemilihan,EVT
iran,GPE
ruah,REG
mahsa,REG
amini,PER
iran,GPE
kebebasan,REG
kisruh,REG
kerusuhan,REG
iran,GPE
unjuk,REG
disusupi,NOR
agen,NOR
israel,GPE
amerika,GPE
serikat,NOR
iran,NOR
desember,REG
ricuh,REG
rezim,NOR
khamenei,PER
pemerintah,NOR
iran,GPE
agen,NOR
israel,GPE
as,GPE
huruhara,REG
presiden,NOR
as,GPE
donald,PER
trump,PER
iran,GPE
pedemo,NOR
khamenei,NOR
kota,GPE
suci syiah,NOR
mashhad,REG
pemimpin,NOR
muslim,REG
etnis,REG
azerbaijan,GPE
irak,GPE
khamenei,REG
tabriz,REG
mashhad,REG
khadijeh,REG
mirdamadai,REG
al,REG
quran,REG
buku,REG
pemerintahan,NOR
dinasti,REG
pahlavi,REG
khamenei,REG
alquran,REG
sekolah,NOR
islam,REG
mashhad,REG
sekolah,REG
sekolah,NOR
ulama,REG
islam,REG
syekh,REG
hashem,NOR
ghazvini,REG
syiah,REG
najaf,GPE
qom,REG
qom,REG
khamenei,NOR
ulama,REG
muslim,REG
ayatollah,REG
khomeini,PER
seminaris,REG
shah,REG
pahlavi,REG
khamenei,REG
yurisprudensi,REG
kelas,REG
teologi,REG
menenatang,NOR
pemerintahan pahlavi,NOR
khamenei,NOR
polisi,NOR
shah,REG
savak,EVT
kota,GPE
iranshahr,GPE
pemerintahan,NOR
pahlavi,REG
mojtaba khamenei,PER
iran,NOR
operasi asisrael,EVT
iran,GPE
pemimpin,NOR
pemimpin revolusi islam,NOR
mojtaba khamenei,PER
iran,GPE
pemimpin revolusi islam,NOR
ayatollah seyed mojtaba khamenei,PER
pemerintah,NOR
tasnim news agency advertisement,ORG
pemimpin iran presiden,NOR
masoud pezeshkian,PER
sekretaris dewan keamanan nasional,NOR
ali larijani,PER
mojtaba,NOR
mojtaba,PER
pemimpin,NOR
pemungutan suara,NOR
lembaga majelis pakar orang nomor iran,NOR
ayatollah ali khamenei,PER
amerika,GPE
serikat,NOR
israel,GPE
operasi,ORG
presiden,NOR
as,GPE
donald,PER
trump,PER
nuklir,NOR
iran,GPE
operasi,NOR
asisrael,NOR
rezim,NOR
ketua,NOR
studi,NOR
kajian timur,NOR
universitas,ORG
indonesia,GPE
yon,ORG
machmudi,ORG
iran,GPE
mojtaba,NOR
pemimpin,NOR
trump,PER
perdana,NOR
menteri,NOR
israel,GPE
benjamin,PER
netanyahu,NOR
iran,GPE
amerika,GPE
israel,GPE
yon,NOR
cnnindonesiacom,ORG
trump,NOR
rezim,NOR
iran,GPE
pemimpin,NOR
presiden,NOR
as,GPE
gambasvideo,ORG
iran,GPE
khamenei,PER
mojtaba,NOR
trump,PER
pemimpin,NOR
negara timur,NOR
iran,GPE
mojtaba,NOR
as,GPE
israel,GPE
amerika,GPE
israel,GPE
iran,GPE
iran,GPE
pemimpin,NOR
iran,GPE
iran,GPE
israel,GPE
iran,GPE
khamenei,NOR
iran,GPE
buka,NOR
mojtaba,NOR
israelas,GPE
israel,GPE
tidur,NOR
iran,GPE
lebanon,GPE
selat,NOR
hormuz,PER
ali,PER
khamenei,PER
israel,GPE
khamenei,PER
iran,GPE
pemilihan,NOR
pemimpin,NOR
iran,GPE
ulama,NOR
majelis,NOR
assembly of,NOR
expert,ORG
badan,NOR
delapan,NOR
majelis,NOR
dewan,NOR
guardian,ORG
council,NOR
pengawas,NOR
pemimpin,NOR
pemimpin,NOR
majelis,NOR
konstitusi,NOR
iran,GPE
lakilaki,PER
ulama,NOR
republik islam,NOR
yurisprudensi islam syiah,NOR
mojtaba,NOR
iran,GPE
velayatul,ORG
fakih,ORG
pengarah,NOR
universitas,ORG
indonesia,GPE
syaroni,NOR
yon,ORG
syaroni,NOR
iran,GPE
as,NOR
israel,GPE
mojtaba,NOR
syaroni,ORG
mojtaba,NOR
lingkaran,NOR
khamenei,PER
mojtaba,NOR
iran,GPE
mojtaba,NOR
syaroni,NOR
mojtaba,NOR
medan,NOR
korps,NOR
garda revolusi,NOR
irgc,NOR
syaroni,NOR
iran,GPE
mojtaba,NOR
anwar ibrahim,PER
asisrael iran,NOR
perdana menteri malaysia,NOR
anwar ibrahim,PER
amerika serikat,GPE
asisrael,PER
iran,GPE
ayatullah ali khamenei,PER
asisrael,NOR
iran,GPE
ali khamenei,PER
pemimpin,NOR
iran,GPE
anwar,PER
kuala lumpur,GPE
malaysia,GPE
anwar,PER
khamenei,PER
fifa iran,ORG
piala dunia arab saudi,EVT
dubes iran,NOR
khamenei,PER
as,GPE
pakistan,GPE
anwar,PER
kepala,NOR
iran,GPE
malaysia,GPE
anwar,PER
malaysia,GPE
iran,GPE
teluk,NOR
timur,NOR
malaysia,GPE
pemerintah,NOR
malaysia,GPE
anwar,PER
pemerintah,NOR
malaysia,GPE
hormuz,PER
anwar,PER
malaysia,GPE
pemerintah,NOR
malaysia,GPE
anwar,PER
demo antipemerintah,NOR
iran,GPE
antipemerintah,EVT
iran,GPE
pemerintah,NOR
iran,GPE
iran,GPE
kurdi,GPE
iran barat laut,GPE
iran,GPE
kurdi,GPE
israel,GPE
iran,GPE
israel,GPE
republik islam,NOR
iran,GPE
juni,DAT
pemerintah iran,NOR
pemimpin tertinggi iran,NOR
ayatollah ali khamenei,PER
presiden,NOR
amerika,GPE
serikat,GPE
donald,PER
trump,NOR
negara,GPE
presiden,NOR
amerika serikat,GPE
iran,GPE
mojtaba khaemenei,ORG
wantiwanti,PER
pemimpin tertinggi iran,NOR
mojtaba khamanei,PER
mojtaba,ORG
iran,GPE
anadolu,PER
agendy motjaba,PER
mewantiwanti,PER
iran,GPE
iran,GPE
amerika serikat,GPE
israel,GPE
as,GPE
israel,GPE
pemimpin,NOR
ali,PER
iran,GPE
israel,GPE
as,GPE
teluk,NOR
garda,NOR
islam,REG
mayor jenderal irgc iran,NOR
asisrael,NOR
korps garda revolusi iran islamic revolutionary guard corpsirgc,NOR
kepala staf,NOR
mayor,PER
jenderal jamshid eshaghi,PER
israel,GPE
amerika serikat,GPE
iran,GPE
irgc,ORG
eshaghi,PER
al jazeera irgc,ORG
iran,GPE
komandan angkatan laut irgc,NOR
laksamana alireza tangsiri,PER
israelas,GPE
iran,GPE
amerika,GPE
israel,GPE
februari,DAT
iran,GPE
israel,GPE
pangkalan,NOR
as,GPE
timur,NOR
komandan,NOR
pemimpin,NOR
komandan,NOR
iran,GPE
asisrael,PER
iran,GPE
ayatollah,PER
ali,PER
khamenei,PER
asisrael,PER
februari,PER
teheran,GPE
dekade,PER
dewan,NOR
iran,GPE
iran,GPE
khamenei,PER
asisrael iran,NOR
ayatollah,PER
ali khamenei,PER
amerika,GPE
serikat,NOR
as,GPE
israel,GPE
iran,GPE
as,GPE
israel,GPE
khamenei,PER
iran,GPE
presiden as,NOR
donald trump,PER
perdana menteri israel,NOR
benjamin netanyahu,PER
iran trump,NOR
ulama,NOR
asisrael khamenei,PER
pemilihan pemimpin,EVT
majelis ahli namanama,NOR
khamenei,PER
mojtaba khamenei,PER
khamenei,PER
mojtaba,NOR
korps,NOR
garda revolusi islam,NOR
irgc,NOR
pasukan,NOR
basij,NOR
ulama muslim syiah iran,NOR
revolusi,NOR
monarki,NOR
mojtaba ulama,NOR
rezim,NOR
alireza,PER
arafi,PER
arafi,PER
ulama,NOR
lembagalembaga,NOR
pemerintahan,NOR
khamenei,PER
wakil,NOR
ketua,NOR
majelis,NOR
dewan,NOR
dewan,NOR
calon,NOR
pemilu,NOR
parlemen,NOR
arafi,PER
kepala,NOR
seminari iran,NOR
khamenei,PER
birokrasinya,NOR
arafi,PER
lembaga,NOR
as,NOR
khamenei,PER
iran,NOR
khamenei,PER
trump,PER
ancam,NOR
dahsyat iran,NOR
khamenei,PER
menteri pertahanan iran,NOR
asisrael,NOR
mohammad,PER
mehdi,PER
mirbagheri,PER
mirbagheri,PER
ulama,NOR
majelis,NOR
konservatif,NOR
gaza,NOR
israel,GPE
tuhan,NOR
mirbagheri,PER
barat,NOR
kafir,NOR
hassan,PER
khomeini,PER
hassan,PER
republik islam iran,NOR
ruhollah,NOR
khomeini,PER
revolusioner,NOR
khomeini,PER
hassan,PER
negara,NOR
majelis,NOR
hashem,PER
hosseini,NOR
bushehri,NOR
bushehri ulama,NOR
lembagalembaga,NOR
pengatur,NOR
majelis,NOR
wakil,NOR
ketua bushehri,NOR
khamenei,PER
negeri,NOR
irgc,NOR
gedung putih,ORG
as,GPE
rezim,NOR
iran,GPE
gedung putih,NOR
militer,NOR
amerika,GPE
serikat,NOR
israel,GPE
iran,GPE
pemimpin,NOR
iran,NOR
ayatollah ali khamenei,PER
as,GPE
iran,GPE
pemerintahan,NOR
pemerintah,NOR
iran,GPE
as,GPE
presiden,NOR
donald trump,PER
pemerintahan iran,NOR
washington,GPE
rudal balistik nuklir,PRD
iran,GPE
trump,PER
intelijen as,NOR
pemerintahan iran,NOR
badan intelijen pusat as cia,NOR
khamenei,PER
korps,NOR
revolusi islam,NOR
irgc,NOR
ulama,NOR
as,GPE
irgc,NOR
irgc,PER
antipemerintah,NOR
januari,PER
trump,PER
as,GPE
iran,GPE
washington,GPE
pemerintahan,NOR
iran,GPE
gedung putih,NOR
cia,NOR
khamenei,NOR
as,NOR
iran,GPE
nuklirnya,NOR
as,GPE
washington,GPE
iran,GPE
pemerintahan,NOR
as,GPE
israel,GPE
aparat,NOR
jonathan,PER
as,GPE
lembaga,NOR
as,GPE
iran,GPE
israel,GPE
menteri negeri amerika serikat,NOR
marco rubio,PER
iran,GPE
israel,GPE
rubio,PER
as,GPE
israel,GPE
iran,GPE
iran,GPE
pangkalan,NOR
as,GPE
timur,NOR
iran,GPE
as,GPE
israel,GPE
hill,PRD
al jazeera,ORG
amerika,GPE
rubio,PER
militer,NOR
as,GPE
iran,GPE
enam,CRD
komandan iran ancam as,NOR
as,GPE
riyadh,GPE
saudi,GPE
iran,GPE
as,GPE
rubio,PER
as,GPE
israel,GPE
iran,GPE
washington,GPE
iran,GPE
teheran,GPE
rudal,PRD
iran,GPE
as,GPE
iran,GPE
rudal,PRD
iran,GPE
as,GPE
trump,PER
pemerintahan,NOR
iran,GPE
iran,GPE
as,GPE
israel,GPE
februari,NOR
pemimpin,NOR
ayatollah,ORG
ali,PER
iran,GPE
iran,GPE
garda,NOR
islam,GPE
israel,GPE
as,GPE
timur,GPE
iran,GPE
israel,GPE
mossad,NOR
iran,NOR
israel,GPE
perang,NOR
israel,GPE
amerika serikat,GPE
zionis,NOR
mossad,NOR
mizan online,PRD
kehakiman,NOR
mizan,ORG
kouroush keyvani,PER
perang,NOR
iran,GPE
israel,GPE
juni,DAT
amerika serikat,GPE
fasilitas nuklir,NOR
iran,GPE
mizan,NOR
badan intelijen mossad israel,NOR
enam,CRD
eropa,GPE
tel aviv,GPE
februari,DAT
israel,GPE
amerika serikat,GPE
iran,GPE
ayatollah ali khamenei,PER
perang menyebar timur perang tandatanda,EVT
perdana,NOR
menteri,NOR
israel,GPE
benjamin,PER
netanyahu,PER
sekretaris,NOR
dewan,NOR
iran,NOR
ali,PER
komandan,NOR
pasukan,NOR
basij iran,NOR
gholamreza,PER
soleimani,PER
iran,GPE
tel,ORG
aviv,NOR
israel,GPE
hamish daud,PER
hamish daud,PER
kementerian haji umrah,NOR
hamish,NOR
iran,GPE
israelamerika,GPE
amanaman,LOC
hamish,ORG
detikhot,ORG
perang,EVT
iran,GPE
israelamerika,GPE
pemerintah,NOR
far,PER
cancellation,ORG
hamish,PER
umrah,EVT
daud,PER
pemerintah,NOR
kementerian,NOR
kemenhaj,NOR
ri,GPE
makkah,GPE
madinah,GPE
arab,GPE
saudi,GPE
timur,NOR
amerika,GPE
serikatisrael,GPE
iran,GPE
wakil,NOR
menteri,NOR
wamenhaj,NOR
indonesia,GPE
dubai,GPE
konsul,NOR
konjen,NOR
pemerintah,NOR
indonesia,GPE
arab,GPE
saudi,NOR
as,GPE
israel,GPE
februari,EVT
bombardir,NOR
pemimpin,NOR
ali,PER
khamenei,NOR
iran,GPE
iran,GPE
pasukan,NOR
garda,NOR
islam,NOR
israel,GPE
as,GPE
timur,NOR
pangkalan,NOR
as,GPE
yordania,GPE
kuwait,GPE
bahrain,GPE
qatar,GPE
irak,GPE
arab,GPE
saudi,NOR
uni,NOR
emirat,GPE
arab,GPE
iran,GPE
gading,PER
marten,ORG
jakarta,GPE
gading marten,PER
jakarta,GPE
paris,GPE
prancis,GPE
iran,GPE
israelamerika,GPE
gading,PER
marten,ORG
pesawat advertisement,PRD
gading,PER
gading,EVT
mobil,PRD
andara,LOC
cilandak,GPE
jakarta selatan,GPE
jakarta,GPE
sweet,LOC
home,EVT
gading,LOC
cnnindonesiacom,ORG
gading,PER
marten,ORG
gading,PER
marten,ORG
eropa,GPE
eropa,GPE
timur,GPE
ding,PRD
pesawat,PRD
jakarta,GPE
safe,ORG
gading,EVT
diaspora,ORG
indonesia,GPE
paris,GPE
gading,EVT
indonesia,GPE
paris,ORG
as,GPE
israel,GPE
februari,EVT
bombardir,ORG
pemimpin,NOR
ali,PER
iran,GPE
britney,ORG
spears,EVT
britney,ORG
kasasi,ORG
vadel,ORG
maret,DAT
iran,GPE
islam,REG
israel,GPE
as,GPE
timur,ORG
pangkalan,ORG
as,GPE
yordania,GPE
kuwait,GPE
bahrain,GPE
qatar,GPE
irak,GPE
arab,GPE
saudi,GPE
uni,GPE
emirat,GPE
arab,GPE
rudal,PRD
iran,GPE
bandara,ORG
teluk,EVT
persia,GPE
as,GPE
kota,GPE
dubai,GPE
abu,ORG
dhabi,EVT
uni,GPE
emirat,GPE
arab,GPE
uea,GPE
perang gading marten,EVT
indonesia,GPE
gading,PER
marten,ORG
eropa,GPE
iran,GPE
israelamerika,GPE
serikat,EVT
teluk persia,LOC
paris,GPE
prancis,GPE
instagram,ORG
gading marten,ORG
eropa,GPE
detikhot,ORG
jakarta,GPE
stay safe,PER
gading,PER
marten,ORG
indonesia,GPE
paris,GPE
gading,EVT
indonesia,GPE
paris,GPE
as,GPE
israel,GPE
bombardir,PER
ayatollah,ORG
ali,PER
iran,GPE
maret,DAT
iran,GPE
revolusi,EVT
islam,REG
israel,GPE
as,GPE
timur,NOR
as,GPE
yordania,GPE
kuwait,GPE
bahrain,GPE
qatar,GPE
irak,GPE
arab,GPE
saudi,GPE
uni,NOR
emirat,GPE
arab,GPE
rudal,PRD
iran,GPE
bandara,FAC
persia,GPE
as,GPE
dubai,GPE
dhabi,GPE
uni,GPE
emirat,GPE
arab,GPE
daniaty,PER
olivia,PER
nathania,PER
fahmi,PER
pemerintah,NOR
uea,GPE
qatar,GPE
kuwait,GPE
israel,GPE
bahrain,GPE
irak,GPE
yordania,GPE
uea,GPE
iran,GPE
esmail,ORG
khatib,PER
israel,GPE
presiden iran,NOR
masoud pezeshkian,PER
israel,GPE
menteri intelijen,NOR
esmail,PER
khatib,PER
khatib,PER
ketiga,ORD
iran,GPE
israel,GPE
kepala keamanan iran,NOR
ali larijani,PER
pasukan paramiliter,NOR
basij,PER
israel,GPE
pezeshkian,PER
al jazeera,PER
militer,NOR
israel,GPE
esmail,PER
khatib,PER
pemimpin tertinggi iran,NOR
mojtaba khamenei,PER
israel,GPE
senior iran,NOR
nida ibrahim al jazeera,PER
pertahanan,NOR
israel,GPE
israel,GPE
katz,NOR
perdana,NOR
menteri,NOR
benjamin,PER
netanyahu,NOR
otorisasi,NOR
israel,GPE
iran,GPE
departemen negeri,NOR
amerika,GPE
serikat,NOR
us,NOR
rp,PER
mojtaba,NOR
khamenei,NOR
iran,GPE
menteri negeri iran,NOR
abbas,PER
araghchi,PER
as,NOR
israel,GPE
pemerintah,NOR
iran,GPE
israel,GPE
pemimpin,NOR
hamas gaza,NOR
hamas,NOR
israel,GPE
gaza,NOR
yahya,PER
sinwar,NOR
mohammed,PER
deif,NOR
ismail,PER
haniyeh,PER
dubes iran,NOR
megawati,PER
mojtaba khamenei,PER
presiden republik indonesia ketua pdi perjuangan,NOR
megawati soekarnoputri,PER
mojtaba khamenei,PER
pemimpin tertinggi iran,NOR
ayatollah ali khamenei,PER
megawati,PER
mojtaba khamenei,PER
duta republik islam iran indonesia,NOR
mohammad boroujerdi,PER
iran,GPE
megawati,PER
jakarta,ORG
megawati,PER
boroujerdi,NOR
menteng,LOC
jakarta,GPE
megawati,PER
sekretaris jenderal pdip,NOR
hasto kristiyanto,PER
ketua dpp pdip,NOR
ahmad basarah yasonna laoly eriko sotarduga,PER
kepala badan riset analisis kebijakan pdip,NOR
andi widjajanto,PER
maret,PER
megawati,PER
pemerintah republik islam iran,NOR
cita,PER
pemimpin,NOR
iran,NOR
ayatollah,PER
ali,PER
khamenei,NOR
amerika serikat,NOR
israel,GPE
negara,NOR
megawati,PER
teheran,NOR
ayatollah,PER
ali,PER
khamenei,PER
ayatollah,PER
ali,PER
khamenei,PER
megawati,PER
jam,PER
megawati,PER
kado,NOR
ikat khas,PER
bali,NOR
dubes boroujerdi,NOR
mojtaba,PER
hosseini,PER
khamenei,PER
mojtaba,PER
khamenei,PER
pemimpin,NOR
iran,NOR
ayatollah,PER
ali,PER
khamenei,PER
kepala republik islam,NOR
iran,GPE
khamenei,PER
pemimpin,NOR
badan ulama,NOR
majelis,NOR
sepekan,PER
amerika,NOR
serikatisrael,PER
mojtaba,NOR
khamenei,PER
alireza,PER
arafi,PER
dewan,NOR
negara,NOR
garis,PER
mohsen,PER
araki,NOR
hassan,PER
khomeini,PER
republik islam iran,NOR
majelis,NOR
mojtaba,PER
khamenei,PER
iran,NOR
badan,NOR
ulama,PER
ali,PER
khamenei,PER
ruhollah,PER
khomeini,PER
asisrael,ORG
iran,GPE
arab,GPE
amerika serikat,GPE
israel,GPE
iran,GPE
iran,GPE
asisrael,NOR
garda revolusi islam,NOR
as,GPE
negaranegara,NOR
arab,GPE
israel,GPE
asisrael,NOR
pemimpin,NOR
ayatollah,PER
ali khamenei,PER
iran,GPE
khamenei,PER
iran,GPE
as,GPE
israel,GPE
teheran,GPE
khamanei,PER
irgc,NOR
pangkalan,FAC
as,NOR
timur perang,FAC
asisrael,NOR
iran,GPE
inggris,GPE
inggris,GPE
asisrael,NOR
iran,GPE
perdana,NOR
menteri,NOR
inggris,GPE
as,GPE
timur,NOR
iran,GPE
inggris,GPE
pemerintah,NOR
inggris,GPE
inggris,GPE
inggris,GPE
prancis,GPE
prancis,GPE
arab,GPE
yordania,GPE
iran,GPE
teheran,GPE
amerika serikat,GPE
timur,NOR
menteri,NOR
jeannoel,NOR
prancis,GPE
arab,GPE
iran,GPE
teheran,GPE
teluk,GPE
amerika,GPE
iran,GPE
as,GPE
israel,GPE
pemimpin,NOR
ali,PER
khamenei,NOR
drone,ORG
garda,NOR
iran,GPE
saudi,GPE
uni,GPE
emirat,GPE
arab,GPE
qatar,GPE
irak,GPE
bahrain,GPE
kuwait,GPE
oman,GPE
yordaniaprancis,GPE
prancis,GPE
arab,GPE
saudi,GPE
pemerintah,NOR
arab,GPE
saudi,GPE
iran,GPE
saudi,GPE
riyadh,GPE
timur,NOR
iran,GPE
kerajaan,NOR
saudi,GPE
uni,GPE
emirat,GPE
arab,GPE
uni,NOR
emirat,GPE
arab,GPE
iran,GPE
uea,GPE
uea,GPE
uea,GPE
uea,GPE
qatar,GPE
kementerian,NOR
qatar,GPE
kementerian,NOR
qatar,GPE
qatar,GPE
kuwait,GPE
kuwait,GPE
iran,GPE
kementerian,NOR
kuwait,GPE
pbb,NOR
qatar,GPE
intelijen iran,NOR
asisrael kongkalikong,PER
khamenei,PER
menteri intelijen iran,NOR
esmail khatib,PER
pemimpin tertinggi iran,NOR
ayatollah ali khamenei,PER
amerika,GPE
serikat,NOR
israel,GPE
khatib,PER
iran,GPE
khamenei,GPE
khatib,PER
iran,GPE
khatib,PER
iran,GPE
presiden iran,NOR
masoud pezeshkian,PER
khamenei,PER
israel,GPE
juni,DAT
parlemen kohesi,NOR
iran,GPE
khamenei,GPE
khamenei,PER
presiden,NOR
as,GPE
donald,PER
trump,PER
trump,PER
khatib,PER
iran,GPE
iran,GPE
as,GPE
israel,GPE
khatib,PER
juni,PER
iran,GPE
israel,GPE
juni,PER
as,GPE
iran,GPE
as,GPE
israel,GPE
teheran,GPE
juli,PER
khamenei,PER
israel,GPE
netanyahu,PER
perdana menteri pm israel,NOR
benjamin netanyahu,PER
iran,GPE
netanyahu,PER
pm,NOR
kopi,PRD
kopi,PRD
netanyahu,PER
ibrani,GPE
netanyahu,PER
ai,PER
netanyahu,PER
netanyahu,PER
iran,GPE
netanyahu,PER
netanyahu,PER
pm,NOR
ai,PER
maret,ORG
netanyahu,PER
enam,CRD
turki,GPE
israel,GPE
sekolah,ORG
iran,GPE
asisrael,NOR
iran,GPE
iran,GPE
hormuz,PER
as,GPE
israel,GPE
netizen,PER
pemerintah,NOR
israel,GPE
pm,NOR
amerika,GPE
serikatisrael,GPE
iran,GPE
netanyahu,ORG
israel,GPE
iran,GPE
lebanon,GPE
asisrael,ORG
iran,GPE
ketiga,ORD
februari,PER
arab,GPE
korps,ORG
garda,NOR
revolusi,ORG
islam,REG
iran,GPE
irgc,PER
netanyahu,PER
pemimpin,NOR
iran,GPE
ali,PER
teheran,GPE
februari,PER
mojtaba khamenei,PER
pemimpin iran,NOR
majelis ahli iran,NOR
mojtaba khamenei,PER
ayatollah ali khamenei,PER
mojtaba,PER
sepuluh,CRD
ali khamenei,PER
amerika,GPE
serikatisrael,NOR
februari,DAT
meluas,EVT
mojtaba khamenei,PER
alireza arafi,PER
dewan memimpin,NOR
mohsen araki,PER
hassan khomeini,PER
republik islam iran,NOR
majelis ahli,NOR
mojtaba khamenei,PER
iran,GPE
ulama,REG
ali,PER
ruhollah,PER
khomeini,PER
ulama,REG
ayatollah,PER
ayatollah,PER
mojtaba,PER
supreme,REG
pemerintah,NOR
ayatollah,PER
wisdomlibcom,REG
ayatollah,PER
syiah,REG
ulama,REG
syiah,REG
imam,REG
ayatollah,REG
arab,GPE
ayat,PER
allah,REG
tuhan,REG
tuhan,REG
ulama,REG
syiah,REG
islam,REG
iran,GPE
revolusi,REG
pemimpin,NOR
majelis,NOR
ali,PER
pemimpin,NOR
ulama,REG
al,REG
jazeera,PER
mojtaba,PER
khamenei,PER
garda,NOR
revolusi,REG
islam,REG
irgc,PER
habib,PER
iranirak,GPE
ulama,REG
islam,REG
hojatoleslam,PER
ulama,REG
ayatollah,PER
pemimpin,NOR
iran,GPE
mojtaba,PER
khamenei,PER
iran,GPE
pemerintah lsm pemimpin tertinggi iran,NOR
iran,NOR
lembaga ham as,NOR
lembaga ham norwegia diverifikasi,NOR
berdarah,EVT
iran,GPE
desember,DAT
pemerintah iran,NOR
lembaga pemantau hak asasi manusia,NOR
iran,GPE
pemimpin,NOR
ayatollah,PER
ali khamenei,PER
kerusuhan,EVT
khamenei,GPE
amerika,GPE
serikatisrael,NOR
pemerintah,NOR
organisasi nonpemerintah,NOR
pemimpin tertinggi iran,NOR
pemimpin tertinggi iran,NOR
ayatollah ali khamenei,PER
as,GPE
israel,GPE
al,NOR
jazeera,NOR
iran,GPE
iran,GPE
iran,GPE
kurdi,GPE
barat laut,ORG
iran,GPE
lembaga ham,NOR
as,GPE
lembaga,NOR
amerika,GPE
serikat,NOR
human,NOR
news,ORG
agency,NOR
iran,GPE
australia,GPE
news,ORG
ayatollah,ORG
khomeini,NOR
republik,GPE
islam,NOR
iran,GPE
presiden,NOR
iran,GPE
ancam,NOR
trump,NOR
khamenei,NOR
perang,NOR
spanyol,GPE
lembaga,NOR
ham,ORG
norwegia,GPE
lembaga,NOR
ham,NOR
iran,GPE
norwegia,GPE
iran,GPE
human,ORG
jerusalem,GPE
pemimpin tertinggi iran,NOR
pemimpin tertinggi iran,NOR
ayatollah ali khamenei,PER
desember,DAT
israel,GPE
amerika serikat,GPE
iran,GPE
as,GPE
israel,GPE
khamenei,GPE
al,GPE
jazeera,NOR
pemerintah lembaga iran,NOR
iran,GPE
iran,GPE
kurdi,GPE
barat laut,LOC
iran,GPE
khamenei,PER
asisrael,PER
presiden,NOR
as,GPE
donald,PER
trump,PER
ayatollah,PER
khomeini,PER
revolusi,NOR
republik,GPE
islam,NOR
iran,GPE
trump,PER
iran,GPE
reza,PER
pahlavi,NOR
khamenei,PER
trump,PER
presiden,NOR
as,GPE
trump,PER
operasi,EVT
iran,GPE
timur,NOR
iran,GPE
desember,NOR
khamenei,NOR
khamenei,NOR
menoleransi,NOR
trump,PER
utusan korsel menlu iran,NOR
asisrael menteri negeri iran,NOR
abbas aragchi,PER
amerika,GPE
serikat,NOR
israel,GPE
timur,EVT
selat hormuz araghchi,LOC
utusan menlu korea selatan iran,NOR
ha,PER
teheran,NOR
menlu araghchi,NOR
as,GPE
israel,GPE
teluk persia,LOC
selat hormuz,LOC
pemerintah iran x,NOR
iran,GPE
gambastwitter,LOC
araghchi,NOR
asisrael iran,NOR
menlu iran,NOR
iran,GPE
pemerintah,NOR
iran,GPE
as,GPE
israel,GPE
iran,GPE
februari,NOR
operasi,EVT
pemimpin,NOR
ayatollah,NOR
ali,PER
khamenei,NOR
as,GPE
iran,GPE
trump,NOR
iran,GPE
hormuz,NOR
trump,NOR
iran,GPE
teheran,GPE
news,ORG
iran,GPE
israel,GPE
as,GPE
teluk,NOR
kapal,PRD
selat,NOR
hormuz,GPE
hormuz,GPE
as,GPE
kapal,PRD
pelabuhan,NOR
iran,GPE
minyak,NOR
