url,title,content
https://www.cnnindonesia.com/internasional/20260309044622-120-1335708/tok-anak-ali-khamenei-mojtaba-khamenei-jadi-pemimpin-tertinggi-iran,Tok! Anak Ali Khamenei Mojtaba Khamenei Jadi Pemimpin Tertinggi Iran,"Tok! Anak Ali Khamenei Mojtaba Khamenei Jadi Pemimpin Tertinggi Iran
Iran pada Senin menunjuk Mojtaba Khamenei sebagai pemimpin tertinggi negara tersebut menggantikan mendiang sang ayah, Ayatollah Ali Khamenei, Senin (9/3).
Penunjukan ini berlangsung sepekan lebih setelah Ali Khamenei tewas dalam serangan gabungan Amerika Serikat dan Israel pada 28 Februari lalu yang memicu perang meluas di Timur Tengah hingga hari ini.
""Dengan suara yang menentukan, Majelis Ahli menunjuk Ayatollah Seyyed Mojtaba Hosseini Khamenei sebagai Pemimpin ketiga sistem sakral Republik Islam Iran,"" kata majelis tersebut dalam pernyataan yang dikeluarkan sesaat setelah tengah malam waktu Teheran.
ADVERTISEMENT
SCROLL TO CONTINUE WITH CONTENT
Dikutip Reuters , Mojtaba merupakan seorang ulama tingkat menengah yang memiliki pengaruh di dalam pasukan keamanan Iran serta jaringan bisnis besar yang berkembang di bawah kepemimpinan ayahnya.
Pria 56 tahun itu telah lama dipandang sebagai kandidat terdepan meneruskan jabatan sang ayah menjelang pemungutan suara oleh Majelis Ahli, badan beranggotakan 88 ulama yang bertugas memilih pemimpin tertinggi Iran.
[Gambas:Video CNN]
Posisi ini memberikan Mojtaba kewenangan terakhir dalam seluruh urusan negara di Republik Islam Iran.
Penunjukan Mojtaba kemungkinan akan memicu kemarahan Presiden Amerika Serikat Donald Trump, yang pada Minggu mengatakan Washington seharusnya memiliki suara dalam pemilihan tersebut.
""Jika dia tidak mendapat persetujuan dari kami, dia tidak akan bertahan lama,"" katanya kepada ABC News . Israel juga mengancam akan menargetkan siapa pun yang dipilih sebagai pengganti Khamenei."
https://www.cnnindonesia.com/internasional/20260308175536-120-1335651/dewan-ulama-sudah-hampir-sepakat-pilih-pengganti-ali-khamenei,Dewan Ulama Sudah Hampir Sepakat Pilih Pengganti Ali Khamenei,"Dewan Ulama Sudah Hampir Sepakat Pilih Pengganti Ali Khamenei
Badan ulama yang bertugas memilih pemimpin tertinggi Iran disebut hampir mencapai kesepakatan terkait sosok pengganti setelah tewasnya Ali Khamenei .
Anggota Assembly of Experts, Mohammadmehdi Mirbaqeri, mengatakan panel tersebut pada dasarnya telah mencapai konsensus mayoritas mengenai kandidat pemimpin baru Iran.
Kantor berita Mehr News Agency mengutip Mirbaqeri yang menyebut masih ada ""beberapa hambatan"" yang perlu diselesaikan sebelum keputusan final diumumkan.
ADVERTISEMENT
SCROLL TO CONTINUE WITH CONTENT
Sehari sebelumnya, seorang ulama senior dalam majelis tersebut menyatakan para anggota akan bertemu ""dalam satu hari"" untuk menentukan pemimpin baru negara itu.
Dua anggota panel lainnya, yakni Mohsen Heidari Alekasir dan Ahmad Alamolhoda, juga menyatakan majelis telah memilih penerus pemimpin tertinggi.
Alamolhoda menyebut pengumuman resmi akan disampaikan oleh kepala sekretariat majelis, Hashem Hosseini Bushehri.
Media Iran sebagaimana dikutip Reuters, melaporkan sempat muncul perbedaan kecil di antara anggota majelis mengenai apakah keputusan tersebut harus diumumkan melalui pertemuan langsung atau cukup melalui mekanisme tertulis maupun daring.
Dalam sebuah video yang dirilis kantor berita Nournews pada Minggu, Heidari Alekasir menyebut pertemuan langsung sulit dilakukan dalam situasi saat ini.
""Ini situasi luar biasa. Majelis tidak bisa menggelar sidang pleno,"" katanya.
Ia menambahkan bahwa menjadikan majelis sebagai target serangan hanya akan menguntungkan musuh Iran dan merugikan revolusi.
Sejak perang meletus pada 28 Februari, serangan Israel dan Amerika Serikat dilaporkan menewaskan puluhan pejabat serta komandan militer Iran, termasuk Ali Khamenei.
Media Iran juga melaporkan serangan udara menghancurkan sebuah bangunan tambahan milik Assembly of Experts di kota Qom.
Menurut Heidari Alekasir, kandidat yang dipilih memenuhi kriteria yang pernah disampaikan Khamenei sebelum wafat, yakni pemimpin Iran harus menjadi sosok yang ""dibenci oleh musuh"" ketimbang dipuji oleh mereka.
""Bahkan 'Setan Besar' (Amerika Serikat) pernah menyebut namanya,"" kata dia.
Nama Mojtaba Khamenei mengemuka
Sebelumnya, Presiden Amerika Serikat Donald Trump menyebut putra Khamenei, Mojtaba Khamenei, sebagai kandidat paling mungkin menggantikan ayahnya.
Namun Trump menilai opsi tersebut tidak dapat diterima dan bahkan menyatakan dirinya ingin terlibat dalam proses pemilihan pemimpin baru Iran.
Mojtaba Khamenei, 56 tahun, dikenal memiliki hubungan dekat dengan Islamic Revolutionary Guard Corps serta menjadi salah satu figur berpengaruh di kalangan ulama Iran.
Selama bertahun-tahun, ia disebut sebagai kandidat kuat penerus ayahnya meski tidak pernah menduduki jabatan pemerintahan, selain bekerja di kantor Khamenei.
Khamenei sendiri memimpin Iran sejak 1989 setelah sebelumnya menjabat presiden hampir delapan tahun.
Nama Mojtaba juga sempat menjadi sorotan saat gelombang protes melanda Iran pada 2022 setelah kematian seorang perempuan muda dalam tahanan polisi moral terkait pelanggaran aturan berpakaian di Republik Islam tersebut."
https://www.cnnindonesia.com/internasional/20260301044904-134-1332937/trump-konfirmasi-kematian-pemimpin-tertinggi-iran-ali-khamenei,Trump Konfirmasi Kematian Pemimpin Tertinggi Iran Ali Khamenei,"Trump Konfirmasi Kematian Pemimpin Tertinggi Iran Ali Khamenei
Presiden Amerika Serikat (AS), Donald Trump secara resmi mengonfirmasi kematian Pemimpin Tertinggi Iran, Ayatollah Ali Khamenei, melalui unggahan di platform Truth Social, Minggu (1/3) pagi waktu setempat.
Dalam pernyataannya, Trump menegaskan bahwa peristiwa ini merupakan momentum bersejarah bagi rakyat Iran untuk melakukan perubahan besar di negara mereka.
""Ali Khamenei sudah tewas. Ini adalah peluang tunggal terbesar bagi rakyat Iran untuk merebut kembali negara mereka. ""Ini adalah peluang tunggal terbesar bagi rakyat Iran untuk merebut kembali negara mereka,"" tulis Trump dalam unggahannya di media sosial Truth Social, seperti dilansir Reuters .
ADVERTISEMENT
SCROLL TO CONTINUE WITH CONTENT
Pernyataan ini muncul menyusul klaim Perdana Menteri Israel Benjamin Netanyahu sebelumnya mengenai serangan gabungan yang menargetkan kediaman Khamenei di Teheran.
Iran Terancam Mundur dari Piala Dunia Imbas Serangan AS-Israel
Media Iran Tepis Rumor Khamenei Tewas: Masih Memimpin Medan Perang
Selain Khamenei, Israel Sebut Menhan dan Komandan IRGC Iran Tewas
Selain mengonfirmasi kematian Khamenei, Trump juga mengeklaim adanya perpecahan di dalam tubuh militer dan aparat keamanan Iran. Ia menyebut banyak personel keamanan Iran yang kini enggan untuk terus bertempur dan mulai mencari perlindungan.
""Kami mendengar bahwa banyak dari IRGC (Garda Revolusi), Militer, serta pasukan Keamanan dan Kepolisian lainnya, tidak lagi ingin bertempur, dan mereka mencari imunitas dari kami,"" tegas Trump.
Hingga saat ini, pihak Teheran belum memberikan pernyataan resmi terkait kondisi Pemimpin Tertinggi maupun klaim desersi massal yang disampaikan oleh Trump tersebut.
Namun, sebelumnya Kantor berita Iran Tasnim dan Mehr melaporkan bahwa Pemimpin Tertinggi Ali Khamenei dengan ""teguh dan tegar dalam memimpin medan perang.""
[Gambas:Twitter]
Pernyataan media pemerintah Iran itu muncul usai seorang pejabat Israel mengatakan kepada Reuters bahwa Khamenei telah terbunuh dan jenazahnya telah ditemukan.
Perdana Menteri Israel Benjamin Netanyahu juga mengklaim sebelumnya bahwa banyak indikasi bahwa Khamenei tewas dalam serangan gabungan AS-Israel ke Iran pada Sabtu (28/2)."
https://www.cnnindonesia.com/internasional/20260301090739-120-1332969/waktu-terbunuhnya-pemimpin-iran-ayatollah-ali-khamenei-terungkap,Waktu Terbunuhnya Pemimpin Iran Ayatollah Ali Khamenei Terungkap,"Waktu Terbunuhnya Pemimpin Iran Ayatollah Ali Khamenei Terungkap
Pihak berwenang Iran lewat media semi pemerintah setempat, Fars , telah mendeklarasikan masa berkabung usai Pemimpin Tertinggi mereka Ayatollah Ali Khamenei resmi dinyatakan tewas.
Khamenei tewas dalam serangan militer gabungan Amerika Serikat (AS)-Israel ke wilayah Iran pada Sabtu (28/2).
Media semi pemerintah Iran, Fars , yang dikutip Al Jazeera melaporkan pemerintahan Iran mendeklarasikan 40 hari berkabung dan tujuh hari libur nasional.
ADVERTISEMENT
SCROLL TO CONTINUE WITH CONTENT
Selain Fars , Stasiun Televisi pemerintah Iran IRIB turut melaporkan informasi soal kematian Ali Khamenei setelah serangan habis-habisan AS-Israel ke Iran. .
""Pemimpin tertinggi Iran telah syahid,"" demikian laporan IRIB , dikutip CNN , Minggu (1/3).
Trump Ngaku Sudah Kantongi Nama Calon Pemimpin Baru Iran
Iran: Semua Fasilitas dan Aset AS-Israel di Timteng Sah untuk Diserang
Media Iran Konfirmasi Khamenei Tewas dalam Serangan AS-Israel
Fars sendiri mengonfirmasi bahwa Khamenei terbunuh pada Sabtu dini hari waktu setempat.
Selain itu, Fars Iran juga mengungkapkan terkait detail lebih lanjut tentang pembunuhan Pemimpin Tertinggi Iran tersebut.
Disebutkan bahwa Khamenei terbunuh di kantornya saat ""melaksanakan tugas yang diberikan kepadanya"" pada dini hari Sabtu (28/2).
Sebelumnya, Presiden AS Donald Trump telah mengonfirmasi soal kematian Khamenei. Demikian juga Perdana Menteri Israel Benjamin Netanyahu yang mengindikasikan kuat Khamenei tewas dalam serangan AS-Israel.
Kediaman pemimpin tertinggi Iran Ayatollah Ali Khamenei dilaporkan digempur hingga 30 bom dalam serangan bersama Amerika Serikat dan Israel pada Sabtu (28/2).
Media Israel Channel 12 yang dikutip Times of Israel melaporkan bahwa Israel setelah berkoordinasi dengan AS menjatuhkan 30 bom di kompleks kediaman Khamenei.
Khamenei sendiri telah memimpin Iran sejak 1989 dan memegang otoritas politik serta agama tertinggi di negara tersebut."
https://www.cnnindonesia.com/internasional/20260301174003-120-1333089/hamas-ucapkan-belasungkawa-atas-kematian-khamenei,Hamas Ucapkan Belasungkawa Atas Kematian Khamenei,"Hamas Ucapkan Belasungkawa Atas Kematian Khamenei
Hamas menyampaikan belasungkawa atas meninggalnya pemimpin tertinggi Iran, Ayatollah Ali Khamenei, yang merupakan pendukung gerakan mereka. Khamenei tewas karena yang disebut Hamas sebagai serangan 'keji' Amerika Serikat (AS) dan Israel.
""Kami di Hamas berduka atas meninggalnya Ayatollah Ali Khamenei. Beliau memberikan semua bentuk dukungan politik, diplomatik, dan militer kepada rakyat kami, perjuangan kami, dan perlawanan kami,"" kata gerakan Islam Palestina itu dalam sebuah pernyataan, diberitakan AFP .
ADVERTISEMENT
SCROLL TO CONTINUE WITH CONTENT
""AS dan pemerintah pendudukan fasis bertanggung jawab penuh atas agresi terang-terangan dan kejahatan keji terhadap kedaulatan Republik Islam Iran ini, serta atas dampak seriusnya terhadap keamanan dan stabilitas kawasan.""
Sayap bersenjata Hamas, Brigade Ezzedine Al-Qassam, menggambarkan Khamenei sebagai ""pendukung utama Poros Perlawanan dan para mujahidinnya"".
""Semua dukungan yang diberikan Republik Islam selama beberapa dekade kepada rakyat kami dan perlawanan kami... diberikan atas keputusan langsungnya dan di bawah pengawasan penuhnya,"" kata Brigade tersebut dalam pernyataan terpisah.
""Dukungan substansial ini telah menjadi faktor kunci dalam pengembangan perlawanan dan taktiknya, yang berpuncak pada pencapaian luar biasa selama serangan 7 Oktober 2023 terhadap Israel, tambah kelompok itu.
Kelompok militan Jihad Islam, yang bersama Hamas dan sayap bersenjatanya berperang melawan Israel di Gaza selama dua tahun, mengatakan pembunuhan Khamenei adalah ""kejahatan perang"" oleh AS dan Israel dalam ""serangan yang khianat dan jahat""."
https://www.cnnindonesia.com/internasional/20260301035703-120-1332929/netanyahu-klaim-pemimpin-tertinggi-iran-ali-khamenei-tewas,Netanyahu Klaim Pemimpin Tertinggi Iran Ali Khamenei Tewas,"Netanyahu Klaim Pemimpin Tertinggi Iran Ali Khamenei Tewas
Perdana Menteri Israel Benjamin Netanyahu mengklaim terdapat indikasi bahwa Pemimpin Tertinggi Iran, Ayatollah Ali Khamenei, tewas dalam serangan udara gabungan Israel-Amerika Serikat yang menargetkan kediamannya di Teheran, Sabtu (28/2).
Meski demikian, Netanyahu yang juga berstatus buronan Mahkamah Kriminal Internasional atau International Criminal Court (ICC) ini tidak memberikan bukti konkret untuk memperkuat pernyataannya tersebut.
Dalam sebuah pernyataan video, Netanyahu menyebut militer telah melancarkan serangan kejutan besar-besaran yang menghancurkan kompleks kediaman Khamenei.
ADVERTISEMENT
SCROLL TO CONTINUE WITH CONTENT
""Pagi ini, dalam serangan kejutan yang kuat, kami menghancurkan kompleks tiran Khamenei,"" ujar Netanyahu, seperti dilansir Anadolu . ""Ada banyak tanda bahwa tiran ini sudah tidak ada lagi,"" sambungnya.
Netanyahu menambahkan bahwa sejumlah tokoh senior Iran juga telah ""dieliminasi"" dalam serangan tersebut, termasuk pejabat dari Korps Garda Revolusi Islam (IRGC) dan tokoh di balik program nuklir Iran.
Menhan Iran dan Komandan IRGC Dilaporkan Tewas dalam Serangan Israel
Kecam Serangan ke Timteng, Saudi Siapkan Serangan Balasan ke Iran
Pejabat Iran Janji Beri Pelajaran Tak Terlupakan kepada AS dan Israel
""Kami akan terus berlanjut. Dalam beberapa hari ke depan, kami akan menghantam ribuan target rezim teror lainnya,"" ujar Netanyahu.
Selain mengumumkan serangan, Netanyahu mendesak rakyat Iran untuk turun ke jalan guna menggulingkan rezim yang berkuasa. Serangan gabungan AS-Israel yang diluncurkan Sabtu pagi itu diklaim bertujuan untuk menghapus ""ancaman"" yang ditimbulkan oleh Iran.
Selama ini, AS menuntut Iran menghentikan program nuklirnya, namun Teheran bersikeras bahwa program tersebut murni untuk tujuan sipil.
Menanggapi agresi tersebut, Iran segera meluncurkan gelombang serangan rudal dan drone yang menargetkan wilayah Israel serta pangkalan militer AS di kawasan Timur Tengah.
Menteri Luar Luar Negeri Iran, Abbas Araghchi, menyatakan bahwa serangan balasan tersebut merupakan tindakan terukur.
""Serangan Iran terhadap pangkalan militer AS di Timur Tengah tidak menargetkan negara-negara tertentu, melainkan terbatas pada situs-situs militer saja,"" tegas Araghchi, Sabtu (28/2)."
https://www.cnnindonesia.com/internasional/20260302150421-120-1333432/siapa-ali-larijani-tangan-kanan-yang-diisukan-jadi-penerus-khamenei,"Siapa Ali Larijani, Tangan Kanan yang Diisukan Jadi Penerus Khamenei?","Siapa Ali Larijani, Tangan Kanan yang Diisukan Jadi Penerus Khamenei?
Sekretaris Dewan Keamanan Nasional Iran Ali Larijani belakangan disorot karena disebut-sebut menjadi calon pengganti Pemimpin Tertinggi Ayatollah Ali Khamenei.
Khamenei tewas dalam serangan Amerika Serika-Israel di Teheran pada Sabtu (28/2) lalu.
ADVERTISEMENT
SCROLL TO CONTINUE WITH CONTENT
Nama Ali Larijani belakangan mengemuka karena ia salah satu pejabat tinggi Iran sekaligus orang kepercayaan Khamenei yang masih hidup di antara deretan pejabat tinggi Iran yang ikut gugur dalam serangan AS-Israel.
Laporan Al Jazeera menyebut Ali Larijani kemungkinan akan diberikan kewenangan tertentu pasca kematian Khamenei.
Menurut konstitusi Iran, jika pemimpin tertinggi meninggal dunia, kekuasaan sementara akan dipegang oleh sebuah dewan yang terdiri dari tiga orang, yakni Presiden, Kepala Kehakiman, dan satu ulama dari Guardian Council.
Dewan ini akan mengambil alih kendali pemerintahan hingga Majelis Ahli (Assembly of Experts), badan beranggotakan sekitar 90 ulama, menunjuk pemimpin tertinggi baru.
Saat ini, Iran telah menunjuk Ayatollah Alireza Arafi sebagai Pemimpin Tertinggi sementara.
Namun, Larijani tampil sebagai figur yang mengendalikan keputusan politik, militer, dan diplomatik paling sensitif Iran di tengah salah satu periode paling berbahaya yang dihadapi negara itu dalam beberapa dekade terakhir.
Di masa-masa krusial ini, Larijani dipandang sebagai sosok yang menggantikan sementara kekosongan pemimpin tertinggi Iran.
Terlepas dari mekanisme formal yang ada, berbagai laporan mengisyaratkan bahwa Larijani mungkin memegang kendali kekuasaan dari balik layar.
Menurut laporan The New York Times, ""di tengah ketegangan yang meningkat antara Amerika Serikat, Israel, dan Iran, muncul spekulasi bahwa Ali Larijani dapat memainkan peran sentral dalam setiap perubahan rezim di Iran.""
Dalam laporannya, NYT menyebut Khamenei tampaknya telah merampungkan strategi untuk memastikan kelangsungan Republik Islam jika ia lengser. Larijani (67) disebut mendapat mandat untuk menjalankan tanggung jawab tersebut dan berpotensi mengambil alih kendali negara.
[Gambas:Video CNN]
Profil Ali Larijani
Ali Larijani merupakan politikus veteran Iran yang kembali muncul sebagai pejabat keamanan Iran pada tahun lalu.
Larijani ditunjuk Khamenei menjadi Sekretaris Dewan Keamanan Nasional Tertinggi pada Agustus 2025, setelah Ali Akbar Ahmadian dikabarkan melemah pasca perang Israel-Iran pada Juni 2025.
Penunjukan Ali Larijani saat itu membuat banyak pihak heran lantaran Khamenei sebelumnya menentang Larijani menduduki posisi tersebut.
Larijani punya sejarah tak baik dengan Guardian Council, yang mendiskualifikasinya dari dua pemilihan presiden terakhir karena alasan kurangnya ""kehati-hatian"" dan karena kurangnya pegalaman eksekutif yang memadai.
Larijani sebelum ini sudah pernah menjabat sekretaris Dewan Keamanan Nasional pada 2005 hingga 2007.
Menurut laporan Middle East Eye ( MEE ) , Larijani dahulu merupakan tokoh reformis yang mendukung Iran menjalin hubungan dengan AS. Rekam jejaknya menunjukkan ia terbuka akan hubungan diplomatik dengan Washington.
Dilansir dari Reuters , selama menjabat Sekretaris Dewan Keamanan Nasional Tertinggi kali ini, Larijani terlibat dalam urusan luar negeri dan domestik, mulai dari negosiasi nuklir hingga tindakan tegas Teheran terhadap kerusuhan.
Salah satu tindakan tegas ini tercermin dalam aksi represif otoritas Iran dalam demo sipil pada Desember 2025 lalu.
Mengenai urusan luar negeri, Larijani merupakan sosok yang dipercaya Khamenei mengurus negosiasi nuklir dengan AS.
Saat diwawancara media bulan lalu, ia menyatakan masalah nuklir ini merupakan hal yang ""dapat diselesaikan"".
Pejabat Gedung Putih Ragukan Serangan AS Bisa Ganti Rezim Iran
'Pengganti' Khamenei Ogah Negosiasi dengan AS, Perang Bakal Panjang?
Iran Ngamuk, Rentetan Ledakan Terdengar Lagi di Kuwait, Bahrain, UEA
""Jika kekhawatiran Amerika adalah agar Iran tidak mendekati tingkat senjata nuklir, hal itu bisa diatasi,"" kata Larijani.
Larijani menjabat sebagai ketua parlemen Iran dari tahun 2008 hingga 2020. Selama masa jabatannya, Iran mencapai kesepakatan nuklir dengan enam kekuatan dunia pada 2015.
Namun, AS menarik diri dari kesepakatan yang dicapai susah payah tersebut pada 2018.
Dikutip Jerusalem Post , pasca serangan AS-Iran menewaskan Khamenei, Larijani kini mulai terlihat menggeser penuh posisinya. Ia telah menegaskan tak akan ada lagi negosiasi AS-Iran.
Larijani menuduh AS dan Israel berupaya menghancurkan Iran serta mengancam akan menindak keras kelompok separatis yang macam-macam dengan Teheran.
Larijani selama ini juga memegang peran penting dalam hubungan Iran dengan negara-negara sekutu seperti Rusia dan China.
Pada Januari, ia terbang ke Moskow untuk menjadi utusan khusus Iran. Ia juga terlibat dalam tercapainya kesepakatan 25 tahun antara Iran dan China.
Dahulu, ia juga berperan penting dalam Perang Iran-Irak.
Larijani lahir di Najaf, Irak, pada 1958 dari keluarga terkemuka Iran. Ia kemudian pindah ke Iran saat kecil dan menempuh pendidikan tinggi hingga mendapat gelar PhD filsafat.
Beberapa saudara lelakinya pernah memegang jabatan senior di pemerintahan, termasuk di bidang peradilan dan kementerian luar negeri.
Salah satu putrinya diberhentikan dari posisi pengajar kedokteran di Universitas Emory AS pada Januari menyusul protes aktivis Iran-AS yang marah atas perannya dalam kekerasan di demo Iran.
Sepak terjang Larijani, latar belakang pendidikannya, serta riwayat keluarganya yang terdidik diyakini membuat dia jadi salah satu calon potensial pengganti Khamenei.
""Jaringan keluarga Larijani bisa dibilang merupakan jaringan kekuasaan paling berpengaruh yang saling terkait di jajarak atas rezim,"" demikian pernyataan media Turki TRT ."
https://www.cnnindonesia.com/nasional/20260303180218-32-1333939/megawati-kirim-surat-duka-atas-kematian-khamenei-kecam-as-israel,"Megawati Kirim Surat Duka Atas Kematian Khamenei, Kecam AS-Israel","Megawati Kirim Surat Duka Atas Kematian Khamenei, Kecam AS-Israel
Presiden kelima RI, Megawati Soekarnoputri menyampaikan surat duka atas kematian Pemimpin Tertinggi Iran, Ayatollah Ali Khamenei oleh serangan gabungan AS-Israel pada 28 Februari lalu.
Surat Megawati dikirim sejumlah pengurus pusat partainya, dipimpin Sekjen PDIP Hasto Kristiyanto dan diterima langsung Duta Besar Iran, Mohammad Boroujerdi di Kedutaan Besar (Kedubes) Iran, Jakarta, Selasa (3/3).
Megawati dalam suratnya mengaku terkejut sekaligus berbelasungkawa terhadap Khamenei yang gugur dalam serangan mendadak gabungan AS-Israel.
ADVERTISEMENT
SCROLL TO CONTINUE WITH CONTENT
""Atas nama pribadi dan keluarga besar Bung Karno serta mewakili bangsa dan rakyat Indonesia yang mencintai perdamaian, keadilan dan kedaulatan negara merdeka, saya menyampaikan simpati dan solidaritas kami yang tulus bagi keluarga, pemerintah, dan seluruh rakyat Iran,"" tulis Megawati.
Menurut Mega, selama tiga dekade memimpin Iran, Khamenei memiliki kedekatan batin dengan perjuangan Sukarno.
Timteng Memanas, 358 Jemaah Umrah Asal Makassar Masih di Arab Saudi
Himpuh Ungkap Ratusan Jemaah Umrah Masih Tertahan di Qatar-Dubai
Himpuh Minta Dispensasi Usai Jemaah Umrah Tunda Keberangkatan
Sejumlah kesaksian menyebut, Khamenei sejak muda mengagumi Bung Karno: membaca pemikirannya, dan menjadikan Pancasila dan Dasa Sila Bandung sebagai salah satu referensi dalam merumuskan sintesis antara agama, kebangsaan dan keadilan sosial di Iran.
Mega mengaku Indonesia dan Iran memiliki ikatan historis dan kesamaan nasib sebagai sesama bangsa yang menentang berbagai bentuk penjajahan.
""Dalam kepemimpinan beliau kami menangkap gema semangat anti kolonialisme, solidaritas dunia ketiga, dan tekad untuk menolak segala bentuk dominasi dan ketidakadilan global,"" ujarnya.
Megawati mengenang kunjungannya ke Teheran pada 2004, selaku Presiden Republik Indonesia. Kunjungan itu adalah untuk menghadiri Konferensi D-8 sekaligus memperkuat hubungan persahabatan dan kerjasama antara kedua negara. Kala itu, tulis Mega, dia berkesempatan bertemu Ayatullah Ali Khamenei.
""Saya merasakan sambutan persahabatan yang hangat serta kharisma kepemimpinan yang terpancar dalam diri beliau,"" ujar Mega.
Mega dalam suratnya sekaligus menegaskan bahwa masyarakat Indonesia berdiri bersama Iran menolak dan mengecam agresi militer AS dan Israel yang dinilai sepihak dan melanggar kedaulatan negara.
""Kami meyakini prinsip yang kami pegang sejak era Bung Karno hingga hari ini, yakni bahwa penyelesaian konflik harus ditempuh melalui jalan dialog, perundingan yang adil, dan penghormatan terhadap hukum internasional, bukan melalui kekerasan dan penggunaan kekuatan bersenjata,"" katanya."
https://www.cnnindonesia.com/internasional/20260305065848-120-1334462/prabowo-kirim-surat-jelang-pemakaman-ali-khamenei,Prabowo Kirim Surat Jelang Pemakaman Ali Khamenei,"Prabowo Kirim Surat Jelang Pemakaman Ali Khamenei
Presiden Prabowo Subianto mengirimkan surat duka cita sebagai pernyataan belasungkawa atas wafatnya Pemimpin Tertinggi Iran Ayatollah Ali Khamenei dalam serangan Amerika Serikat-Israel terhadap Iran.
Sekretaris Kabinet Teddy Indra Wijaya mengatakan surat resmi yang ditulis Presiden Prabowo itu ditujukan kepada Presiden Iran Masoud Pezeshkian menjelang pemakaman Ali Khamenei dalam waktu dekat di Mashhad yang merupakan kota suci dan kota terbesar kedua di Iran.
""Menjelang pemakaman pemimpin tertinggi Iran yang direncanakan di Mashhad yang merupakan kota suci dan kota terbesar kedua di Iran dalam waktu dekat ini, Presiden Prabowo Subianto menulis surat duka cita atas wafatnya Pemimpin Tertinggi Iran Ayatollah Ali Khamenei yang gugur dalam serangan militer pada awal Maret 2026,"" ucap Teddy dikutip dari Antara, Kamis (5/3).
ADVERTISEMENT
SCROLL TO CONTINUE WITH CONTENT
Apa Itu Selat Hormuz dan Kenapa Vital dalam Perang Iran vs AS-Israel?
Fakta Hari Ke-6 Perang Iran vs AS-Israel: CIA Rekrut Kurdi, Trump Rugi
Daftar Aset Militer-Diplomatik AS yang Digempur Serangan Balasan Iran
Semula Ali Khamenei dijadwalkan dimakamkan pada Rabu (4/3) malam waktu setempat. Namun, prosesi pemakaman tersebut dikabarkan ditunda. Pemerintah Iran memutuskan Ali Khamenei akan dimakamkan di Masshad, kota yang sama tempat ayahnya dimakamkan.
Lebih lanjut, Teddy mengatakan surat resmi berisi dari Prabowo merupakan pernyataan belasungkawa mendalam dan diserahkan langsung oleh Menteri Luar Negeri Sugiono kepada Dubes Iran untuk Indonesia Mohammad Boroujerdi.
Dalam pertemuan tersebut, Menlu Sugiono dan Dubes Boroujerdi membahas terkait eskalasi situasi di Timur Tengah akibat serangan AS dan Israel ke Iran yang memicu serangan balasan Teheran ke sejumlah lokasi di Teluk Persia.
Dalam kesempatan yang sama, Sugiono juga menekankan pentingnya sikap menghormati hukum internasional dan Piagam Perserikatan Bangsa-Bangsa (PBB), serta mendesak langkah diplomasi demi meredakan eskalasi yang terjadi."
https://www.cnnindonesia.com/internasional/20260301113942-120-1333012/iran-mulai-proses-transisi-kekuasaan-usai-kematian-khamenei,Iran Mulai Proses Transisi Kekuasaan Usai Kematian Khamenei,"Iran Mulai Proses Transisi Kekuasaan Usai Kematian Khamenei
Republik Islam Iran resmi mengumumkan mekanisme transisi kepemimpinan pasca-laporan kematian Pemimpin Tertinggi Ayatollah Ali Khamenei dalam serangan gabungan Amerika Serikat (AS) dan Israel.
Khamenei dilaporkan terbunuh pada Sabtu (28/2) dini hari waktu setempat. Kondisi ini membuat otoritas Iran harus melakukan transisi kekuasaan.
Melansir Al Jazeera , Kantor berita resmi Iran, IRNA melaporkan bahwa sebuah dewan beranggotakan tiga orang akan mengambil alih seluruh tugas kepemimpinan negara untuk sementara waktu.
ADVERTISEMENT
SCROLL TO CONTINUE WITH CONTENT
Dewan transisi ini dibentuk guna menjaga stabilitas pemerintahan dan keamanan nasional Iran di tengah eskalasi konflik yang sedang berlangsung.
Waktu Terbunuhnya Pemimpin Iran Ayatollah Ali Khamenei Terungkap
Garda Revolusi Iran Berduka, Bersumpah Balas Dendam Kematian Khamenei
Raungan Tangis dan Perayaan, Iran Terbelah Sikapi Kematian Khamenei?
Sesuai dengan protokol konstitusi dalam kondisi darurat, ketiga pejabat tertinggi yang akan memimpin jalannya pemerintahan adalah:
1. Presiden Iran: Sebagai kepala eksekutif yang menjalankan roda pemerintahan sehari-hari.
2. Ketua Mahkamah Agung (Kepala Kehakiman): Sebagai representasi otoritas hukum tertinggi.
3. Ahli Hukum Dewan Garda: Perwakilan dari lembaga ulama senior yang bertugas memastikan kebijakan tetap selaras dengan prinsip-prinsip negara.
Dewan ini memegang mandat penuh untuk mengelola urusan negara hingga pemilihan atau penunjukan Pemimpin Tertinggi yang baru dilakukan oleh Majelis Ahli ( Assembly of Experts ).
Langkah ini diambil untuk mencegah terjadinya kekosongan kekuasaan (power vacuum) yang dapat memicu ketidakpastian politik di dalam negeri.
Konstitusi Iran telah mengatur proses suksesi apabila Pemimpin Tertinggi meninggal dunia. Dalam mekanisme tersebut, kekuasaan sementara akan dipegang oleh sebuah dewan yang terdiri dari tiga orang, yakni Presiden Iran, Kepala Kehakiman, serta satu ulama dari Dewan Garda ( Guardian Counci l).
Pihak otoritas di Teheran menegaskan bahwa seluruh fungsi kedaulatan tetap berjalan normal di bawah pengawasan dewan tiga serangkai tersebut, meskipun tekanan militer dari luar negeri belum mereda."
https://www.cnnindonesia.com/internasional/20260301134636-120-1333046/iran-tuding-ada-upaya-pecah-belah-usai-kematian-khamenei,Iran Tuding Ada Upaya Pecah Belah Usai Kematian Khamenei,"Iran Tuding Ada Upaya Pecah Belah Usai Kematian Khamenei
Kepala Keamanan Iran Ali Larijani memperingatkan warga mewaspadai upaya memecah belah Iran setelah pembunuhan Pemimpin Tertinggi Ayatollah Ali Khamenei dalam serangan AS dan Israel.
Ia menuding ada sejumlah kelompok yang tidak ingin Iran bersatu usai mendapat serangan dahsyat dari Amerika Serikat dan Israel.
ADVERTISEMENT
SCROLL TO CONTINUE WITH CONTENT
""Kelompok-kelompok yang berusaha memecah belah Iran harus tahu bahwa kami tidak akan mentolerirnya,"" kata Larijani, kepala Dewan Keamanan Nasional Tertinggi, dalam wawancara yang ditayangkan di televisi negara, melansir AFP , Minggu (1/3).
Dalam kesempatan itu, ia juga menyerukan agar seluruh warga Iran untuk bersatu di saat menghadapi gempuran AS dan Israel.
Sebelumnya, dua respons berebeda terjadi di sejumlah kota Iran dalam menyikapi kematian Khamenei.
Suasana duka menyelimuti Kota Mashhad, Iran, menyusul konfirmasi kematian Pemimpin Tertinggi Ayatollah Ali Khamenei dalam serangan brutal Amerika Serikat (AS) dan Israel, Sabtu (28/2).
Saluran berita Press TV merilis cuplikan video yang memperlihatkan para pendukung Khamenei meratapi kepergian sang pemimpin di kompleks makam suci Imam Reza.
China Buka Suara usai AS-Israel Serang Iran Habis-habisan
Pakar Sebut AS Bikin Kesalahan Besar Bunuh Khamenei
Iran Mau Balas Kematian Khamenei, Trump Ancam Serangan Lebih Dahsyat
Dalam rekaman tersebut, sejumlah orang terdengar menangis histeris mengetahui kematian Khamenei, sementara beberapa lainnya tampak jatuh pingsan di lantai karena duka yang mendalam.
Namun, pemandangan berbeda dilaporkan terjadi di jantung kota Teheran, Iran. Di saat pendukung konservatif berduka, sebagian warga lainnya justru merayakan pengumuman kematian tersebut.
Melansir Al Jazeera , situasi kontras yang dilaporkan yakni adanya perayaan dan peluncuran kembang api di beberapa titik ibu kota segera setelah kabar kematian Khamenei tersiar.
Sentimen ini dipicu oleh kemarahan sebagian besar rakyat Iran terhadap Khamenei dan pasukan keamanannya yang dituduh memerintahkan pembunuhan ribuan pengunjuk rasa dalam beberapa pekan terakhir."
https://www.cnnindonesia.com/internasional/20260301104905-120-1333003/raungan-tangis-dan-perayaan-iran-terbelah-sikapi-kematian-khamenei,"Raungan Tangis dan Perayaan, Iran Terbelah Sikapi Kematian Khamenei?","Raungan Tangis dan Perayaan, Iran Terbelah Sikapi Kematian Khamenei?
Suasana duka menyelimuti Kota Mashhad, Iran , menyusul konfirmasi kematian Pemimpin Tertinggi Ayatollah Ali Khamenei dalam serangan brutal Amerika Serikat (AS) dan Israel, Sabtu (28/2).
Saluran berita Press TV merilis cuplikan video yang memperlihatkan para pendukung Khamenei meratapi kepergian sang pemimpin di kompleks makam suci Imam Reza.
Dalam rekaman tersebut, sejumlah orang terdengar menangis histeris mengetahui kematian Khamenei, sementara beberapa lainnya tampak jatuh pingsan di lantai karena duka yang mendalam.
ADVERTISEMENT
SCROLL TO CONTINUE WITH CONTENT
Namun, pemandangan berbeda dilaporkan terjadi di jantung kota Teheran, Iran. Di saat pendukung konservatif berduka, sebagian warga lainnya justru merayakan pengumuman kematian tersebut.
Melansir Al Jazeera , situasi kontras yang dilaporkan yakni adanya perayaan dan peluncuran kembang api di beberapa titik ibu kota segera setelah kabar kematian Khamenei tersiar.
Media Iran Konfirmasi Khamenei Tewas dalam Serangan AS-Israel
Waktu Terbunuhnya Pemimpin Iran Ayatollah Ali Khamenei Terungkap
Akhir Tragis Khamenei, Imam Iran yang Dilabel Pahlawan hingga Tiran
Sentimen ini dipicu oleh kemarahan sebagian besar rakyat Iran terhadap Khamenei dan pasukan keamanannya yang dituduh memerintahkan pembunuhan ribuan pengunjuk rasa dalam beberapa pekan terakhir.
Bagi kelompok penentang rezim pemerintahan Khamenei, kematian ini dipandang sebagai akhir dari penindasan brutal yang telah merenggut nyawa para aktivis di seluruh negeri Iran.
Terbelahnya reaksi masyarakat menyikapi kematian Khamenei menunjukkan adanya polarisasi di internal Iran saat ini di tengah krisis yang terjadi.
Di satu sisi, loyalis rezim dan Garda Revolusi (IRGC) bersiap melakukan balas dendam, sementara di sisi lain, kelompok pro-demokrasi melihat ini sebagai celah untuk melakukan perubahan politik secara total.
[Gambas:Twitter]
Hingga saat ini, aparat keamanan Iran dilaporkan masih bersiaga penuh untuk mencegah kerusuhan massa yang lebih luas akibat bentrokan antara dua kubu yang berseberangan tersebut.
Stabilitas domestik Iran juga dipertaruhkan setelah kematian Khamenei dan terbelahnya reaksi warga soal kematian pemimpin tertinggi negara itu."
https://www.cnnindonesia.com/internasional/20260301094313-120-1332984/garda-revolusi-iran-berduka-bersumpah-balas-dendam-kematian-khamenei,"Garda Revolusi Iran Berduka, Bersumpah Balas Dendam Kematian Khamenei","Garda Revolusi Iran Berduka, Bersumpah Balas Dendam Kematian Khamenei
Korps Garda Revolusi Islam (IRGC) secara resmi memberikan respons atas kematian Pemimpin Tertinggi Iran Ayatollah Ali Khamenei dalam serangan gabungan Amerika Serikat (AS) dan Israel, Sabtu (28/2).
Melalui pernyataan yang disiarkan kantor berita Fars, IRGC menyatakan duka mendalam atas kematian Khamenei dan menyebut dunia telah kehilangan sosok pemimpin besar.
""Kami telah kehilangan pemimpin besar dan kami berkabung untuknya,"" tulis pernyataan resmi IRGC, seperti dilansir Al Jazeera , Minggu (1/3).
ADVERTISEMENT
SCROLL TO CONTINUE WITH CONTENT
IRGC menyebut kematian Khamenei sebagai bentuk kesyahidan akibat serangan yang dilancarkan oleh aliansi Amerika Serikat dan Israel.
Dalam pernyataannya, IRGC menyampaikan bahwa kesyahidan Khamenei di tangan ""teroris paling keji dan eksekutor kemanusiaan"" diklaim sebagai bukti nyata legitimasi perjuangannya selama ini.
Media Iran Konfirmasi Khamenei Tewas dalam Serangan AS-Israel
Waktu Terbunuhnya Pemimpin Iran Ayatollah Ali Khamenei Terungkap
Khamenei Tewas Imbas Serangan AS-Israel, Iran Berkabung 40 Hari
IRGC menegaskan bahwa ""tangan balas dendam bangsa Iran"" tidak akan membiarkan para pelaku serangan (AS dan Israel) lolos begitu saja.
Militer elite Iran tersebut berjanji akan tetap berdiri teguh dalam menghadapi segala bentuk konspirasi, baik yang datang dari dalam maupun luar negeri.
Pernyataan ini muncul di tengah gempuran udara yang masih dilaporkan terjadi di beberapa titik strategis di Iran. IRGC mengisyaratkan bahwa struktur komando mereka tetap solid meskipun kehilangan pemimpin tertinggi, dan siap meluncurkan operasi balasan yang lebih luas.
Sebelumnya, Presiden AS Donald Trump mengeklaim banyak anggota IRGC yang ingin menyerah dan mencari imunitas setelah banyak pejabat Iran tewas dalam serangan pada Sabtu (28/2).
Otoritas Iran sendiri telah mendeklarasikan masa berkabung selama 40 hari usai Ayatollah Ali Khamenei resmi dinyatakan tewas. Disebutkan bahwa Khamenei terbunuh di kantornya saat ""melaksanakan tugas yang diberikan kepadanya"" pada dini hari Sabtu (28/2).
Ayatollah Ali Khamenei sendiri telah memimpin Iran sejak 1989 dan memegang otoritas politik serta agama tertinggi di negara tersebut."
https://www.cnnindonesia.com/internasional/20260301165228-120-1333083/presiden-iran-balas-dendam-kematian-khamenei-adalah-kewajiban-dan-hak,Presiden Iran: Balas Dendam Kematian Khamenei Adalah Kewajiban dan Hak,"Presiden Iran: Balas Dendam Kematian Khamenei Adalah Kewajiban dan Hak
Presiden Iran Masoud Pezeshkian mengatakan bahwa membalas dendam atas pembunuhan pemimpin tertinggi Iran, Ayatollah Ali Khamenei, dan pejabat senior lainnya adalah ""kewajiban dan hak sah"" negara tersebut.
""Republik Islam Iran menganggap mencari keadilan dan membalas dendam kepada para pelaku dan mereka yang memerintahkan kejahatan bersejarah ini sebagai kewajiban dan hak sahnya, dan akan mengerahkan seluruh kekuatannya untuk memenuhi tanggung jawab dan kewajiban besar ini,"" kata Pezeshkian, disiarkan Al Jazeera, Minggu (1/3).
ADVERTISEMENT
SCROLL TO CONTINUE WITH CONTENT
Sebelumnya Pezeshkian dalam pernyataan resminya mengatakan pembunuhan Khamenei adalah 'kejahatan besar'. Dia berjanji akan membalas Amerika Serikat dan Israel atas kematiannya.
Pezeshkian bilang tewasnya Khamenei menjadi titik balik yang menrehkan babak baru dalam sejarah dunia Islam dan Syiah. Pengorbanan Khamenei akan menjadi simbol perlawanan.
""Kejahatan besar ini tidak akan dibiarkan tanpa jawaban dan akan membuka halaman baru dalam sejarah dunia Islam dan Syiah. Darah murni pemimpin tinggi ini akan mengalir seperti mata air yang deras dan akan menyingkirkan penindasan dan kejahatan Amerika-Zionis,"" katanya di keterangan resmi.
Khamenei tewas karena serangan udara yang dikirim Israel dan AS ke Teheran. Anak perempuannya, menantu perempuannya, menantu laki-lakinya dan cucu Khamenei juga tewas.
Presiden AS Donald Trump mengatakan serangan balasan dari Iran bakal direspons dengan lebih keras.
""Iran baru saja menyatakan bahwa mereka akan menyerang dengan sangat keras hari ini, lebih keras dari yang pernah mereka lakukan sebelumnya,"" tulis Trump dalam sebuah unggahan di Truth Social pada hari Minggu.
""Lebih baik mereka tidak melakukan itu, karena jika mereka melakukannya, kita akan menyerang mereka dengan kekuatan yang belum pernah terlihat sebelumnya,"" ujar Trump lagi."
https://www.cnnindonesia.com/internasional/20260301125649-134-1333040/iran-mau-balas-kematian-khamenei-trump-ancam-serangan-lebih-dahsyat,"Iran Mau Balas Kematian Khamenei, Trump Ancam Serangan Lebih Dahsyat","Iran Mau Balas Kematian Khamenei, Trump Ancam Serangan Lebih Dahsyat
Presiden Amerika Serikat Donald Trump mengeluarkan peringatan keras kepada Iran . Ia mendesak Iran tidak melancarkan serangan balasan setelah pemimpin tertinggi mereka, Ayatollah Ali Khamenei tewas.
Trump menyampaikan hal tersebut melalui akun media sosial Truth miliknya pada Sabtu (28/2). Pernyataan ini sekaligus menanggapi ancaman balasasn yang diklaim Teheran akan dilancarkan 'lebih keras dari sebelumnya'.
ADVERTISEMENT
SCROLL TO CONTINUE WITH CONTENT
""Iran baru saja menyatakan akan menyerang dengan sangat keras hari ini, lebih keras dari sebelumnya,"" tulis Trump, melansir Al Jazeera , Minggu (1/3).
""Namun mereka sebaiknya tidak melakukan itu, karena jika mereka melakukannya, kami akan menghantam mereka dengan kekuatan yang belum pernah terlihat sebelumnya!"" lanjutnya.
Pernyataan ini muncul di tengah ketegangan yang meningkat tajam antara Washington dan Teheran, menyusul serangan AS dan Israel yang menewaskan Pemimpin Tertinggi Iran Ayatollah Ali Khamenei serta sejumlah pejabat tinggi negara.
Sebelumnya, Presiden Iran Masoud Pezeshkian mengecam pembunuhan Pemimpin Tertinggi Iran Ayatollah Ali Khamenei sebagai kejahatan besar'. Ia berjanji akan membalasnya.
Dalam pernyataan resmi dari kantor presidennya, Pezeshkian menyebut kematian Khamenei sebagai titik balik yang akan menorehkan babak baru dalam sejarah dunia Islam dan Syiah.
Raungan Tangis dan Perayaan, Iran Terbelah Sikapi Kematian Khamenei?
China Buka Suara usai AS-Israel Serang Iran Habis-habisan
Total 17 Penerbangan dari Bandara Soetta ke Timur Tengah Dibatalkan
Ia juga menegaskan bahwa pengorbanan sang pemimpin tertinggi akan menjadi simbol perlawanan terhadap apa yang disebutnya ""penindasan dan kejahatan Amerika-Zionis.""
""Kejahatan besar ini tidak akan dibiarkan tanpa jawaban dan akan membuka halaman baru dalam sejarah dunia Islam dan Syiah. Darah murni pemimpin tinggi ini akan mengalir seperti mata air yang deras dan akan menyingkirkan penindasan dan kejahatan Amerika-Zionis,"" ujar Pezeshkian.
Presiden Iran itu menambahkan, dengan seluruh kekuatan dan tekad negara, serta dukungan umat Islam dan rakyat bebas di seluruh dunia, Teheran akan memastikan para pelaku dan komandan serangan tersebut menyesal atas tindakan mereka.
""Dengan seluruh kekuatan dan tekad kami, dengan dukungan umat islam dan rakyat bebas di seluruh dunia, kami akan membuat para pelaku dan komandan besar ini menyesal,"" katanya.
Selain itu, Pezeshkian mengumumkan tujuh hari libur nasional, menyusul 40 hari berkabung resmi yang telah ditetapkan sebelumnya, sebagai bentuk penghormatan terhadap Khamenei."
https://www.cnnindonesia.com/internasional/20260301213329-113-1333152/9-orang-tewas-saat-demo-kematian-khamenei-di-konsulat-as-di-pakistan,9 Orang Tewas Saat Demo Kematian Khamenei di Konsulat AS di Pakistan,"9 Orang Tewas Saat Demo Kematian Khamenei di Konsulat AS di Pakistan
Sedikitnya sembilan orang demonstran ditembak dan dibunuh ketika menerobos tembok luar konsulat AS di kota Karachi, Pakistan .
Aksi demonstrasi ini untuk merespons serangan AS dan Israel yang menewaskan Pemimpin Tertinggi Iran Ayatollah Ali Khamenei.
ADVERTISEMENT
SCROLL TO CONTINUE WITH CONTENT
""Matilah Israel, matilah Amerika,"" teriak para demonstran seperti dikutip dari Reuters , Minggu (1/3).
Di Irak, polisi menembakkan gas air mata dan granat kejut untuk membubarkan ratusan demonstran pro-Iran yang berkumpul di luar Zona Hijau di ibu kota Baghdad, tempat kedutaan AS berada.
Pakistan dan Irak memiliki populasi Muslim Syiah terbesar setelah Iran.
Di Karachi, para demonstran didorong mundur dari konsulat setelah mereka menerobos lapisan keamanan luar. Mereka membakar sebuah kendaraan di luar gerbang utama dan bentrok dengan polisi.
Juru Bicara Pemerintah Pakistan Sukhdev Assardas Hemnani mengatakan petugas keamanan konsulat AS melepaskan tembakan ke arah para demonstran.
""Kami terus berhubungan dengan para pejabat konsulat. Mereka semua aman,"" tambahnya.
Dalam demo tersebut, sembilan demonstran tewas dan 34 lainnya mengalami luka-luka. Rumah Sakit Sipil Karachi mengatakan semua yang tewas dan terluka terkena tembakan.
Konsulat AS di Karachi dan Kedutaan Besar AS di Islamabad tidak menanggapi permintaan komentar dari Reuters.
Wartawan Reuters mendengar suara tembakan dan melihat gas air mata ditembakkan di jalan-jalan sekitar kompleks. Rekaman video menunjukkan para demonstran memegang gambar Khamenei dan meneriakkan slogan-slogan anti-AS sebelum bentrokan meletus.
""Kami memantau laporan demonstrasi yang sedang berlangsung,"" kata Kedutaan Besar AS di Islamabad dalam sebuah unggahan di X.
Hamas Ucapkan Belasungkawa Atas Kematian Khamenei
Korut Kecam Agresi AS-Israel ke Iran: Melanggar Kedaulatan
Inggris Imbau Warganya di 4 Negara Timur Tengah Cari Tempat Berlindung
Kedutaan juga mengimbau warga AS di Pakistan untuk lebih berhati-hati di tengah eskalasi yang terjadi.
Menteri Dalam Negeri Pakistan, Mohsin Naqvi mendesak para demonstran untuk tetap damai. Dia menambahkan bahwa setiap warga Pakistan sama berdukanya dengan rakyat Iran.
Pemerintah provinsi memerintahkan penyelidikan tingkat tinggi untuk menentukan bagaimana situasi tersebut meningkat dan mengidentifikasi pihak yang bertanggung jawab.
Kantor PBB Dibakar
Sejumlah besar demonstran juga turun ke jalan di bagian lain Pakistan, membawa bendera hitam dan meneriakkan ""turunkan Amerika!"" dan slogan anti-Israel.
Para demonstran membakar gedung kantor PBB di kota Skardu di utara, di wilayah Gilgit Baltistan yang biasanya damai dan mayoritas Syiah, yang populer di kalangan wisatawan.
""Sejumlah besar demonstran telah berkumpul di luar kantor PBB dan membakar gedung tersebut,"" kata juru bicara pemerintah setempat, Shabbir Mir, kepada Reuters.
Di kota Lahore di tengah, polisi mengatakan ratusan demonstran berkumpul di luar konsulat AS. Terjadi beberapa bentrokan kecil dengan polisi, yang menembakkan gas air mata untuk membubarkan para demonstran.
Polisi menyebut, beberapa demonstran mencoba merusak gerbang keamanan, yang berjarak ratusan meter dari konsulat."
https://www.cnnindonesia.com/ekonomi/20260310174159-85-1336495/iran-ancam-blokir-ekspor-minyak-ke-sekutu-as-israel-selama-perang,Iran Ancam Blokir Ekspor Minyak ke Sekutu AS-Israel Selama Perang,"Iran Ancam Blokir Ekspor Minyak ke Sekutu AS-Israel Selama Perang
Garda Revolusi Iran (IRGC) tidak akan mengizinkan ekspor minyak dari kawasan Timur Tengah (Timteng) ke negara-negara sekutu Amerika Serikat (AS) dan Israel selama konflik masih berlangsung.
Juru bicara IRGC Ali Mohammad Naini mengatakan pasukan Iran akan memblokir pengiriman minyak ke pihak yang dianggap sebagai musuh hingga ada pemberitahuan lebih lanjut.
""Angkatan bersenjata Iran tidak akan mengizinkan ekspor satu liter pun minyak dari kawasan ini ke pihak musuh dan para mitranya sampai pemberitahuan berikutnya,"" ujar Naini seperti dikutip Kantor Berita Tasnim, Selasa (11/3).
ADVERTISEMENT
SCROLL TO CONTINUE WITH CONTENT
Ia menegaskan kebijakan tersebut dapat berubah tergantung perkembangan konflik di kawasan.
Konflik bermula pada 28 Februari ketika AS dan Israel melancarkan serangan ke Iran yang menewaskan pemimpin tertinggi Iran Ayatollah Ali Khamenei. Serangan itu memicu perang yang kemudian meluas ke berbagai wilayah di Timur Tengah.
Iran kemudian membalas dengan meluncurkan serangan drone dan rudal yang menargetkan Israel serta kepentingan Amerika Serikat di kawasan.
Situasi tersebut turut mengganggu lalu lintas pelayaran di Selat Hormuz, jalur strategis yang biasanya dilalui hampir 20 persen perdagangan minyak mentah dunia.
Sejak perang pecah, pasukan Iran juga dilaporkan berulang kali menargetkan kapal tanker minyak yang melintasi perairan tersebut.
Ketegangan ini sempat mendorong harga minyak dunia melonjak di atas US$100 per barel, level tertinggi sejak invasi Rusia ke Ukraina pada 2022.
Namun, harga kemudian berbalik turun pada Senin setelah Presiden Amerika Serikat Donald Trump menyatakan operasi militer kemungkinan akan segera berakhir.
Naini menilai upaya pihak tertentu untuk menekan harga energi tidak akan bertahan lama selama konflik masih berlangsung.
""Upaya mereka untuk menurunkan dan mengendalikan harga minyak dan gas akan bersifat sementara dan tidak membuahkan hasil,"" ujarnya.
""Perdagangan dalam kondisi perang sangat bergantung pada keamanan,"" lanjutnya.
Pada Senin malam, Garda Revolusi Iran juga menyerukan negara-negara lain untuk mengusir duta besar Amerika Serikat dan Israel dari wilayah mereka.
IRGC menyatakan negara Arab atau Eropa yang melakukan langkah tersebut akan diberi kebebasan melintas di Selat Hormuz mulai hari berikutnya, sebagaimana dikutip televisi pemerintah Iran.
[Gambas:Video CNN]"
https://www.cnnindonesia.com/internasional/20260310152551-120-1336431/warga-iran-tumpah-ruah-ke-jalan-sumpah-setia-ke-mojtaba-khamenei,"Warga Iran Tumpah Ruah ke Jalan, Sumpah Setia ke Mojtaba Khamenei","Warga Iran Tumpah Ruah ke Jalan, Sumpah Setia ke Mojtaba Khamenei
Ribuan warga Iran tumpah-ruah ke jalan saat upacara pengambilan sumpah setia ke Pemimpin Tertinggi baru sekaligus pemimpin ketiga Revolusi Islam Mojtaba Khamenei pada Senin (9/3),
Warga berkumpul di Enghelab Square di Teheran, acara dimulai pukul 15.00 waktu setempat atau sekitar 18. 30 WIB. Banyak di antara mereka yang mengenakan pakaian serba hitam, membawa bendera Iran, dan poster Mojtaba.
ADVERTISEMENT
SCROLL TO CONTINUE WITH CONTENT
""Jutaan warga mengucapkan sumpah setia kepada Pemimpin Revolusi Islam yang baru, Ayatollah Seyed Mojtaba Khamenei,"" demikian laporan media pemerintah, Tasnim News Agency .
Slogan-slogan seperti ""Tangan Tuhan melindungi kita"", ""Khamenei pemimpin kita"" menggema sepanjang acara berlangsung.
Warga juga banyak yang mengecam serangan Amerika Serikat dan Israel terhadap Iran pada 28 Februari hingga operasi mereka pada Juni tahun lalu atau yang dikenal Perang 12 Hari.
Media pemerintah ini menggambarkan antusiasme warga yang ikut menyatakan sumpah setia menunjukkan mereka tak akan menyerah dengan cara apa pun dan musuh akan merasakan pahitnya kekalahan.
Mojtaba jadi Pemimpin Tertinggi Iran usai pendahulu sekaligus ayahnya Ayatollah Ali Khamenei yang juga ayahnya tewas dalam operasi Amerika Serikat dan Israel ke negara itu pada 28 Februari.
Dalam misinya meluncurkan operasi di Iran, Presiden Donald Trump menegaskan ambisi imperialisnya dengan keinginan dia mengganti rezim di negara tersebut.
Namun, kepemimpinan ulama Iran telah mengakar kuat sehingga sulit digoyah.
Di hari pertama AS-Israel meluncurkan serangan, Iran langsung membalas. Pasukan Korps Garda Revolusi Islam menargetkan Negeri Zionis dan aset militer AS di negara-negara Timur Tengah."
https://www.cnnindonesia.com/internasional/20260310133805-120-1336353/macron-sebut-prancis-dan-sekutu-ingin-buka-paksa-selat-hormuz,Macron Sebut Prancis dan Sekutu Ingin Buka Paksa Selat Hormuz,"Macron Sebut Prancis dan Sekutu Ingin Buka Paksa Selat Hormuz
Presiden Prancis Emmanuel Macron menyebut Prancis dan sekutu sedang menyiapkan misi membuka paksa Selat Hormuz .
Ini disampaikan Macron di Ciprus, Senin (10/3), setelah sempat mendarat di kapal induk Charles de Gauller. Macron menyebut upaya pembukaan Selat Hormuz akan sangat diupayakan.
""Ini [Selat Hormuz] penting untuk perdagangan internasional, tetapi juga untuk aliran gas dan minyak yang harus meninggalkan wilayah [Teluk] kembali,"" kata Macron dilansir dari AFP.
ADVERTISEMENT
SCROLL TO CONTINUE WITH CONTENT
Harga Minyak Dunia Menggila, Trump Pertimbangkan Cabut Sanksi Rusia
Iran Izinkan Kapal Lewat Selat Hormuz, Asal Mau Usir Dubes AS-Israel
Rudal AS Menuju Timteng, Warga Korsel Khawatir Serangan Korut
Macron juga bertemu Presiden Siprus Nikos Christodoulides dan Perdana Menteri Yunani Kyriakos Mitsotakis di Ciprus. Misi Prancis membuka kembali Selatan Hormuz didukung dua negara itu.
Macron mengklaim, Uni Eropa siap meningkatkan operasinya untuk melindungi lalu lintas maritim di Timur Tengah. Dalam hal ini Uni Eropa menjalankan misi penguatan angkatan laut.
Saat ini Selat Hormuz sedang dijaga ketat Iran. Selat ini tidak sepenuhnya terbuka, juga tidak sepenuhnya tertutup. Iran menjadi penentu siapa yang berhak lewat dan tidak di selat tersebut.
Kapal-kapal yang tidak mendapat izin melintas dari Iran akan dihancurkan. Hal ini membuat perusahaan kapal yang biasa membawa minyak dari negara-negara Teluk, enggan mengambil risiko.
Pemblokiran Selat Hormuz dilakukan Iran sebagai upaya menjaga stabilitas kawasan dari infiltrasi Amerika Serikat dan Israel. Pasalnya kedua negara itu telah mengawali perang.
AS-Israel memulai perang pada 28 Februari dengan serangan ke sejumlah wilayah. Salah satu korbannya adalah Pemimpin Tertinggi Iran Ayatollah Ali Khamenei dan sejumlah petinggi negeri.
Serangan ini membuat Iran murka dan melakukan balasan. Pangkalan militer Amerika yang tersebut di Timur Tengah menjadi sasaran. Lalu lintas di Selat Hormuz pun dibatasi oleh Iran.
[Gambas:Video CNN]"
https://www.cnnindonesia.com/internasional/20260310133029-120-1336341/presiden-iran-ucap-sumpah-setia-ke-mojtaba-khamenei,Presiden Iran Ucap Sumpah Setia ke Mojtaba Khamenei,"Presiden Iran Ucap Sumpah Setia ke Mojtaba Khamenei
Presiden Iran Masoud Pezeshkian mengucapkan sumpah setia ke Mojtaba Khamenei sebagai Pemimpin Tertinggi baru Iran sekaligus pemimpin ketiga Revolusi Islam pada Senin (9/3).
Dalam pesan yang disampaikan, Pezeshkian mengungkapkan momen penting ini bagi bangsa Iran. Ia juga menekankan janji-janji ilahi yang mendasari pemilihan Mojtaba dalam Majelis Pakar.
ADVERTISEMENT
SCROLL TO CONTINUE WITH CONTENT
""Pemungutan suara yang tegas dan bijaksana dari Majelis Pakar menandai era baru martabat dan kekuasaan Iran,"" kata Mojtaba dalam laporan media pemerintah, Tasnim News Agency .
Pezeshkian menyatakan di bawah kepemimpinan Mojtaba, Iran akan mencapai masa depan yang cerah, kemajuan ilmu pengetahuan dan teknologi, serta pembangunan komprehensif.
Dia juga mencatat sepanjang sejarah, Iran telah menunjukkan ketahanan dalam menghadapi tantangan dan mengatasi rintangan tersulit melalui kearifan kolektif, iman, dan upaya terus-menerus.
Pezeshkian menegaskan Iran akan sanggup melewati masa sulit ini dengan mengandalkan aset-aset yang dimiliki, bangsa yang berani, dan pemimpin yang berdedikasi. Ia meyakini di bawah pimpinan Mojtaba, negara itu akan mengalami kemajuan dan pencapaian.
Mojtaba terpilih menjadi Pemimpin Tertinggi Iran usai Ayatollah Ali Khamenei yang juga ayahnya tewas dalam operasi Amerika Serikat dan Israel ke negara itu pada 28 Februari. Istri Mojtaba, ibunya, juga tewas dalam serangan brutal kedua negara tersebut.
Dalam misinya meluncurkan operasi di Iran, Presiden AS Donald Trump menegaskan keinginannya untuk mengganti rezim di negara tersebut.
Namun, kepemimpinan ulama Iran telah mengakar kuat sehingga sulit digoyah. Terpilihnya Mojtaba juga menandai kegagalan AS dan Israel melengserkan kepemimpinan Iran sesuai yang dia mau."
https://www.cnnindonesia.com/internasional/20260310155230-120-1336440/tolak-dikhianati-as-2-kali-iran-ogah-lanjut-negosiasi-nuklir,"Tolak Dikhianati AS 2 Kali, Iran Ogah Lanjut Negosiasi Nuklir","Tolak Dikhianati AS 2 Kali, Iran Ogah Lanjut Negosiasi Nuklir
Menteri Luar Negeri Iran Abbas Araghchi menegaskan tak akan ada lagi negosiasi nuklir antara Iran dengan Amerika Serikat (AS).
Dalam wawancara dengan PBS News pada Senin (9/3), Araghchi mengatakan pengalaman pahit Iran dikhianati dua kali oleh AS sudah cukup untuk menyetop pembicaraan dengan Washington.
""Anda tahu, kami memiliki pengalaman amat pahit dalam berbicara dengan Amerika,"" kata Araghchi, seperti dikutip Anadolu Agency .
ADVERTISEMENT
SCROLL TO CONTINUE WITH CONTENT
""Jadi saya rasa berbicara dengan orang Amerika lagi tidak akan ada dalam agenda kami,"" pungkasnya.
Pernyataan Araghchi merujuk pada perang 12 hari Iran vs Israel pada Juni 2025, di mana saat itu Teheran sedang dalam negosiasi nuklir dengan AS. Setelah perang meletus, AS malah ikut-ikutan Israel menyerang Iran dan menghancurkan situs-situs nuklir Teheran.
Sebelum perang saat ini pecah, Iran dan AS juga sedang dalam putaran ketiga negosiasi, yang menurut Oman, selaku mediator, telah berjalan konstruktif. Namun, lagi-lagi, Israel dan AS menyerang Iran, bahkan membunuh Pemimpin Tertinggi Iran Ayatollah Ali Khamenei.
Pada Senin (9/3), Iran telah menunjuk pemimpin tertinggi baru, yakni Mojtaba Khamenei, putra mendiang Khamenei.
Saat ditanya apakah Mojtaba terbuka untuk bernegosiasi maupun gencatan senjata, Araghchi menolak berkomentar. Menurutnya, ""masih terlalu dini baginya untuk memberikan pernyataan apa pun.""
Namun, satu hal pasti yang diyakini Araghchi, Mojtaba tak berniat bicara dengan AS terutama setelah apa yang dialaminya baru-baru ini. Selain Khamenei, ibu, istri, anak, dan saudari Mojtaba tewas dalam serangan brutal AS-Israel.
Masa bodoh minyak dunia membara
Araghchi juga ditanya mengenai penutupan Selat Hormuz yang menyebabkan harga minyak dunia melambung. Soal ini, ia berargumen bahwa AS dan Israel yang mengakibatkan krisis energi terjadi.
""[Produksi dan transportasi minyak tersendat] karena serangan dan agresi yang dilakukan Israel dan Amerika terhadap kami,"" kata Araghchi.
3 Bukti Serangan Rudal dan Drone Iran Bikin Israel Hancur
Putin Ngaku Rusia Kena 'Dampak' Krisis Energi imbas Perang Timteng
Dirumorkan Kabur ke Berlin, di Mana Keberadaan Netanyahu?
Serangan keduanya, kata Araghchi, telah membuat seluruh wilayah Timur Tengah ""menjadi tidak aman"".
""Inilah sebabnya kapal tanker dan kapal-kapal lain takut melewati Selat Hormuz,"" ucapnya, sambil menekankan bahwa Iran tidak menutup jalur vital tersebut.
Araghchi juga mengatakan Iran sejak awal sudah memperingatkan bahwa serangan apa pun yang diluncurkan terhadap Teheran, akan dibalas dengan menargetkan aset-aset musuh di kawasan. Aksi Iran saat ini, ujar dia, murni bentuk bela diri.
""Kami sedang menghadapi tindakan agresi, yang betul-betul ilegal, dan apa yang kami lakukan adalah tindakan membela diri yang legal dan sah,"" tegasnya.
""[Kami] sudah memperingatkan semua orang di kawasan bahwa jika AS menyerang kami, karena kami tidak bisa menjangkau wilayah Amerika, kami akan menyerang pangkalan mereka di kawasan itu,"" ucap Araghchi.
Ia kemudian melanjutkan, ""Sebagai akibatnya, perang akan menyebar ke seluruh wilayah. Kami tidak bertanggung jawab soal itu."""
https://www.cnnindonesia.com/internasional/20260117210044-120-1318038/khamenei-trump-bertanggung-jawab-atas-kematian-warga-iran,Khamenei: Trump Bertanggung Jawab Atas Kematian Warga Iran,"Khamenei: Trump Bertanggung Jawab Atas Kematian Warga Iran
Pemimpin tertinggi Iran Ayatollah Ali Khamenei menuduh Presiden Amerika Serikat Donald Trump bertanggung jawab atas kematian warga yang terjadi selama gelombang protes di negara tersebut.
Kelompok hak asasi manusia (HAM) di Amerika Serikat, HRANA, menjadi salah satu lembaga paling aktif dalam melaporkan korban tewas di unjuk rasa Iran.
ADVERTISEMENT
SCROLL TO CONTINUE WITH CONTENT
HRANA pada Jumat (16/1) melaporkan korban tewas di Iran mencapai 3.090 kematian, dengan 2.885 orang di antaranya merupakan demonstran.
""Kami menuduh presiden Amerika Serikat bertanggung jawab atas korban jiwa, kerusakan, dan tuduhan yang dia ajukan terhadap bangsa Iran,"" kata Khamenei kepada kerumunan pendukungnya dalam pidatonya, Sabtu (17/1), melansir AFP .
""Ini adalah konspirasi Amerika,"" katanya menambahkan.
Ia menambahkan bahwa tujuan Amerika adalah menelan Iran dan kembali menempatkan Iran di bawah dominasi militer, politik, dan ekonomi.
Sejak akhir Desember, Iran membara karena gelombang demonstrasi. Menurut pemberitaan media pemerintah, fasilitas sipil hingga pertokoan terbakar dalam demo itu.
Menurut laporan media dan lembaga pemantau HAM, korban tewas selama demonstrasi berlangsung telah mencapai lebih dari 3.000 orang.
Selain itu, intelijen Israel memperkirakan sekitar 5.000 orang tewas, sementara media Iran International yang berbasis di Inggris menyebut korban tembus lebih dari 12.000 jiwa.
Trump Kirim Kapal Induk ke Timur Tengah di Tengah Kisruh Iran
Kelompok HAM AS Sebut Korban Tewas Demo di Iran Tembus 3000 Orang
Diputus Berhari-hari Imbas Kerusuhan, Iran Mulai Buka Akses Internet
Namun hingga kini, CNN Indonesia belum memperoleh data pembanding terkait jumlah korban tewas dari media resmi Iran seperti IRNA, Mehr News, dan Fars.
Hal itu disebabkan akses internet di Iran masih terputus total sehingga laman media-media tersebut tidak dapat diakses.
Para pedemo memprotes inflasi yang melangit hingga meminta pemimpin tertinggi Ayatollah Ali Khamenei mundur.
Namun, pemerintah dilaporkan menggunakan kekuatan berlebih dalam menangani demonstran hingga memutus internet skala nasional.
Khamenei juga menuding demo itu ada campur tangan Amerika Serikat. Di sisi yang lain, Presiden Donald Trump terus memprovokasi rakyat Iran untuk melakukan demo dan merebut kebebasan."
https://www.cnnindonesia.com/internasional/20260304191525-120-1334389/mojtaba-khamenei-kandidat-kuat-pengganti-ali-khamenei-siapa-dia,"Mojtaba Khamenei Kandidat Kuat Pengganti Ali Khamenei, Siapa Dia?","Mojtaba Khamenei Kandidat Kuat Pengganti Ali Khamenei, Siapa Dia?
Putra mendiang Pemimpin Tertinggi Iran Ayatollah Ali Khamenei , Mojtaba Khamenei, digadang-gadang menjadi calon kuat pengganti ayahnya.
Khamenei tewas dalam serangan Amerika Serikat-Israel di Teheran pada 28 Februari lalu.
ADVERTISEMENT
SCROLL TO CONTINUE WITH CONTENT
Majelis Ahli Iran saat ini telah memulai pertemuan untuk menentukan calon penerus Khamenei. Majelis Ahli merupakan badan deliberatif beranggotakan 88 ulama senior Syiah yang bertugas mengangkat, mengawasi, dan memberhentikan pemimpin tertinggi.
Tiga pejabat Iran yang mengetahui jalannya diskusi mengatakan Mojtaba muncul sebagai kandidat terkuat penerus Khamenei.
Para pejabat mengatakan ulama-ulama Iran sedang mempertimbangkan untuk mengumumkan bahwa Mojtaba akan menjadi pemimpin tertinggi baru pengganti mendiang ayahnya paling cepat pada Rabu (4/3) pagi.
Meski begitu, ada keberatan di antara sejumlah ulama. Pasalnya, saat ini AS dan Israel masih terus melancarkan serangan ke Iran.
Mereka khawatir pengumuman dipilihnya pemimpin tertinggi baru akan membuat yang bersangkutan menjadi target AS-Israel.
Dilansir dari The New York Times , para ulama di Majelis Ahli telah mengadakan dua pertemuan virtual di pagi dan malam hari.
Pada Selasa (3/3), Israel sempat mengeklaim menggempur gedung Majelis Ahli di Qom. Namun, menurut media Iran yang dikendalikan pemerintah Mehr, gedung yang diserang Israel sudah tua dan tidak lagi dipakai.
Tidak ada orang pula ketika serangan terjadi.
Vali Nasr, pakar Iran dan Islam Syiah di Johns Hopkins University, mengatakan Mojtaba akan menjadi pilihan yang mengejutkan sekaligus berpotensi jadi pilihan signifikan.
""Dia sudah lama dibidik jadi penerus,"" kata Nasr, seperti dikutip The New York Times.
""Tapi selama dua tahun terakhir, tampaknya wacana itu hilang dari radar. Jika dia terpilih, ini menunjukkan rezim yang sekarang berkuasa adalah kubu Garda Revolusi yang jauh lebih keras,"" lanjutnya.
Mojtaba merupakan pria berusia 56 tahun yang cukup tertutup. Ia selama ini beroperasi di bawah bayang-bayang ayahnya.
Mojtaba selama ini dikenal memiliki hubungan dekat dengan Garda Revolusi. Menurut ketiga pejabat Iran, Garda Revolusi mendorong pengangkatannya dengan alasan Mojtaba punya kualifikasi yang dibutuhkan untuk memimpin Iran di masa krisis seperti sekarang.
""Mojtaba adalah pilihan paling bijak saat ini karena dia sangat memahami cara menjalankan dan mengoordinasikan aparat keamanan dan militer,"" kata Mehdi Rahmati, analis di Teheran.
""Dia sudah bertanggung jawab soal ini sebelumnya,"" lanjutnya.
Kendati begitu, Rahmati mengamini tidak semua orang akan senang dengan keputusan ini.
""Sebagian masyarakat akan bereaksi negatif dan keras terhadap keputusan ini, dan akan ada dampak buruknya,"" prediksinya.
Para pendukung pemerintah akan melihat Mojtaba sebagai penerus kepemimpinan Khamenei dan mendukungnya dengan cepat. Namun, bagi oposisi, Mojtaba bisa dipandang sebagai penerus rezim yang telah menewaskan sedikitnya 7.000 orang dalam beberapa bulan terakhir.
Kandidat lain yang juga moncer sebagai calon penerus Khamenei yakni Alireza Arafi, ulama dan ahli hukum yang merupakan bagian dari dewan transisi kepemimpinan. Seyed Hassan Khomeini, cucu pendiri revolusi Islam Ayatollah Ruhollah Khomeini, juga disebut masuk dalam bursa.
Baik Arafi dan Hassan dipandang sebagai tokoh moderat.
Ini adalah pemimpin tertinggi kedua yang akan dipilih Majelis Ahli dalam 47 tahun terakhir.
Pada 1989, majelis memilih Khamenei dan menyerahkan kendali teokrasi yang baru dibentuk pasca revolusi Islam. Selama lebih dari 40 tahun, Khamenei memimpin Iran dengan kekuasaan absolut."
https://www.cnnindonesia.com/internasional/20260304192416-120-1334390/pemakaman-ayatollah-ali-khamenei-ditunda-ada-apa,"Pemakaman Ayatollah Ali Khamenei Ditunda, Ada Apa?","Pemakaman Ayatollah Ali Khamenei Ditunda, Ada Apa?
Prosesi pemakaman mendiang Pemimpin Tertinggi Iran Ayatollah Ali Khamenei ditunda pada Rabu (4/3) malam.
Media afilisasi pemerintah Iran, Fars, melaporkan penundaan itu dilakukan untuk mengantisipasi jumlah pelayat yang datang.
ADVERTISEMENT
SCROLL TO CONTINUE WITH CONTENT
""Sebelumnya diumumkan bahwa prosesi pemakaman dimulai pada Rabu pukul 22.00 malam dan masa berkabung berlangsung selama tiga malam. Namun, untuk mengantisipasi kehadiran jutaan pelayat dan perlunya menyediakan infrastruktur yang memadai, acara ini harus ditunda,"" demikian laporan Fars, seperti dikutip CNN .
Tidak ada rincian kapan prosesi pemakaman Khamenei akan dimulai.
Masa berkabung nasional sementara itu dikabarkan akan tetap berlangsung, salah satunya di alun-alun Teheran, demikian keterangan Kepala Koordinasi Propaganda Islam di Teheran Hojjatoleslam Seyed Mohsen Mahmoudi.
Khamenei dikabarkan akan dimakamkan di kota suci Mashhad.
Khamenei tewas dalam serangan brutal Amerika Serikat dan Israel pada 28 Februari lalu. Ia diserang saat sedang bertugas di kantornya.
Iran murka dan meluncurkan serangan balasan bertubi-tubi ke wilayah Israel dan pangkalan militer AS di Timur Tengah.
Ledakan dan serangan dilaporkan terjadi di negara-negara Teluk, yakni Uni Emirat Arab, Arab Saudi, Kuwait, Qatar, Bahrain, hingga Irak buntut aksi balas dendam tersebut."
https://www.cnnindonesia.com/internasional/20250626193304-120-1244289/ali-khamenei-trump-baru-puas-jika-iran-menyerah-kalah,Ali Khamenei: Trump Baru Puas jika Iran Menyerah-Kalah,"Ali Khamenei: Trump Baru Puas jika Iran Menyerah-Kalah
Pemimpin tertinggi Iran Ayatollah Ali Khamene i menegaskan bahwa Presiden Amerika Serikat Donald Trump hanya akan puas jika Iran menyerah kalah.
Hal tersebut disampaikan Khamenei dalam pidato terbarunya usai gencatan senjata antara Iran dan Israel, Kamis (26/6). Namun, Khamenei tegas menyebut Iran tak akan menyerah kalah.
ADVERTISEMENT
SCROLL TO CONTINUE WITH CONTENT
""Trump memperlihatkan wujud aslinya, membuat ini jelas bahwa Amerika hanya akan puas saat Iran menyerah dan mengaku kalah, dan tidak ada yang lain,"" kata Khamenei dilansir dari IRNA .
Pernyataan ini seolah menjawab sikap Trump yang dipublikasikan melalui media sosial. Trump menuntut Iran untuk 'menyerah tanpa syarat' kepada Amerika Serikat dan rekannya Israel.
Khameini mengatakan, Amerika Serikat sudah berseteru dengan Iran sejak Revolusi Islam Iran pada 1979. Pada tahun itu pula Khamenei terpilih menjadi pemimpin Iran.
Sejak saat itu sanksi-sanksi dijatuhkan Amerika dan sekutunya. Alasan Amerika, Iran menjadi negara yang melanggar hak asasi manusia, hak perempuan, dan memproduksi rudal nuklir.
Kendati ditekan dengan sanksi yang semena-mena, Iran tak gentar. Dengan ketabahan dan kepercayaan diri, Iran tetap bertahan. Bahkan menjadi salah satu kekuatan dunia.
Bagi Khamenei, Trump tak akan membuat Iran menyerah. Sebaliknya Amerika harus sadar diri bahwa sikapnya bisa memicu konflik lebih besar dalam iklim geopolitik saat ini.
""Namun dalam pernyataannya, dia [Donald Trump] mengungkapkan kebenaran, dia menunjukkan sikapnya,"" kata Khamenei sekali lagi, menegaskan wajah asli Trump.
""Presiden sebelumnya tidak mengatakan ini, karena ini tidak dapat diterima dan tidak masuk akal meminta negara menyerah. Mereka buat banyak alasan, tetapi intinya ingin Iran menyerah."""
https://www.cnnindonesia.com/internasional/20250625203532-120-1243871/ali-khamenei-yang-diyakini-umat-syiah-keturunan-nabi-muhammad,Ali Khamenei yang Diyakini Umat Syiah Keturunan Nabi Muhammad,"Ali Khamenei yang Diyakini Umat Syiah Keturunan Nabi Muhammad
Pemimpin tertinggi Iran , Ayatollah Sayyed Ali Khamenei , diyakini secara luas sebagai keturunan dari Nabi Muhammad SAW.
Ini berdasarkan keyakinan umat Islam aliran Syiah sehingga menempatkan Khamenei sebagai pemimpin tertinggi di Iran.
ADVERTISEMENT
SCROLL TO CONTINUE WITH CONTENT
Menurut silsilah yang diyakini oleh sejumlah kelompok, garis keturunan Khamenei ditelusuri melalui cucu Nabi, Imam Husain AS, kemudian melalui Imam Zainul Abidin, dan sejumlah tokoh terkenal lainnya dari Ahlul Bait, keluarga Nabi Muhammad SAW.
Khamenei mempertahankan gelar ""Sayyed"", sebuah gelar yang diberikan kepada mereka yang dipercaya sebagai keturunan Nabi.
Dalam tradisi Muslim Syiah, gelar ini memiliki makna spiritual dan kultural yang mendalam.
Dikarenakan menghubungkan dirinya dengan keluarga suci Nabi serta kabilah Bani Hasyim.
Keterkaitan ini menambah nilai keagamaan dan pengaruh spiritual Khamenei di mata jutaan pengikut Syiah, dilansir dari Daily Times.
Ikatan darah dengan Nabi Muhammad dianggap memperkuat posisi kepemimpinan.
Terutama di kalangan yang sangat menghormati garis keturunan kenabian dalam urusan agama dan kepemimpinan politik.
Penting untuk dicatat bahwa klaim garis keturunan ini didasarkan pada catatan keagamaan dan tradisi genealogi Islam yang telah diwariskan secara generasi.
Hingga saat ini, klaim tersebut belum diverifikasi oleh lembaga genealogi resmi.
Meski begitu, keyakinan terhadap silsilah tersebut tetap memiliki nilai simbolis yang kuat di banyak komunitas Muslim.
Tradisi penghormatan terhadap keluarga Nabi Muhammad terus menjadi bagian penting dalam identitas keagamaan.
Hal tersebut menjadi salah satu dasar legitimasi kepemimpinan tokoh-tokoh seperti Khamenei, baik di bagian spiritual maupun politik."
https://www.cnnindonesia.com/internasional/20250625162113-120-1243783/ali-khamenei-serukan-muslim-bersatu-abaikan-pertentangan-sunni-syiah,"Ali Khamenei Serukan Muslim Bersatu, Abaikan Pertentangan Sunni-Syiah","Ali Khamenei Serukan Muslim Bersatu, Abaikan Pertentangan Sunni-Syiah
Pemimpin Tertinggi Iran Ayatollah Ali Khamenei pernah menyerukan umat Islam di dunia bersatu dan mengesampingkan segala pertentangan dan perbedaan.
Seperti yang dilansir media milik Iran, Tehran Times , ia ingin memperkuat persatuan Syiah dan Sunni.
ADVERTISEMENT
SCROLL TO CONTINUE WITH CONTENT
Ini terjadi di tengah upaya pihak-pihak musuh yang disebutnya mencoba memecah belah dunia Islam.
Pernyataan ini disampaikan Khamenei dalam pertemuan dengan sejumlah ulama.
Pertemuan itu juga dihadiri para imam besar, dan pimpinan sekolah aliran Sunni dari berbagai wilayah Iran.
Pertemuan ini digelar dalam rangka Pekan Persatuan Islam, yang juga bertepatan dengan peringatan Maulid Nabi Muhammad SAW.
""Identitas umat Islam adalah hal mendasar yang melampaui batas-batas negara,"" kata Ali Khamenei dikutip dari Tehran Times .
""Perbatasan geografis tidak bisa mengubah realitas dan identitas umat Islam,"" ia menambahkan.
ALi Khamenei memperingatkan bahwa ada upaya sistematis untuk menjauhkan umat Islam, yang menurutnya bertentangan dengan ajaran Islam.
Khamenei menegaskan bahwa seorang Muslim tidak boleh acuh terhadap penderitaan sesama Muslim, termasuk peristiwa di Gaza dan wilayah lainnya.
Khamenei juga mengajak para ulama Sunni untuk bergantung pada identitas Islam dan persatuan umat.
Ia menuduh bahwa selama ini ada pihak-pihak yang dengan sengaja memprovokasi konflik antara Syiah dan Sunni di Iran melalui propaganda dan tekanan ekonomi.
""Mereka ingin menciptakan perpecahan melalui tekanan kepada individu-individu dari kedua belah pihak agar saling berbicara buruk satu sama lain,"" ucapnya.
Menurut Khamenei, persatuan bukan sekadar taktik, melainkan prinsip yang tertulis dalam Al Quran.
Ia juga mengingatkan adanya tindakan, baik sengaja maupun tidak, yang justru merusak harmoni antara komunitas Syiah dan Sunni.
""Namun, meski menghadapi berbagai konspirasi, komunitas Sunni kita telah menunjukkan keteguhan dalam menjaga persatuan. Hal ini terlihat dari 15.000 Sunni yang gugur selama Perang Pertahanan Suci serta banyaknya ulama Sunni yang gugur di jalan kebenaran dan Revolusi,"" ujarnya.
Khamenei juga menegaskan bahwa mendukung rakyat Gaza dan Palestina adalah kewajiban seluruh umat Islam.
""Siapa pun yang mengabaikan kewajiban ini, akan dimintai pertanggungjawaban oleh Tuhan,"" tegasnya.
Dalam pertemuan itu, sejumlah ulama Sunni seperti Mawlavi Abdul-Rahman Chabahari dari Provinsi Sistan dan Baluchestan, Mawlavi Abdul-Rahim Khatibi dari Provinsi Hormozgan, dan Mamosta Abdul-Salam Imami dari Provinsi Azerbaijan Barat turut menyampaikan apresiasi terhadap langkah-langkah persatuan yang diambil oleh Republik Islam Iran dan dukungan Khamenei terhadap komunitas Sunni.
Mereka juga menekankan pentingnya memperkuat fondasi persatuan serta memanfaatkan potensi lokal, khususnya di wilayah mayoritas Sunni, demi kemajuan nasional.
Para ulama tersebut sepakat bahwa menghadapi gerakan ekstremis merupakan agenda bersama yang tak bisa diabaikan."
https://www.cnnindonesia.com/internasional/20250618200938-120-1241225/israel-kembali-bombardir-teheran-iran-usai-pidato-ali-khamenei,Israel Kembali Bombardir Teheran Iran usai Pidato Ali Khamenei,"Israel Kembali Bombardir Teheran Iran usai Pidato Ali Khamenei
Israel kembali menggempur habis-habisan Iran usai pemimpin tertinggi Ayatollah Ali Khamenei menyampaikan pidato pada hari ini, Rabu (18/6).
Menurut laporan AFP terdengar ledakan keras di utara Teheran. Serangkaian ledakan baru juga terdengar di bagian timur.
ADVERTISEMENT
SCROLL TO CONTINUE WITH CONTENT
Jurnalis AFP melaporkan ledakan itu terdengar sekitar pukul 15.50 waktu setempat. Setidaknya lima kepulan asap tampak di wilayah timur dan tenggara Teheran.
Dalam pernyataan resmi, militer Israel mengonfirmasi telah melakukan serangan ke Iran, dilansir dari Al Jazeera .
""Pasukan saat ini sedang menyerang target militer rezim Iran di wilayah Teheran,"" demikian pernyataan militer Israel di X.
Serangan tersebut terjadi saat pemimpin tertinggi Iran Ayatollah Ali Khamenei menyampaikan pidato. Dia menegaskan tak akan menyerah usai Presiden Amerika Serikat Donald Trump meminta agar negara tersebut menyerah tanpa syarat.
""Beri tahu Amerika bangsa Iran bukanlah bangsa yang akan menyerah, dan intervensi militer apa pun dari pihak mereka niscaya akan mengakibatkan kerusakan yang tak dapat diperbaiki,"" kata Khamenei saat pidato pada Rabu (18/6), dikutip CNN .
Sejak pekan lalu, Israel menggempur habis-habisan Iran. Mereka mengeklaim serangan tersebut untuk melucuti senjata nuklir dan program rudal balistik Iran.
Tak lama setelah itu, Iran meluncurkan ratusan rudal sebagai balasan. Israel kembali menyerang. Saat ini, Iran-Israel terus bertempur dan belum menunjukkan tanda-tanda reda."
https://www.cnnindonesia.com/internasional/20250622091650-120-1242393/as-serang-iran-ini-prediksi-pakar-soal-respons-ali-khamenei,"AS Serang Iran, Ini Prediksi Pakar soal Respons Ali Khamenei","AS Serang Iran, Ini Prediksi Pakar soal Respons Ali Khamenei
Amerika Serikat menyerang Iran dengan membombardir tiga fasilitas nuklir di wilayah negara Timur Tengah itu.
Pakar keamanan Aaron David Miller, menyampaikan prediksi soal respons pemimpin tertinggi Iran, Ayatollah Ali Khamenei, atas serangan AS ke Iran tersebut.
ADVERTISEMENT
SCROLL TO CONTINUE WITH CONTENT
Ia menduga besar kemungkinan Khamenei tidak akan tinggal diam menanggapi serangan AS melalui jet pengebom B-2 tersebut.
""Hampir tidak mungkin (untuk membayangkan) bahwa pemimpin berusia 86 tahun itu (Khamenei) yang secara esensial mempertahankan revolusi dan melanjutkan ke penerusnya, tidak berbuat apa-apa merespons apa yang sudah terjadi (selama 10 hari) belakangan ini,"" kata Miller kepada CNN .
""Dia mungkin harus memperhitungkan reponsnya, tapi saya menduga ini belum selesai dengan (serangan) ini,"" ia melanjutkan.
Pakar dari Carnegie Endowment untuk Perdamaian Internasional itu yakin tidak sesederhana AS melancarkan serangan kemudian Iran menyetop serangan mereka.
""Iran sudah menginvestasikan uang senilai US$5 triliun untuk program nuklir. Mereka baru saja melihat sembilan hari penghinaan yang menyedihkan dari pihak Israel yang menembus target. Saya yakin bahkan orang-orang intelijen kita (AS) tidak percaya Israel bisa melakukannya,"" kata Miller.
Ia mengatakan Iran Iran merupakan ""negara dengan senjata nuklir tingkat ambang batas"" dan memiliki ""semua yang mereka butuhkan untuk membuat bom nuklir.""
""Terus terang, apakah mereka melakukannya atau tidak (membuat senjata nuklir), tampaknya tidak relevan,"" ujar Miller.
""Mereka memiliki rudal jarak pendek terhadap target Amerika di Teluk. Mereka menghadapi perang asimetris di luar negeri, mengerahkan aparat teror mereka terhadap kepentingan Israel, Amerika Serikat, dan mungkin Yahudi. Tentu saja, terdapat orang Amerika yang ditempatkan di Irak dan Suriah yang rentan,"" ia menambahkan.
Ia menilai, Iran akan melakukan pembalasan dengan segala cara atas serangan AS ke negara mereka.
Sebelumnya, Presiden AS Donald Trump mengumumkan telah berhasil menyerang tiga fasilitas nuklir Iran di Isfahan, Natanz, dan Fordo.
Ia menyebut ""operasi militer yang sangat berhasil"" menargetkan fasilitas nuklir Iran dalam pengumumannya itu.
""Saya akan menyampaikan pidato kepada rakyat pada pukul 10.00 malam di Gedung Putih mengenai operasi militer kami yang sangat berhasil di Iran,"" tulis Trump dalam akun media sosial miliknya, Truth Social.
""Ini momen paling bersejarah untuk Amerika Serikat, Israel, dan dunia. Iran harus setuju mengakhiri perang ini sekarang. Terima kasih!"" lanjut Trump."
https://www.cnnindonesia.com/internasional/20250616071256-120-1240052/perang-israel-vs-iran-di-mana-keberadaan-ayatollah-ali-khamenei,"Perang Israel vs Iran, di Mana Keberadaan Ayatollah Ali Khamenei?","Perang Israel vs Iran, di Mana Keberadaan Ayatollah Ali Khamenei?
Perang antara Israel dengan Iran semakin panas setelah Teheran membalas serangan Tel Aviv pada Jumat (13/6) waktu setempat.
Keberadaan pemimpin tertinggi Iran, Ayatollah Ali Khamenei, pun masih belum diketahui dan ditutup rapat oleh Teheran.
ADVERTISEMENT
SCROLL TO CONTINUE WITH CONTENT
Meski demikian, Ayatollah Ali Khamenei diklaim bersembunyi di dalam bunker saat Israel menggempur Teheran dan sejumlah wilayah lainnya.
Media Iran International melaporkan bahwa Ali Khamenei bersembunyi bersama keluarga termasuk seorang putranya, Mojtaba, di dalam bunker beberapa jam setelah Israel membombardir Teheran.
Prosedur tersebut biasa dilakukan seperti saat Iran melancarkan serangan sebelumnya ke Iran melalui operasi True Promise 1 dan True Promise 2 pada 2024 lalu.
Saat itu Mojtaba berada bersama Ali Khamenei, tetap dua putranya yaitu Masoud dan Mostafa tidak bersamanya.
Operasi True Promise 1 dilancarkan Iran ke Israel pada 13 April 2024 dengan melibatkan 300 rudal dan drone menargetkan fasilitas militer Israel. Serangan dilakukan sebagai balasan atas tewasnya dua jenderal Iran di Damaskus oleh Israel.
Operation True Promise 2 dilaksanakan pada 1 Oktober 2024 dengan melibatkan 200 rudal, kembali menargetkan fasilitas militer Israel. Serangan itu dilancarkan sebagai balasan atas tewasnya pemimpin Hizbullah, Hassan Nasrallah, oleh Israel.
Israel sebelumnya menargetkan Kota Masshad, Iran, yang berjarak 2.300 kilometer dari Israel. Serangan itu sebagai peringatan terhadap Ali Khamenei bahwa Israel sewaktu-waktu bisa membunuh pemimpin tertinggi Iran tersebut.
Tel Aviv sebelumnya mengeklaim sengaja membiarkan Ali Khamenei tetap hidup untuk memberinya kesempatan membatalkan rencana Iran melakukan pengayaan uranium untuk senjata nuklir.
Presiden Amerika Serikat Donald Trump juga disebut pejabat Gedung Putih telah mengingatkan Perdana Menteri Benjamin Netanyahu untuk tidak membunuh Ali Khamenei.
""Kami mengetahui bahwa Israel punya rencana untuk menyerang pemimpin tertinggi Iran,"" kata seorang pejabat tinggi AS secara anonim, dikutip AFP .
""Presiden Trump menentangnya dan kami meminta Israel untuk tidak melakukannya,"" imbuh pejabat itu.
Sebelumnya dalam sebuah wawancara, Perdana Menteri Benjamin Netanyahu berkelit saat ditanya mengenai laporan bahwa Trump telah meminta Israel untuk tidak membunuh Khamenei.
""Saya tidak akan membahas hal itu,"" kata Netanyahu dalam wawancara dengan Fox News .
""Tetapi saya dapat memberi tahu Anda, kami akan melakukan apa yang perlu kami lakukan. Dan saya pikir Amerika Serikat tahu apa yang baik bagi Amerika Serikat,"" lanjutnya."
https://www.cnnindonesia.com/internasional/20250628052235-134-1244558/trump-klaim-selamatkan-khamenei-dari-kematian-memalukan-dibunuh-israel,Trump Klaim Selamatkan Khamenei dari Kematian Memalukan Dibunuh Israel,"Trump Klaim Selamatkan Khamenei dari Kematian Memalukan Dibunuh Israel
Presiden Amerika Serikat (AS), Donald Trump , menyatakan telah menghentikan upaya potensi pencabutan sanksi terhadap Iran pada Jumat (27/6).
Keputusan ini diambil Trump menyusul komentar dari pemimpin tertinggi Iran, Ayatollah Ali Khamenei, yang dianggap provokatif.
Dalam unggahan panjangnya di Truth Social, Trump mengklaim telah menyelamatkan Khamenei dari ""kematian yang sangat buruk dan memalukan,"" serta mencegah Israel membunuhnya.
ADVERTISEMENT
SCROLL TO CONTINUE WITH CONTENT
""Saya sedang mengerjakan kemungkinan pencabutan sanksi, dan hal-hal lain, yang akan memberikan peluang jauh lebih baik bagi Iran untuk pemulihan penuh, cepat, dan lengkap,"" tulis Trump, seperti dilansir The National , Sabtu (28/6)
""Tapi tidak, sebaliknya saya justru dihantam dengan pernyataan kemarahan, kebencian, dan kejijikan, dan saya segera menghentikan semua pekerjaan terkait pelonggaran sanksi, dan lainnya,"" imbuhnya.
Janji Zohran Mamdani Jegal Trump Tangkap Imigran di New York
Trump Somasi CNN-New York Times Buntut Berita soal Iran-Israel
Mahkamah Agung AS Batasi Wewenang Hakim Federal, Trump Menang Besar
Komentar Trump ini muncul setelah Khamenei melontarkan klaim kemenangan menyusul 12 hari perang dengan Israel, yang berpuncak pada serangan Amerika terhadap tiga situs nuklir Iran.
Sebagai balasan, Iran menembakkan rudal ke pangkalan militer AS di Qatar. Khamenei menyatakan serangan Iran itu telah ""menampar wajah Amerika.""
Trump sendiri bersikeras bahwa aksi pada Minggu (22/6) terhadap tiga situs nuklir Iran, Fordow, Natanz, dan Isfahan, telah ""memusnahkan"" sepenuhnya fasilitas tersebut. Ia juga menunjukkan kemarahan terhadap pertanyaan-pertanyaan mengenai sejauh mana kerusakan yang ditimbulkan.
Pada Jumat (27/6) di Gedung Putih, Trump menegaskan akan mempertimbangkan untuk membombardir Iran lagi jika negara itu kembali melakukan pengayaan uranium. ""Tentu, tanpa pertanyaan, pasti,"" jawabnya menanggapi pertanyaan seorang jurnalis.
Trump, yang pemerintahannya memediasi gencatan senjata antara Israel dan Iran, menyatakan bahwa kedua negara tidak akan melanjutkan pertempuran karena mereka ""kelelahan.""
""Saya katakan mereka kelelahan, dan Israel juga kelelahan,"" katanya. ""Dan saya berurusan dengan keduanya, dan mereka berdua ingin masalah ini diselesaikan, keduanya, dan kami melakukan pekerjaan yang hebat."""
https://www.cnnindonesia.com/hiburan/20250711154811-234-1249666/5-fakta-misteri-kematian-aktris-pakistan-humaira-asghar-ali,5 Fakta Misteri Kematian Aktris Pakistan Humaira Asghar Ali,"5 Fakta Misteri Kematian Aktris Pakistan Humaira Asghar Ali
1. Pintu terkunci dari dalam
2. Meninggal 9 bulan lalu
3. Aktivitas terakhir September 2024
4. Keluarga bantah tolak jenazah
5. Jenazah dipulangkan ke Labore
Humaira Asghar Ali ditemukan tewas di apartemen miliknya di Karachi, Pakistan, pada Selasa (8/7). Ia ditemukan polisi berdasarkan laporan dari pemilik apartemen yang menyebut Ali sudah menunggak pembayaran sewa dan sulit dihubungi.
Kematian Humaira mengejutkan publik hingga menjadi perbincangan karena berbagai temuan polisi. Sebab, jenazah aktris Pakistan itu disebut sudah tidak bernyawa sejak beberapa bulan lalu.
Kondisi jasad Humaira juga sudah dalam tahap pembusukan yang sangat lanjut berdasarkan hasil autopsi. Namun, belum ada keterangan lebih detail mengenai penyebab kematian sang aktris.
ADVERTISEMENT
SCROLL TO CONTINUE WITH CONTENT
Kabar kematian itu kemudian semakin menjadi perbincangan karena beredar rumor mengenai keluarga yang menolak jasad Humaira Asghar Ali. Namun, pihak keluarga juga sudah buka suara tentang isu tersebut.
Berikut lima fakta tentang misteri kematian aktris Pakistan Humaira Asghar Ali.
Profil Humaira Asghar Ali, Aktris Pakistan Tewas Membusuk di Apartemen
Keluarga Terima Humaira Asghar Ali, Bantah Tuduhan Tolak Jenazah
1. Pintu terkunci dari dalam
Petugas polisi Gizri mengungkapkan jasad Humaira Asghar Ali ditemukan tewas pada Selasa (8/7) sore sekitar pukul 15.15 waktu Karachi, Pakistan. Polisi semula tidak bisa mengakses apartemen Humaira karena pintu terkunci dari dalam.
Mereka baru dapat masuk dan mendapati jenazah tersebut setelah dibuka paksa. Berdasarkan hasil investigasi, polisi tidak menemukan indikasi ada pihak lain yang memaksa masuk kediaman sang aktris.
Kondisi itu dikonfirmasi dari semua pintu yang terkunci dari dalam, baik pintu utama atau pintu balkon.
2. Meninggal 9 bulan lalu
Pihak berwenang kemudian membawa jenazah Humaira untuk dilakukan pemeriksaan. Menurut penyelidikan digital dan forensik, Humaira Ali diperkirakan meninggal sejak Oktober 2024.
Perkiraan itu berjarak sekitar sembilan bulan dari tanggal Humaira ditemukan tewas di apartemen. Polisi juga menemukan sejumlah petunjuk yang memperkuat perkiraan itu, seperti aktivitas dan catatan telepon sang aktris.
Tak hanya itu, bukti-bukti lain yang menguatkan kesimpulan tersebut adalah makanan kedaluwarsa dan wadah berkarat di dapur. Makanan yang ada sudah kedaluwarsa enam bulan lalu.
3. Aktivitas terakhir September 2024
Perkiraan waktu kematian Humaira juga semakin dipertegas dengan aktivitas terakhir sang aktris. Menurut hasil investigasi, Humaira terakhir aktif di media sosial pada September 2024.
Ia membuat unggahan terakhir di Facebook pada 11 September 2024, sedangkan di Instagram pada 30 September 2024. Tetangga yang diwawancara juga tidak lagi melihat aktris itu sejak September tahun lalu.
""Sesuai catatan detail panggilan (CDR), panggilan terakhir dilakukan pada Oktober 2024,"" kata Wakil Inspektur Jenderal Polisi Syed Asad Raza, seperti dilaporkan Arab News .
4. Keluarga bantah tolak jenazah
Kematian Humaira menjadi semakin ramai setelah beredar kabar pihak keluarga menolak jasad sang aktris. Namun, kabar itu dibantah pihak keluarga yang akhirnya muncul untuk membawa pulang Humaira Ali.
Naveed Asghar, kakak Humaira, memastikan pihak keluarga tidak pernah menolak jenazah. Keluarga hanya terlihat lama dalam mengurus pemulangan karena masih berduka atas kematian salah satu anggota keluarga.
""Ketika insiden ini terjadi, kami sangat terkejut, apalagi di rumah juga sedang menghadapi situasi sulit karena mendiang bibi dari keluarga ayah,"" ujar Naveer Asghari, seperti diberitakan Arab News .
""Itulah mengapa ayah saya sempat berkata jika memang sangat darurat, maka kalian bisa menguburkannya di sana [Karachi] saja,"" sambung Asghar.
5. Jenazah dipulangkan ke Labore
[foto]
Jenazah Humaira Asghar Ali kemudian telah dibawa pulang menuju kampung halamannya di Lahore, Pakistan. Naveer Asghar menjemput langsung sang adik beberapa hari setelah ditemukan tewas.
Ia menjelaskan, jenazah baru dijemput karena harus mengikuti prosedur dari kepolisian dan pihak yang mengurus jasad Humaira Asghar Ali.
""Tidak benar jika disebut kami memutus hubungan dengannya. Selama tiga hari terakhir, kami telah berkomunikasi dengan polisi dan (yayasan) Chippa untuk berkoordinasi tentang pemulangan jenazah,"" ujar Naveed Asghar."
https://www.cnnindonesia.com/nasional/20260310105918-32-1336251/hampir-separuh-anggota-dpr-absen-di-paripurna-jelang-lebaran,Hampir Separuh Anggota DPR Absen di Paripurna Jelang Lebaran,"Hampir Separuh Anggota DPR Absen di Paripurna Jelang Lebaran
Sebanyak 286 dari total 579 anggota DPR absen dalam Rapat Paripurna ke-15 pembukaan masa sidang IV 2025-2026, Selasa (10/3).
Ketua DPR, Puan Maharani memimpin paripurna pembukaan masa sidang DPR usai sebulan masa reses anggota dewan sejak sebelum Ramadan pertengahan Februari lalu.
""Menurut catatan sari Sekretariat Jenderal DPR RI, daftar hadir pada permulaan rapat Paripurna DPR RI hari ini telah ditandatangani 273 orang, izin 20 orang anggota, sehingga yang hadir adalag 293 orang dari 579 orang anggota,"" kata Puan membuka rapat.
ADVERTISEMENT
SCROLL TO CONTINUE WITH CONTENT
Paripurna tak memiliki agenda apapun, kecuali penyampaian pidato oleh Puan. Dia dalam pidatonya banyak menyoroti konflik geopolitik di kawasan Asia Barat akibat perang Iran dengan Amerika Serikat dan Israel.
Puan yang mengatasnamakan pimpinan DPR, menyampaikan duka cita atas gugurnya Pemimpin Tertinggi Iran, Ayatollah Ali Khamenei oleh serangan gabungan AS dan Israel pada 28 Februari.
""Atas nama Pimpinan dan Anggota Dewan Perwakilan Rakyat Republik Indonesia, kami menyampaikan duka cita yang mendalam atas wafatnya Yang Mulia Ayatullah Ali Khamenei, Pemimpin Tertinggi Republik Islam Iran,"" ujar Puan.
Sebagai negara yang menjunjung tinggi kedaulatan negara, Indonesia, kata Puan, menyampaikan simpati kepada seluruh rakyat Iran.
""DPR RI mendukung setiap upaya dan inisiatif diplomasi, baik yang dilakukan secara bilateral, regional, maupun multilateral, untuk mendorong seluruh pihak dapat menahan diri dan menghindari eskalasi konflik yang lebih luas,"" ujarnya."
https://www.cnnindonesia.com/internasional/20260310103436-134-1336236/macron-sindir-trump-rezim-iran-tak-bisa-digulingkan-cuma-pakai-bom,"Macron Sindir Trump, Rezim Iran Tak Bisa Digulingkan Cuma Pakai Bom","Macron Sindir Trump, Rezim Iran Tak Bisa Digulingkan Cuma Pakai Bom
Presiden Prancis Emmanuel Macron melontarkan sindiran kepada Presiden Amerika Serikat Donald Trump dengan mengatakan rezim Iran tak akan bisa digulingkan hanya dengan pengeboman.
Dalam pernyataan pada Senin (9/3), Macron menuturkan rezim yang sudah mengakar kuat di Iran tak akan bisa digulingkan begitu saja dengan melakukan pengeboman.
ADVERTISEMENT
SCROLL TO CONTINUE WITH CONTENT
""Saya kira Anda tidak bisa mengubah rezim yang mengakar atau mengubah sistem politik hanya melalui pengeboman,"" kata Macron di atas kapal induk Prancis Charles de Gaulle, Senin (9/3).
Macron merujuk pada serangan AS-Israel terhadap Iran yang menewaskan Pemimpin Tertinggi Iran Ayatollah Ali Khamenei pada 28 Februari lalu. Baru sepekan lebih Khamenei tewas, Iran sudah menunjuk lagi pemimpin baru, yakni putra Khamenei, Mojtaba Khamenei, yang juga ulama garis keras.
Macron berujar jika AS-Israel bertujuan menetralisir kemampuan rudal balistik Teheran dalam perang ini, hal itu mungkin saja tercapai dalam beberapa pekan. Tapi, jika tujuannya melengserkan rezim, terutama yang sudah melekat kuat seperti di Iran, ia ragu hal itu bisa tercapai.
""Semuanya bergantung pada pernyataan masing-masing pihak mengenai tujuan akhir mereka, dan, pada dasarnya, efek akhir yang diinginkan,"" kata Macron.
Menurut Macron, perang AS-Israel vs Iran tak akan berakhir dalam waktu cepat. Ia percaya konflik ini akan berlanjut hingga beberapa pekan ke depan jika melihat ambisi AS-Israel.
""Tidak ada indikasi perang ini akan berakhir dalam beberapa hari mendatang,"" ucapnya.
Macron berkata demikian saat mengunjungi kapal induk Charles de Gaulle yang tiba di Siprus pada akhir pekan lalu. Kapal itu dikerahkan ke pulau tersebut usai Siprus kena hajar serangan udara, yang diduga diluncurkan oleh milisi Hizbullah sekutu Iran.
Dalam kesempatan yang sama, Macron menjelaskan kehadiran aset militer Prancis di Mediterania untuk melindungi warga Prancis di Timur Tengah.
Ia juga bermaksud membantu negara-negara sekutu dalam menangkis serangan udara yang memasuki teritori mereka.
""Dan untuk memastikan misi-misi ini dalam jangka panjang, serta menjamin kebebasan bergerak dan keamanan maritim,"" tuturnya.
Macron pada momen itu juga menyampaikan aset militer Prancis akan berlayar ke Selat Hormuz guna melindungi kapal komersial yang tersendat. Kapal-kapal tanker minyak di Selat Hormuz mogok usai Iran menutup selat vital tersebut imbas diserang AS-Israel.
Iran mengancam akan menembak kapal apa pun yang melintas, kecuali kapal China dan Rusia sekutunya."
https://www.cnnindonesia.com/internasional/20250626184532-120-1244264/ali-khamenei-anggap-israel-sudah-game-over-jika-as-tak-ikut-campur,Ali Khamenei Anggap Israel Sudah 'Game Over' jika AS Tak Ikut Campur,"Ali Khamenei Anggap Israel Sudah 'Game Over' jika AS Tak Ikut Campur
Pemimpin tertinggi Iran Ayatollah Ali Khamenei menegaskan Israel sudah 'game over' alias hancur lebur jika Amerika Serikat tidak ikut campur dengan menyerang langsung situs nuklir Iran.
Pernyataan itu disampaikan Khamenei dalam pidatonya setelah gencatan senjata, Kamis (26/6). Menurutnya Israel telah terbukti tak punya kekuatan untuk menyerang Iran.
ADVERTISEMENT
SCROLL TO CONTINUE WITH CONTENT
""Terlepas dari semua kegaduhan itu, dan dengan semua klaim itu, rezim Zionis hampir runtuh dan hancur di bawah hantaman Republik Islam,"" kata Khamenei dilansir dari IRNA .
Ia kemudian mengatakan bahwa AS ikut campur dalam konflik Iran dengan Isral ""karena mereka merasa jika tidak terlibat, rezim zionis akan hancur.""
Perang antara Israel berlangsung selama 12 hari sejak 13 Juni. Perang berawal dari serangan Israel ke sejumlah titik yang menyasar petinggi militer dan ahli nuklir Iran.
Tak sampai dari 12 jam dari serangan tersebut, Iran melakukan balasan. Negeri para mullah ini melepas sejumlah rudal jarak jauh ke Israel, utamanya kota Tel Aviv dengan tajuk True Promise III.
Setelah itu kedua negara saling balas serangan. Rudal-rudal Iran yang awalnya diprediksi akan mentah dengan sistem pertahanan Israel, Iron Dome, ternyata bisa ditembus.
Karena serangan rudal kedua negara, banyak bangunan hancur dan runtuh. Ratusan koran meninggal dunia dan luka-luka jatuh dari kedua belah pihak, termasuk masyarakat sipil.
Dalam situasi tegang tersebut, di mana sejumlah negara mengutuk serangan Israel dan Iran, Amerika Serikat ikut-ikutan. Donald Trump meminta militernya menyerang Iran.
Pada Minggu (22/6), pangkalan militer Amerika Serikat di Qatar mengirim pesawat tempur. Tujuan pesawat tempur ini adalah merudal tiga lokasi tempat Iran mengembangkan nuklir.
Sebagai balasan, Iran mengirim rudalnya ke pangkalan militer Amerika Serikat. Saat rudal jatuh, armada tempur negeri Paman Sam tersebut telah pergi, sehingga tak ada korban jiwa.
Usai kejadian ini, Amerika meminta Israel dan Iran melakukan gencatan senjata. Awalnya hanya Israel yang tunduk, tetapi Iran akhirnya juga bersepakat untuk gencatan senjata."
https://www.cnnindonesia.com/internasional/20260304161927-120-1334325/israel-ancam-bunuh-siapapun-pengganti-ali-khamenei,Israel Ancam Bunuh Siapapun Pengganti Ali Khamenei,"Israel Ancam Bunuh Siapapun Pengganti Ali Khamenei
Menteri Pertahanan Israel , Israel Katz, pada Rabu (4/3) mengancam akan membunuh siapa pun yang dipilih sebagai pengganti Pemimpin Tertinggi Ayatollah Ali Khamenei yang meninggal dunia.
""Siapa pun yang dipilih oleh rezim Iran untuk melanjutkan rencana menghancurkan Israel dan mengancam Amerika Serikat serta negara-negara lain akan menjadi sasaran pasti untuk pembunuhan, tak peduli nama atau tempat persembunyian,"" ujar Katz melalui unggahan di X, dikutip AFP .
ADVERTISEMENT
SCROLL TO CONTINUE WITH CONTENT
Khamenei, yang memimpin Republik Islam sejak 1989, tewas dalam serangan udara Israel pada Sabtu pagi waktu setempat.
Iran kemudian menyatakan akan menggelar Majelis Ahli untuk menunjuk pengganti Khamenei.
Menurut media yang berafiliasi dengan pemerintah, pada Selasa, serangan Israel dan AS menghantam gedung Majelis Ahli yang bertugas memilih Pemimpin Tertinggi baru Iran.
""Para pejabat AS-Zionis menyerang gedung Majelis Ahli di Qom, selatan Teheran,"" ujar kantor berita Tasnim, dikutip Alarabiya .
Majelis tersebut memiliki fungsi untuk menunjuk, mengawasi, dan berpotensi memberhentikan Pemimpin Tertinggi.
Media lokal menayangkan rekaman gedung yang mengalami kerusakan parah akibat serangan. Hingga kini belum ada informasi mengenai korban jiwa."
https://www.cnnindonesia.com/internasional/20260309142334-120-1335945/ini-pengalaman-perang-mojtaba-khamenei-sempat-terluka-bela-iran,"Ini Pengalaman Perang Mojtaba Khamenei, Sempat Terluka Bela Iran","Ini Pengalaman Perang Mojtaba Khamenei, Sempat Terluka Bela Iran
Putra Ayatollah Ali Khamenei , Mojtaba Khemenei, telah terpilih sebagai pemimpin tertinggi Iran yang baru.
Mojtaba naik ke tampuk kekuasaan setelah serangan udara Amerika Serikat dan Israel menewaskan sang ayah.
Korps Garda Republik Islam Iran (IRGC) memberikan dukungan total pada Mojtaba. Bahkan sejumlah pemimpin Iran seperti Mohammed Bagher Qalibaf dan Ali Larijani, bersumpah setia kepada sang pemimpin tertinggi baru Iran tersebut.
ADVERTISEMENT
SCROLL TO CONTINUE WITH CONTENT
Presiden Iran Masoud Pezeshkian menyambut gembira terpilihnya Mojtaba Khamenei sebagai pemimpin tertinggi Iran.
Pezeshkian menyebutkan bahwa terpilihnya Pezeshkian menandai ""martabat dan kekuatan baru"" Iran di tengah agresi Amerika Serikat dan Israel di negara tersebut.
Meski jarang tampil di depan publik, tapi Mojtaba punya cukup pengalaman dalam bidang militer. Sejumlah media barat menuliskan bahwa selama perang Iran-Irak (1980-1998) dia ikut maju ke medan perang.
Laman euronews.com menulis, Mojtaba ikut perang dalam usia remaja tergabung dalam Habib ibn Mazaher Batalion. Batalion Habib adalah satu unit di bawah IRGC yang punya tentara para anak muda militan dengan ideologi keras.
Dalam perang dua negara tetangga itu, Mojtaba dikabarkan sempat terluka.
Para ""alumni"" batalion ini kemudian dikenal memiliki kekuatan di pemerintahan seperti Qasem Soleimani, Hossein Hamedani, dan Ahmad Kazemi, yang dikenal sebagai figure penting di wilayah militer Iran.
Para analis menyebut, meski Mojtaba tidak lama bergabung ke dalam divisi ini, namun hubungan yang erat dengan pasukan elite itu, membuatnya dipercaya dan punya koneksi dengan sejumlah petinggi militer.
Terpilihnya pemimpin tertinggi Iran itu, tidak membuat Presiden Amerika Serikat Donald Trump senang. Ia irit bicara merespons Mojtaba Khamenei yang terpilih sebagai pemimpin tertinggi baru Iran. ""Kita akan lihat nanti,"" ujar Trump ketika ditanya soal terpilihnya Mojtaba Khamenei tulis Al Jazeera , Senin (9/3).
Sementara itu, Middle East Eye melaporkan bahwa Trump 'tidak senang' dengan terpilihnya Mojtaba Khamenei. Sebagian laporan menyebut Trump menganggap pemilihan Mojtaba 'tidak bisa diterima'."
https://www.cnnindonesia.com/internasional/20260309122829-120-1335874/kontroversi-mojtaba-khamenei-jadi-pemimpin-iran-tanpa-gelar-ayatollah,Kontroversi Mojtaba Khamenei Jadi Pemimpin Iran Tanpa Gelar Ayatollah,"Kontroversi Mojtaba Khamenei Jadi Pemimpin Iran Tanpa Gelar Ayatollah
Majelis Ahli Iran resmi menunjuk Mojtaba Khamenei , putra kedua mendiang Ayatollah Ali Khamenei, sebagai pemimpin tertinggi negara itu, Senin (9/3).
Penunjukan Mojtaba berlangsung sepuluh hari setelah sang ayah, Ali Khamenei, ibu dan istrinya tewas imbas serangan gabungan Amerika Serikat-Israel pada 28 Februari hingga memicu perang meluas di Timur Tengah.
ADVERTISEMENT
SCROLL TO CONTINUE WITH CONTENT
Selain Mojtaba Khamenei, beberapa kandidat lain muncul untuk posisi tertinggi tersebut termasuk Alireza Arafi, salah satu dari tiga anggota dewan sementara yang memimpin negara, tokoh garis keras Mohsen Araki, serta Hassan Khomeini yakni cucu pendiri Republik Islam Iran pada 1979.
Namun pada akhirnya Majelis Ahli memilih Mojtaba Khamenei, untuk menduduki jabatan tertinggi di Iran tersebut.
Sejauh ini, badan beranggotakan 88 ulama tinggi itu baru satu kali mengawasi proses transisi kepemimpinan, yakni ketika Ali Khamenei dipilih pada 1989 setelah Ruhollah Khomeini wafat.
Ulama kelas menengah tak bergelar Ayatollah, baca di halaman berikutnya >>>
Tak bergelar Ayatollah
Penunjukan Mojtaba Khamenei sebagai Supreme Leader disebut bisa memicu kontroversi dan konflik di internal pemerintah. Sebab, pria 56 tahun itu diangkat sebagai pemimpin tertinggi meski belum bergelar Ayatollah.
Dikutip dari laman wisdomlib.com , Ayatollah adalah gelar kehormatan yang terutama digunakan dalam Syiah, yang menandakan seorang ulama Syiah Dua Belas Imam berpangkat tinggi.
Kata ""Ayatollah"" berasal dari kata-kata Arab ""Ayat"" , yang berarti ""tanda"" atau ""bukti,"" dan ""Allah"" yang berarti ""Tuhan."" Dengan demikian, gelar tersebut diterjemahkan sebagai ""Tanda Tuhan"" atau ""Tanda Ilahi.""
[Gambas:Video CNN]
Gelar ini diberikan kepada para ulama yang telah menunjukkan pengetahuan mendalam, kesalehan, dan kepemimpinan dalam komunitas Syiah. Gelar ini tidak memiliki nama yang dapat diturunkan atau dikaitkan secara langsung, karena merupakan gelar dan bukan nama pemberian.
Sementara itu, Republik Islam Iran yang berdiri 1979 setelah melancarkan revolusi dan menggulingkan monarki itu memeluk prinsip bahwa pemimpin tertinggi harus dipilih berdasarkan kedudukan agama dan kepemimpinan yang telah terbukti. Bukan melalui garis keluarga suksesi.
Dua tahun lalu, salah satu anggota Majelis Ahli mengatakan bahwa Ali Khamenei bahkan sempat menentang gagasan putranya itu menjadi kandidat pemimpin tertinggi di masa depan. Namun, ia tidak pernah secara terbuka menanggapi spekulasi tersebut.
Ulama kelas menengah
Dikutip Al Jazeera, Mojtaba Khamenei mulai membangun hubungan dekat dengan Korps Garda Revolusi Islam (IRGC) sejak usia muda, ketika ia bertugas di Batalyon Habib dalam beberapa operasi selama Perang Iran-Irak pada 1980-an.
Sejumlah rekan seperjuangannya, termasuk para ulama, kemudian menduduki posisi penting dalam aparat keamanan dan intelijen Republik Islam yang saat itu masih baru berdiri.
Kredensial keagamaan Khamenei juga menjadi bahan perdebatan, karena ia hanya menyandang gelar Hojatoleslam, yaitu ulama tingkat menengah, bukan Ayatollah yang memiliki peringkat lebih tinggi.
Namun, mendiang ayahnya juga belum bergelar Ayatollah ketika menjadi pemimpin Iran pada 1989, dan undang-undang saat itu diubah untuk mengakomodasi hal itu. Kompromi serupa kemungkinan juga bisa dilakukan untuk Mojtaba Khamenei."
https://www.cnnindonesia.com/internasional/20260309105833-120-1335829/mojtaba-khamenei-jadi-pemimpin-iran-usai-ayah-ibu-istri-dibunuh-as,"Mojtaba Khamenei Jadi Pemimpin Iran usai Ayah, Ibu, Istri Dibunuh AS","Mojtaba Khamenei Jadi Pemimpin Iran usai Ayah, Ibu, Istri Dibunuh AS
Mojtaba Khamenei , putra mantan Pemimpin Tertinggi Iran Ayatollah Ali Khamenei, resmi ditunjuk menggantikan mendiang ayahnya.
Ia dipilih oleh Majelis Ahli sepuluh hari setelah sang ayah, Ali Khamenei, ibu, hingga istri bernama Zahra Haddad-Adel tewas dalam serangan gabungan Amerika Serikat dan Israel di Teheran pada 28 Februari lalu.
Dikutip Anadolu Agency, Zahra tewas imbas serangan udara AS-Israel ke kompleks kediaman keluarga Khamenei di ibu kota Teheran.
ADVERTISEMENT
SCROLL TO CONTINUE WITH CONTENT
Mojtaba selamat dari serangan udara itu, namun turut kehilangan saudara perempuan, kakak ipar, dan sejumlah keponakan.
Berbeda dengan ayahnya, Mojtaba cukup tertutup dari publik. Mojtaba tak pernah memegang jabatan di pemerintahan, tidak pernah memberikan pidato atau wawancara publik, dan foto-videonya cuma pernah dipublikasikan beberapa kali.
Banyak warga Iran bahkan disebut belum pernah mendengar suara ahli Mojtaba meski dia merupakan anak dari pemimpin tertinggi negara tersebut.
Namun, dilansir dari BBC , Mojtaba diyakini tetap memiliki pengaruh yang cukup besar di Iran selama bertahun-tahun.
Putra kedua Ali Khamenei ini juga sering disebut sebagai ""pangeran bayangan"" yang mengelola lingkaran dalam ayahnya. Meski begitu, ia memiliki pengaruh besar terhadap Korps Garda Revolusi Islam (IRGC) serta badan-badan intelijen Iran.
[Gambas:Video CNN]
Mengutip Al Jazeera , Direktur think thank DiploHouse di Teheran, Hamid Reza Gholamzadeh, bahkan mengatakan Ali Khamenei tidak memiliki andil dalam penunjukan putranya sebagai penerusnya. Seluruhnya bergantung pada proses pemilihan yang dilakukan Majelis Ahli Iran.
Gholamzadeh menuturkan Ali Khamenei bahkan awalnya menentang gagasan penunjukan Motjaba sebagai penerusnya dan mengatakan bahwa tanggung jawab penunjukan pemimpin tertinggi berada di tangan Majelis Ahli Iran
""Ini tidak ada hubungannya dengan ayahnya,"" kata Gholamzadeh kepada Al Jazeera.
""Majelis Ahli bertanggung jawab melakukan penilaian teknis terhadap tokoh-tokoh yang mungkin dipilih dan menentukan siapa yang paling memenuhi kriteria berdasarkan konstitusi, dan mereka telah memilihnya,"" ujarnya.
Meski demikian, Mojtaba Khamenei disebut ""sangat dekat dengan ayahnya"" sehingga memahami berbagai tantangan yang dihadapi Iran.
Putra Khamenei Jadi Pemimpin Tertinggi Iran Baru, Apa Kata AS-Israel?
Rayakan Pemimpin Tertinggi Baru, Iran Tembak Rentetan Rudal ke Israel
Trump Gak Senang dan Irit Bicara usai Iran Pilih Mojtaba Khamenei
""Posisi pemimpin sebenarnya tidak harus memiliki pengalaman eksekutif,"" tambah Gholamzadeh.
""Yang penting adalah semakin baik ia memahami situasi dan tantangan kekuasaan eksekutif dalam praktiknya, maka semakin baik pula ia menjalankan peran tersebut.""
Sementara itu, kabel diplomatik AS yang diterbitkan WikiLeaks pada akhir 2000-an menggambarkan Mojtaba sebagai ""kekuatan di balik jubah"", yang secara luas diartikan sebagai sosok ""cakap dan berpengaruh"".
Sejumlah pakar telah memperkirakan dipilihnya Mojtaba sebagai penerus Khamenei tampaknya akan membawa Iran kembali dipimpin oleh garis keras seperti sebelumnya, bahkan mungkin lebih parah.
Pria yang telah kehilangan ayah, ibu, dan istrinya dalam serangan AS-Israel itu kemungkinan besar tidak akan sudi tunduk pada tekanan Barat."
https://www.cnnindonesia.com/internasional/20260309102625-120-1335805/trump-gak-senang-dan-irit-bicara-usai-iran-pilih-mojtaba-khamenei,Trump Gak Senang dan Irit Bicara usai Iran Pilih Mojtaba Khamenei,"Trump Gak Senang dan Irit Bicara usai Iran Pilih Mojtaba Khamenei
Presiden Amerika Serikat Donald Trump tidak senang dan irit bicara merespons Mojtaba Khamenei yang terpilih sebagai pemimpin tertinggi baru Iran.
""Kita akan lihat nanti,"" ujar Trump ketika ditanya soal terpilihnya Mojtaba Khamenei tulis Al Jazeera , Senin (9/3).
Sementara itu, Middle East Eye melaporkan bahwa Trump 'tidak senang' dengan terpilihnya Mojtaba Khamenei. Sebagian laporan menyebut Trump menganggap pemilihan Mojtaba 'tidak bisa diterima'.
ADVERTISEMENT
SCROLL TO CONTINUE WITH CONTENT
Rayakan Pemimpin Tertinggi Baru, Iran Tembak Rentetan Rudal ke Israel
Video Ungkap Rudal AS Hantam SD Iran, Patahkan Klaim Seenaknya Trump
Mojtaba Khamenei, Ulama Pemimpin Tertinggi Iran Berharta Rp3 T Lebih
Sebelumnya, Trump menyebut siapa pun yang akan menjadi pemimpin baru Iran harus dengan persetujuannya. Trump juga menolak Mojtaba, yang merupakan anak dari mendiang Ali Khamenei, menjadi pemimpin tertinggi baru Iran.
""Mereka membuang-buang waktu. Putra Khamenei tidak berpengaruh. Saya harus terlibat dalam penunjukan ini, seperti halnya dengan Delcy [Rodriguez] di Venezuela,"" kata Trump pekan lalu.
""Putra Khamenei tidak dapat diterima oleh saya. Kami menginginkan seseorang yang akan membawa harmoni dan perdamaian ke Iran,"" ucap Trump menambahkan.
Mojtaba Khamenei ditetapkan sebagai pemimpin tertinggi oleh badan ulama tertinggi, Majelis Ahli, dalam pernyataan yang dipublikasikan pada Senin (9/3) tak lama setelah tengah malam, sepekan lebih usai sang ayah tewas dalam serangan Amerika Serikat-Israel.
Lahir pada 8 September 1969 di kota suci Mashhad di Iran timur, Mojtaba Khamenei merupakan salah satu dari enam anak Ali Khamenei.
Mojtaba Khamenei dikenal sebagai pribadi yang sangat tertutup bahkan di acara resmi dan di depan media. Pria 56 tahun itu dianggap sebagai ulama kelas menengah dan telah lama digadang-gadang sebagai penerus sang ayah."
https://www.cnnindonesia.com/internasional/20260309102753-120-1335806/presiden-iran-soal-mojtaba-pemimpin-tertinggi-tandai-kekuatan-baru,Presiden Iran soal Mojtaba Pemimpin Tertinggi: Tandai Kekuatan Baru,"Presiden Iran soal Mojtaba Pemimpin Tertinggi: Tandai Kekuatan Baru
Presiden Iran Masoud Pezeshkian menyambut gembira terpilihnya Mojtaba Khamenei sebagai pemimpin tertinggi Iran.
Pezeshkian menyebutkan bahwa terpilihnya Pezeshkian menandai ""martabat dan kekuatan baru"" Iran di tengah agresi Amerika Serikat dan Israel di negara tersebut.
ADVERTISEMENT
SCROLL TO CONTINUE WITH CONTENT
""Pilihan berharga ini merupakan manifestasi dari keinginan kuat negara Islam Iran untuk mengkonsolidasikan persatuan nasional,"" ujar Pezeshkian seperti dikutip dari Al Jazeera .
""Persatuan yang seperti penghalang yang kokoh, telah membuat Iran bertahan terhadap konspirasi musuh,"" ia menambahkan.
Mojtaba merupakan anak pertama mendiang Ayatollah Ali Khamenei yang meninggal dunia diserang oleh bom Israel dan AS.
Korps Garda Republik Islam Iran (IRGC) sempat memberi sinyal akan memberikan dukungan total jika Mojtaba yang terpilih sebagai pemimpin tertinggi Iran.
Setelah Mojtaba terpilih, IRGC, angkatan bersenjata Iran, sejumlah pemimpin Iran seperti Mohammed Bagher Qalibaf dan Ali Larijani, bersumpah setia kepada sang pemimpin tertinggi baru Iran tersebut.
Terpilihnya Mojtaba disebut semakin menguatkan rezim teokrasi Iran garis keras, sama seperti pendahulunya, Ali Khamenei.
Sikap perlawanan terhadap Israel dan AS pun diprediksi sejumlah pengamat akan semakin kuat di bawah pimpinan Mojtaba."
https://www.cnnindonesia.com/internasional/20260309082503-120-1335757/anak-khamenei-jadi-pemimpin-iran-dicap-sukses-bikin-malu-as-israel,"Anak Khamenei Jadi Pemimpin, Iran Dicap Sukses Bikin Malu AS-Israel","Anak Khamenei Jadi Pemimpin, Iran Dicap Sukses Bikin Malu AS-Israel
Majelis Ahli Iran menunjuk putra mendiang Ayatollah Ali Khamenei, Mojtaba Khamenei , menggantikan sang ayah sebagai pemimpin tertinggi negara tersebut pada Senin (9/3).
Penunjukan ini berlangsung sepekan lebih setelah Ali Khamenei tewas dalam serangan gabungan Amerika Serikat dan Israel pada 28 Februari lalu.
ADVERTISEMENT
SCROLL TO CONTINUE WITH CONTENT
Meski berhasil mengeliminasi Ali Khamenei, serangan AS-Israel disebut tak banyak menguntungkan Negeri Paman Sam dan Tel Aviv, malah sebaliknya.
Alex Vatanka, peneliti senior di Middle East Institute,bahkan menilai penunjukan Mojtaba merupakan penghinaan besar bagi AS dan Israel.
Sebab, kedua negara sudah susah payah membunuh Khamenei dan membakar triliunan rupiah selama 10 hari terakhir demi membunuh Khamenei dan para petinggi Iran dengan harapan memicu perubahan rezim di Republik Islam Iran. Namun nyatanya tidak demikian.
Iran malah tetap berdiri kukuh hingga berani mengumumkan pengganti Khamenei yang merupakan putra keduanya sendiri dan notabene sama-sama ulama garis keras.
""Merupakan penghinaan besar bagi Amerika Serikat untuk melakukan operasi sebesar ini, mengambil risiko sebesar itu, dan akhirnya menewaskan seorang pria berusia 86 tahun, hanya untuk kemudian digantikan oleh putranya yang juga berhaluan keras,"" kata Vatanka, seperti dikutip Reuters .
[Gambas:Video CNN]
Pada 28 Februari lalu, AS-Israel melancarkan serangan ke Teheran hingga menewaskan Khamenei. Serangan itu memantik balasan dari Iran hingga perang besar meletus di Timur Tengah.
AS menggunakan dua kapal induk dalam operasi militernya ke Iran. Bahkan, AS berencana mengirim kapal induk ketiga untuk memperkuat pertahanannya.
Penggunaan kapal induk, serta aset-aset militer lainnya, tentu bukan hal murah bagi AS. Apalagi, aset-aset itu dipakai cuma untuk mencegat drone Iran yang harganya tak seberapa.
Selain itu, Presiden AS Donald Trump juga sebelumnya sempat mengejek Mojtaba Khamenei sebagai sosok yang ""enteng"" dan memamerkan ia seharusnya memiliki peran dalam penunjukan pemimpin baru Iran.
""Jika dia tidak mendapat persetujuan dari kami, dia tidak akan bertahan lama,"" katanya kepada ABC News sebelum pengumuman itu dibuat.
Militer Israel juga memperingatkan setiap penerus Khamenei bahwa Tel Aviv ""tidak akan ragu untuk menargetkan Anda"".
AS rugi bandar, baca di halaman berikutnya >>>
Operasi militer AS-Israel sia-sia
Belum lagi dampak dari perang yang membuat harga minyak dunia meroket imbas Selat Hormuz yang ditutup Iran.
Para pengamat menilai operasi AS-Israel ke Iran sia-sia karena Iran tetap dipimpin oleh sosok garis keras seperti Khamenei.
Penunjukan Mojtaba disebut memberi pesan tegas bahwa Iran menolak prospek kompromi apa pun dengan AS, serta bahwa konfrontasi dan resiliensi akan menjadi dasar negara itu.
""Menunjuk Mojtaba untuk mengambil alih (kekuasaan) adalah taktik yang sama,"" kata Vatanka.
Meski begitu, menurut sejumlah sumber internal, kepemimpinan Mojtaba akan menghadapi tekanan internal dan eksternal yang sangat besar dari penduduk yang tidak puas dengan ayahnya. Namun, mereka meyakini situasi ini akan mendorong Mojtaba bergerak cepat untuk mengonsolidasikan kekuasaan.
Ini artinya Korps Garda Revolusi Islam Iran (IRGC) akan mendapat wewenang yang lebih luas dan Iran akan menerapkan kontrol domestik yang lebih ketat.
""Dunia akan merindukan era ayahnya,"" kata seorang pejabat regional yang dekat dengan Teheran kepada Reuters.
""Mojtaba tidak punya pilihan selain menunjukkan tangan besi...bahkan jika perang berakhir, akan ada penindasan internal yang parah,"" lanjutnya.
Mojtaba adalah putra kedua Khamenei yang punya hubungan kuat dengan IRGC, badan militer paling kuat di negara itu, serta dengan pasukan paramiliter sukarelawan Iran, Basij.
Meski bukan ulama pangkat tinggi dan tak punya peran resmi di pemerintahan, Mojtaba diyakini memiliki pengaruh signifikan atas Iran.
Iran sedang bergulat dengan krisis ekonomi yang kian parah. Penindasan terhadap warga juga dilaporkan terus meningkat hingga memicu kemarahan publik.
Penduduk Iran akan dibayangi hari-hari yang lebih sulit di bawah kepemimpinan Mojtaba.
Israel Tekor, Ongkos Perang Lawan Iran Bisa Tembus Rp3,38 T Per Hari
Perbandingan Biaya Rudal hingga Drone AS-Israel vs Iran
Kronologi 3 ABK WNI Hilang di Selat Hormuz, RI Minta Penyelidikan
""Mojtaba bahkan lebih buruk dan lebih garis keras daripada ayahnya,"" kata Alan Eyre, mantan diplomat AS dan pakar Iran.
""Dia menyimpan banyak hal untuk dibalas,"" lanjutnya.
Menurut peneliti senior di Middle East Institute, Paul Salem, Mojtaba juga bukan sosok tepat untuk mencapai kesepakatan dengan AS maupun untuk melakukan manuver diplomatik.
""Tidak seorang pun yang muncul sekarang akan mampu berkompromi. Ini adalah pilihan garis keras, yang dibuat pada saat yang genting,"" kata Salem."
https://www.cnnindonesia.com/internasional/20260309155930-113-1335998/china-minta-negara-lain-jangan-ganggu-iran,China Minta Negara Lain Jangan Ganggu Iran,"China Minta Negara Lain Jangan Ganggu Iran
China menyatakan menolak segala bentuk intervensi atau serangan pihak lain ke Pemimpin Tertinggi baru Iran Mojtaba Khamene i .
Mojtaba terpilih usai ayahnya, Ayatollah Ali Khamenei, tewas dalam serangan Amerika Serikat-Israel.
Juru bicara Kementerian Luar Negeri China Guo Jiakun mengatakan keputusan menunjuk pemimpin baru jadi urusan internal Iran.
ADVERTISEMENT
SCROLL TO CONTINUE WITH CONTENT
""China menolak segala campur tangan urusan dalam negara lain dengan dalih apapun, dan kedaulatan, keamanan Iran, serta wilayah Iran yang harus dihormati,"" kata Guo dalam konferensi pers rutin di Beijing, pada Senin (9/3), dikutip AFP.
Iran mengumumkan Mojtaba sebagai pemimpin tertinggi pada Senin usai terpilih dalam forum yang digelar Majelis Ahli.
""Dengan suara yang menentukan, Majelis Hali menunjuk Ayatollah Seyyed Mojtaba Hossenini Khamenei sebagai Pemimpin ketiga sistem sakral Republik Islam Iran,"" demikian pernyataan Majelis Ahli.
Mojtaba merupakan ulama level menengah yang memiliki pengaruh dalam pasukan keamanan Iran serta jaringan bisnis besar yang berkembang di bawah pimpinan ayahnya.
Korps Garda Revolusi Islam Iran (IRGC) sempat memberi sinyal akan memberi dukungan total jika Mojtaba yang terpilih sebagai pemimpin tertinggi iran.
Setelah Mojtaba terpilih, para petinggi IRGC bersumpah setia kepada pemimpin baru itu.
Mojtaba naik ke kursi kekuasaan usai Pemimpin Tertinggi Iran Ayatollah Ali Khamenei tewas dalam operasi Amerika Serikat dan Israel ke negara itu pada 28 Februari.
Dalam misinya meluncurkan operasi di Iran, Presiden Donald Trump menegaskan ambisi imiperialisnya dengan keinginan dia mengganti rezim di negara tersebut. Namun, kepemimpinan ulama Iran telah mengakar kuat sehingga sulit digoyah."
https://www.cnnindonesia.com/internasional/20260310084948-120-1336191/irgc-iran-respons-klaim-trump-perang-selesai-tergantung-kami,IRGC Iran Respons Klaim Trump: Perang Selesai Tergantung Kami!,"IRGC Iran Respons Klaim Trump: Perang Selesai Tergantung Kami!
Korps Garda Revolusi Islam Iran (IRGC) menegaskan pihak yang menentukan berakhirnya perang adalah Iran , bukan Presiden Amerika Serikat Donald Trump .
Dalam sebuah pernyataan pada Selasa (10/3), IRGC menyatakan situasi dan status masa depan Timur Tengah ada di tangan Iran, bukan Trump.
ADVERTISEMENT
SCROLL TO CONTINUE WITH CONTENT
Pasukan militer terkuat milik Iran itu merespons pernyataan Trump baru-baru ini bahwa perang di Timur Tengah akan berakhir dalam waktu dekat.
""Kamilah yang akan menentukan akhir perang,"" demikian pernyataan IRGC pada Selasa (10/3), seperti dikutip AFP .
""Situasi dan status masa depan kawasan ini sekarang berada di tangan angkatan bersenjata kami. Pasukan Amerika tidak akan mengakhiri perang,"" lanjut IRGC.
Pada Senin (9/3), Trump menyatakan perang AS-Israel vs Iran yang pecah sejak 28 Februari akan segera berakhir dalam waktu dekat.
""Ini akan segera berakhir, dan jika dimulai lagi, mereka akan terkena dampak yang lebih parah,"" kata Trump dalam konferensi pers di Florida.
Trump mengatakan demikian untuk menenangkan pasar yang sedang ketar-ketir akan meluasnya konflik di Timur Tengah. Pada Senin (9/3), bursa saham rontok berjemaah dan harga minyak dunia melambung hingga ke level tertinggi sejak Juli 2022.
Ini terjadi di hari ketika Iran menunjuk Mojtaba Khamenei, putra mantan Pemimpin Tertinggi Iran Ayatollah Ali Khamenei, sebagai pengganti ayahnya. Khamenei tewas dibunuh AS-Israel dalam serangan gabungan pada 28 Februari lalu.
Penunjukan Mojtaba diiringi dengan peluncuran rentetan rudal ke wilayah Israel dan negara-negara Arab. Aksi ini memberi sinyal bahwa Selat Hormuz kemungkinan masih akan terus terblokir. Selat ini ditutup Iran sehari setelah diserang AS-Israel.
Pernyataan Trump sendiri cukup berhasil menenangkan riak pasar. Wall Street naik ke wilayah positif, dan Tokyo serta Seoul juga dibuka kuat pada Selasa.
Harga minyak juga mulai berangsur mereda. Minyak dunia turun lima persen setelah sempat tembus US$119 per barel pada Senin."
https://www.cnnindonesia.com/internasional/20260309051649-120-1335710/garda-revolusi-bersumpah-setia-ke-mojtaba-pemimpin-tertinggi-baru-iran,Garda Revolusi Bersumpah Setia ke Mojtaba Pemimpin Tertinggi Baru Iran,"Garda Revolusi Bersumpah Setia ke Mojtaba Pemimpin Tertinggi Baru Iran
Korps Garda Revolusi Islam Iran (IRGC) menyatakan sumpah setia kepada pemimpin tertinggi baru negara itu, Mojtaba Khamenei , setelah ia ditunjuk sebagai penerus ayahnya, Ayatollah Ali Khamenei, oleh Majelis Ahli pada Senin (9/3) dini hari waktu setempat.
""Korps Garda Revolusi Islam siap memberikan ketaatan penuh dan pengorbanan diri dalam melaksanakan perintah ilahi dari Wali Faqih pada masa ini, Yang Mulia Ayatollah Seyyed Mojtaba Khamenei,"" kata Garda Revolusi IRGC dalam sebuah pernyataan seperti dikutip AFP .
ADVERTISEMENT
SCROLL TO CONTINUE WITH CONTENT
Dilansir Al Jazeera, Majelis Ahli Iran, sebagai badan ulama yang menetapkan pemimpin tertinggi Iran, menyerukan rakyat Iran untuk menjaga persatuan dan menyatakan dukungan kepada Khamenei.
Dalam pernyataan yang disiarkan oleh media pemerintah, majelis tersebut mengatakan bahwa Mojtaba Khamenei dipilih berdasarkan ""pemungutan suara yang menentukan"".
Majelis itu juga mendesak seluruh rakyat Iran, ""terutama kalangan elite dan intelektual dari seminari serta universitas"" untuk ""menyatakan kesetiaan kepada kepemimpinan dan menjaga persatuan.""
Sejumlah tokoh penting Iran lainnya juga secara terbuka menyatakan dukungan mereka kepada Mojtaba Khamenei dan menyerukan kepada rakyat Iran untuk melakukan hal yang sama.
Ketua parlemen Iran Mohammad Baqer Qalibaf menyebut keputusan Majelis Ahli menunjuk Mojtaba Khamenei sebagai keputusan yang ""tepat"".
[Gambas:Video CNN]
Qalibaf mengatakan mengikuti Mojtaba Khamenei merupakan ""kewajiban agama dan nasional yang pasti"" bagi Iran.
Sementara itu Sekretaris Dewan Keamanan Nasional Tertinggi, Ali Larijani, menyerukan persatuan menyusul penunjukan Mojtaba Khamenei dan berterima kasih kepada Majelis Ahli atas keputusan mereka yang ""jelas""."
https://www.cnnindonesia.com/internasional/20260309054846-120-1335716/sosok-mojtaba-khamenei-pemimpin-tertinggi-iran-baru-target-as-israel,"Sosok Mojtaba Khamenei, Pemimpin Tertinggi Iran Baru Target AS-Israel","Sosok Mojtaba Khamenei, Pemimpin Tertinggi Iran Baru Target AS-Israel
Ayatollah Mojtaba Hosseini Khamenei atau Mojtaba Khamenei , putra mendiang pemimpin tertinggi Iran Ayatollah Ali Khamenei, telah ditunjuk untuk menggantikan ayahnya sebagai kepala baru Republik Islam Iran.
Khamenei ditetapkan sebagai pemimpin tertinggi oleh badan ulama tertinggi, Majelis Ahli, dalam pernyataan yang dipublikasikan pada Senin (9/3) tak lama setelah tengah malam, sepekan lebih usai sang ayah tewas dalam serangan Amerika Serikat-Israel.
ADVERTISEMENT
SCROLL TO CONTINUE WITH CONTENT
Selain Mojtaba Khamenei, beberapa kandidat lain muncul untuk posisi tertinggi tersebut termasuk Alireza Arafi, salah satu dari tiga anggota dewan sementara yang memimpin negara, tokoh garis keras Mohsen Araki, serta Hassan Khomeini yakni cucu pendiri Republik Islam Iran pada 1979.
Namun pada akhirnya Majelis Ahli memilih Mojtaba Khamenei, untuk menduduki jabatan tertinggi di Iran tersebut. Sejauh ini, badan beranggotakan 88 ulama tinggi itu baru satu kali mengawasi proses transisi kepemimpinan, yakni ketika Ali Khamenei dipilih pada 1989 setelah Ruhollah Khomeini wafat.
Lahir pada 8 September 1969 di kota suci Mashhad di Iran timur, Mojtaba Khamenei merupakan salah satu dari enam anak Ali Khamenei.
Mojtaba Khamenei dikenal sebagai pribadi yang sangat tertutup bahkan di acara resmi dan di depan media. Pria 56 tahun itu dianggap sebagai ulama kelas menengah dan telah lama digadang-gadang sebagai penerus sang ayah.
Ia merupakan satu-satunya anak mantan pemimpin tertinggi yang memegang peran publik, meskipun tidak memiliki jabatan resmi.
Ulama yang memiliki janggut beruban dan mengenakan sorban hitam itu memiliki garis keturunan Nabi Muhammad. Sebagian pihak menilai riwayat itu memainkan peran di balik layar dalam mengendalikan kekuasaan di Iran.
Mojtaba Khamenei dipandang dekat dengan kalangan konservatif, terutama karena hubungannya dengan Korps Garda Revolusi Iran (IRGC), sayap ideologis militer Republik Islam Iran.
Hubungan tersebut berawal dari pengabdian dirinya dalam unit tempur pada akhir perang Iran-Irak yang berlangsung dari 1980 hingga 1988.
[Gambas:Video CNN]
Masuk radar AS
Nama Mojtaba Khamenei sendiri sudah masuk radar Amerika Serikat
Kementerian Keuangan AS telah menjatuhkan sanksi terhadap Mojtaba Khamenei pada 2019 pada masa jabatan pertama Presiden Donald Trump, dengan alasan bahwa ia mewakili pemimpin tertinggi ""meskipun tidak pernah dipilih atau diangkat dalam posisi pemerintahan selain bekerja di kantor ayahnya"".
Menurut Kementerian Keuangan, Ali Khamenei telah ""mendelegasikan sebagian tanggung jawab kepemimpinannya"" kepada putranya, yang ""bekerja sangat dekat"" dengan aparat keamanan Iran untuk memajukan ambisi regional ayahnya dan tujuan domestik yang represif.
Presiden MbZ: UEA Sedang di Masa Perang, Bukan Target Mudah
Israel Ancam Kejar Semua Penerus Pemimpin Tertinggi Iran
Akademisi soal Klaim Trump Sebut Iran Menyerah: Cuma Retorika Politik
Para penentangnya juga menuduh Mojtaba berperan dalam penindasan keras terhadap demonstrasi setelah presiden ultra-konservatif Mahmoud Ahmadinejad terpilih kembali pada 2009 hingga memicu gelombang besar protes di Iran.
Menurut penyelidikan organisasi berita Bloomberg yang mengutip sumber anonim serta laporan badan intelijen Barat, Mojtaba Khamenei disebut telah mengumpulkan kekayaan yang diperkirakan lebih dari US$100 juta dolar.
Dana dari penjualan minyak disebut dialihkan ke investasi properti mewah di Inggris, hotel di Eropa, dan properti di Dubai melalui perusahaan cangkang di negara suaka pajak, menurut penyelidikan tersebut.
Di bidang keagamaan, Mojtaba Khamenei mempelajari teologi di kota suci Qom, di selatan Teheran, tempat ia juga pernah mengajar.
Ia mencapai tingkat Hujjat al-Islam, gelar bagi ulama tingkat menengah, di bawah tingkat Ayatollah yang dimiliki ayahnya dan pemimpin revolusi Ruhollah Khomeini.
Istrinya, Zahra Haddad-Adel, putri mantan ketua parlemen Iran, juga tewas dalam serangan AS-Israel yang menewaskan sang ayah.
Israel telah mengeluarkan peringatan keras kepada pemimpin tertinggi yang baru dan siapa pun yang memilihnya, dengan menyatakan bahwa ""tangan Negara Israel akan terus mengejar siapa pun penerus dan siapa pun yang berupaya menunjuk penerus""."
https://www.cnnindonesia.com/nasional/20260310110948-32-1336256/puan-pidato-di-dpr-konflik-timur-tengah-potensi-ganggu-ekonomi-ri,Puan Pidato di DPR: Konflik Timur Tengah Potensi Ganggu Ekonomi RI,"Puan Pidato di DPR: Konflik Timur Tengah Potensi Ganggu Ekonomi RI
Ketua DPR RI Puan Maharani mengingatkan konflik yang terjadi di kawasan Timur Tengah berpotensi mempengaruhi stabilitas ekonomi global, termasuk perekonomian Indonesia.
""Dampak dari konflik geopolitik yang sedang terjadi di Timur Tengah, akan mempengaruhi stabilitas ekonomi global termasuk perekonomian Indonesia,"" kata Puan dalam pidato pada Pembukaan Masa Persidangan IV Tahun Sidang 2025-2026 di Kompleks Parlemen, Senayan, Jakarta, Selasa (10/3).
ADVERTISEMENT
SCROLL TO CONTINUE WITH CONTENT
Menurutnya, konflik akan mempengaruhi harga minyak, transportasi, harga barang, nilai tukar rupiah terhadap Dolar Amerika Serikat, rantai perdagangan, pertumbuhan ekonomi, serta ketahanan fiskal dalam menjalankan pembangunan.
Pada saat yang sama, kata Puan, rakyat masih menaruh harapan besar agar negara hadir dalam menciptakan lapangan kerja, meningkatkan penghasilan rakyat, meningkatkan akses rakyat untuk mendapatkan pelayanan pendidikan dan kesehatan, serta memperkuat ekonomi kerakyatan.
Dalam konteks tersebut, ia mengatakan DPR akan memastikan kemampuan fiskal APBN Tahun Anggaran 2026 tetap dapat menjaga dan mempertahankan derajat kehidupan rakyat, kesejahteraan rakyat tidak turun kelas.
""Oleh karena itu politik anggaran pemerintah harus dapat menjaga ketahanan fiskal yang dapat memastikan bahwa rakyat tetap mendapatkan jalan menuju kesejahteraannya. Mendapat pekerjaan, penghasilannya meningkat, mendapatkan pelayanan umum yang berkualitas, merasa aman dan tentram,"" katanya.
Dalam kesempatan itu, Puan menilai konflik antara Amerika Serikat-Israel dengan Iran tidak hanya mencerminkan pertentangan kepentingan di tingkat regional, tetapi juga menggambarkan tantangan besar bagi tata kelola global kedepan.
Situasi itu, menurut dia, menegaskan kembali pentingnya penguatan hukum internasional, peran lembaga internasional dalam menjaga perdamaian, keadilan, stabilitas dunia, serta hak negara dalam mempertahankan kedaulatannya.
""Atas nama Pimpinan dan Anggota Dewan Perwakilan Rakyat Republik Indonesia, kami menyampaikan duka cita yang mendalam atas wafatnya Yang Mulia Ayatullah Ali Khamenei, Pemimpin Tertinggi Republik Islam Iran,"" kata Puan
Puan mendesak Perserikatan Bangsa-Bangsa (PBB) untuk mengambil peran, segera bertindak dalam menjaga penghormatan terhadap hukum internasional, perlindungan terhadap masyarakat sipil, serta komitmen bersama menjaga perdamaian dan stabilitas global.
""DPR RI juga menegaskan Pemerintah Republik Indonesia harus terus menjalankan politik luar negeri bebas dan aktif dalam menjaga kepentingan nasional secara bijaksana, konsisten, dan konstruktif dalam merespons dinamika geopolitik global yang berkembang,"" kata dia."
https://www.cnnindonesia.com/internasional/20260309061745-120-1335724/iran-punya-pemimpin-tertinggi-baru-sampai-jadi-target-israel,Iran Punya Pemimpin Tertinggi Baru sampai Jadi Target Israel,"Iran Punya Pemimpin Tertinggi Baru sampai Jadi Target Israel
Israel Ancam Kejar Semua Penerus Pemimpin Tertinggi Iran
Trump Puji PM Italia Meloni Siap Bantu AS-Israel Lawan Iran
Sosok Mojtaba Khamenei, Pemimpin Tertinggi Iran Baru Target AS-Israel
Pemilihan pemimpin tertinggi Iran sampai perkembangan peperangan antara Teheran melawan Amerika Serikat dan Israel masih menjadi sorotan berita internasional.
Berikut kilas berita internasional selama akhir pekan:
ADVERTISEMENT
SCROLL TO CONTINUE WITH CONTENT
Israel Ancam Kejar Semua Penerus Pemimpin Tertinggi Iran
Militer Israel memperingatkan akan terus memburu siapa pun yang berpotensi menjadi penerus pemimpin tertinggi Iran, Ayatollah Ali Khamenei, di tengah meningkatnya ketegangan antara kedua negara.
Dalam sebuah unggahan di platform X yang ditulis dalam bahasa Persia, militer Israel menegaskan akan mengejar setiap sosok yang berpeluang menggantikan Khamenei sebagai pemimpin tertinggi Iran.
Tidak hanya itu, militer Israel juga mengancam akan menargetkan pihak-pihak yang terlibat dalam proses penunjukan pengganti pemimpin tertinggi tersebut, seperti dikutip Reuters .
[Gambas:Video CNN]
Trump Puji PM Italia Meloni Siap Bantu AS-Israel Lawan Iran
Presiden Amerika Serikat Donald Trump memuji Perdana Menteri Italia Giorgia Meloni dan menyebutnya sebagai pemimpin hebat yang siap membantu Amerika Serikat serta Israel dalam perang melawan Iran.
Dalam wawancara via telepon dengan harian Italia Corriere della Sera pada Sabtu (7/3), Trump mengatakan Italia telah melakukan berbagai langkah untuk membantu sekutu Barat di tengah meningkatnya ketegangan dengan Iran.
""Saya mencintai Italia. Saya pikir dia adalah pemimpin yang hebat,"" kata Trump mengenai Meloni, seperti dikutip oleh Corriere della Sera pada Minggu (8/3).
Sosok Mojtaba Khamenei, Pemimpin Tertinggi Iran Baru Target AS-Israel
Ayatollah Mojtaba Hosseini Khamenei atau Mojtaba Khamenei, putra mendiang pemimpin tertinggi Iran Ayatollah Ali Khamenei, telah ditunjuk untuk menggantikan ayahnya sebagai kepala baru Republik Islam Iran.
Khamenei ditetapkan sebagai pemimpin tertinggi oleh badan ulama tertinggi, Majelis Ahli, dalam pernyataan yang dipublikasikan pada Senin (9/3) tak lama setelah tengah malam, sepekan lebih usai sang ayah tewas dalam serangan Amerika Serikat-Israel.
Selain Mojtaba Khamenei, beberapa kandidat lain muncul untuk posisi tertinggi tersebut termasuk Alireza Arafi, salah satu dari tiga anggota dewan sementara yang memimpin negara, tokoh garis keras Mohsen Araki, serta Hassan Khomeini yakni cucu pendiri Republik Islam Iran pada 1979."
https://www.cnnindonesia.com/internasional/20260309150130-113-1335975/respons-china-soal-pemimpin-tertinggi-baru-iran-mojtaba-khamenei,Respons China soal Pemimpin Tertinggi Baru Iran Mojtaba Khamenei,"Respons China soal Pemimpin Tertinggi Baru Iran Mojtaba Khamenei
China turut buka suara usai Iran mengumumkan pemimpin tertinggi baru, Mojtaba Khamenei , pengganti mendiang Ali Khamenei yang tewas dalam serangan bersama Amerika Serikat-Israel akhir Februari.
Juru bicara Kementerian Luar Negeri China Guo Jiakun menyampaikan komentar itu saat konferensi pers rutin di Beijing, Senin (9/3).
ADVERTISEMENT
SCROLL TO CONTINUE WITH CONTENT
""Ini adalah keputusan pihak Iran berdasarkan konstitusinya,"" kata Guo, dikutip AFP .
Iran mengumumkan Mojtaba sebagai pemimpin tertinggi pada Senin. Ia merupakan anak pertama Khamenei.
Korps Garda Revolusi Islam Iran (IRGC) sempat memberi sinyal akan memberikan dukungan total jika Mojtaba yang terpilih sebagai pemimpin tertinggi iran.
Setelah Mojtaba terpilih, para petinggi IRGC bersumpah setia kepada pemimpin baru itu.
Terpilihnya Mojtaba disebut akan semakin menguatkan Iran, sama seperti Khamenei. Sikap terhadap AS dan Israel juga akan semakin kuat di bawah pimpinan anak Khamenei.
Sementara itu, Presiden Iran Masoud Pezeshkian menyambut riang terpilihnya Mojtaba. Dia mengatakan penunjukkan ini menjadi martabat dan kekuatan baru negara Timur Tengah itu.
""Pilihan berharga ini merupakan manifestasi dari keinginan kuat negara Islam Iran untuk mengkonsolidasikan persatuan nasional,"" kata Pezeshkian.
Mojtaba naik ke kursi kekuasaan usai sang ayah tewas dalam pengeboman AS-Israel ke Iran pada 28 Februari. Dia meninggal bersama menantu, cucu, dan para pejabat pertahanan.
Dalam misinya meluncurkan operasi di Iran, Presiden Donald Trump menegaskan ambisi imiperialisnya dengan keinginan dia mengganti rezim di negara tersebut.
Namun, kepemimpinan ulama Iran telah mengakar kuat sehingga sulit digoyah."
https://www.cnnindonesia.com/internasional/20260309180613-120-1336070/mojtaba-khamenei-akan-dilantik-jadi-pemimpin-baru-iran-hari-ini,Mojtaba Khamenei Akan Dilantik Jadi Pemimpin Baru Iran Hari Ini,"Mojtaba Khamenei Akan Dilantik Jadi Pemimpin Baru Iran Hari Ini
Mojtaba Khamenei akan dilantik menjadi Pemimpin Tertinggi Baru Iran pada hari ini, Senin (9/3) waktu setempat.
Media semi pemerintah Iran Fars yang dikutip TASS, melaporkan upacara pelantikan akan berlangsung pukul 15.00 waktu setempat atau 18.30 WIB di Enghelab Square di Teheran.
ADVERTISEMENT
SCROLL TO CONTINUE WITH CONTENT
Iran mengumumkan Mojtaba sebagai pemimpin tertinggi pada Senin usai dipilih Majelis Ahli.
""Dengan suara yang menentukan, Majelis Ahli menunjuk Ayatollah Seyyed Mojtaba Hossenini Khamenei sebagai Pemimpin ketiga sistem sakral Republik Islam Iran,"" demikian pernyataan Majelis Ahli.
Mojtaba merupakan ulama tingkat menengah yang punya pengaruh dalam pasukan keamanan Iran, serta jaringan bisnis besar yang berkembang di bawah pimpinan ayahnya.
Korps Garda Revolusi Islam Iran (IRGC) sempat memberi sinyal untuk memberi dukungan total jika Mojtaba yang terpilih sebagai pemimpin tertinggi Iran. Setelah Mojtaba terpilih, para petinggi IRGC bersumpah setia kepada pemimpin baru itu.
Mojtaba naik ke kursi kekuasaan usai Pemimpin Tertinggi Iran Ayatollah Ali Khamenei, yang juga ayahnya, tewas dalam operasi Amerika Serikat dan Israel ke negara itu pada 28 Februari.
Dalam misinya meluncurkan operasi di Iran, Presiden Donald Trump menegaskan ambisi imperialisnya dengan keinginan dia mengganti rezim di negara tersebut.
Namun, kepemimpinan ulama Iran telah mengakar kuat sehingga sulit digoyah."
https://www.cnnindonesia.com/internasional/20260309175602-106-1336066/ri-serukan-as-israel-iran-hentikan-saling-serang,"RI Serukan AS, Israel, & Iran Hentikan Saling Serang","RI Serukan AS, Israel, & Iran Hentikan Saling Serang
Pemerintah Indonesia meminta Amerika Serikat, Israel , dan Iran menghentikan serangan menyusul situasi di Timur Tengah yang membara.
Dalam rilis resmi Kementerian Luar Negeri pada Senin (9/3), pemerintah Indonesia kembali menyampaikan keprihatinan mendalam atas ketergangan yang meluas dan meningkat di Timur Tengah serta dampaknya.
ADVERTISEMENT
SCROLL TO CONTINUE WITH CONTENT
""Pemerintah Indonesia menyerukan kepada Amerika Serikat dan Israel untuk menghentikan serangan terhadap Iran,"" demikian rilis Kemlu yang dipublikasikan di X.
Pernyataan itu kemudian berlanjut, ""Serta menyerukan kepada Iran untuk menghentikan serangan yang menargetkan negara-negara tetangga di kawasan, termasuk Perserikatan Emirat Arab, Arab Saudi, Qatar, Oman, Bahrain, Kuwait dan Yordania.""
Indonesia, dalam rilis tersebut, menegaskan kembali kewajiban semua pihak untuk menegakkan prinsip-prinsip hukum internasional, khususnya mengenai larangan penggunaan kekerasan terhadap kedaulatan dan integritas teritorial negara.
Indonesia juga mendorong para pihak menahan diri secara maksimal, meredakan ketegangan, serta kembali ke meja perundingan melalui dialog dan diplomasi.
Dalam rilis tersebut, Indonesia juga memantau secara ketat dampak konflik terhadap WNI yang berada di kawasan dan sudah menyiapkan langkah kontigensi jika diperlukan.
Iran bergejolak usai Amerika Serikat dan Israel meluncurkan serangan brutal ke negara tersebut pada 28 Februari.
Serangan tersebut menewaskan Pemimpin Tertinggi Ayatollah Ali Khamenei, Menteri Pertahanan, hingga Panglima Korps Garda Revolusi Islam (IRGC). Akibat gempuran itu pula, lebih dari 1.000 warga di Iran tewas.
Di hari yang sama saat AS-Israel menyerang, Iran langsung meluncurkan balasan. Respons mereka kian intensif usai Khamenei resmi dinyatakan meninggal.
Iran menargetkan Israel dan aset-aset militer yang Amerika Serikat yang ada di Timur Tengah.
Saat ini, Iran sudah memilih pengganti Khamenei, Mojtaba Khamenei, sebagai Pemimpin Tertinggi negara tersebut."
https://www.cnnindonesia.com/internasional/20260308180301-120-1335653/dewan-ulama-hampir-rampung-pilih-penerus-khamenei-israel-beri-ancaman,"Dewan Ulama Hampir Rampung Pilih Penerus Khamenei, Israel Beri Ancaman","Dewan Ulama Hampir Rampung Pilih Penerus Khamenei, Israel Beri Ancaman
Militer zionis Israel mengancam akan terus menargetkan penerus pemimpin tertinggi Iran , Ayatollah Ali Khamenei yang gugur beberapa waktu lalu.
Pernyataan ini keluar bersamaan dengan media Iran yang melaporkan pemilihan pemimpin tertinggi usai gugurnya Khamenei sudah hampir selesai.
""Saya ingin menekankan bahwa Israel akan terus mengejar pengganti Khamenei dan siapa pun yang mencoba menunjuknya,"" tulis Pasukan Pertahanan Israel mengutip CNN , Minggu (8/3).
ADVERTISEMENT
SCROLL TO CONTINUE WITH CONTENT
Tak hanya pemimpin tertinggi baru, Israel juga menyatakan ikut mengincar siapapun yang terlibat dalam proses pemilihan tersebut.
""Kami tidak segan menargetkan anda juga. Anggap saja ini sebagai peringatan,"" ucap mereka.
Khamenei gugur dalam serangan oleh operasi AS-Israel pada 28 Februari 2026 lalu. Terdapat sejumlah nama yang digadang-gadang akan menjadi pengganti Khamenei.
Sejauh ini, Sekretaris Dewan Keamanan Nasional Tertinggi Iran Ali Larijani; anggota Dewan Kepemimpinan Sementara, Ayatollah Alireza Arafi; dan putra mendiang Khamenei, Mojtaba Khameni, disebut sebagai nama-nama yang mungkin akan mengganti Khamenei.
Namun, belakangan nama mantan Presiden Hassan Rouhani juga masuk prediksi bursa pengganti Khamenei. Di sisi lain, Presiden AS Donald Trump mengatakan ingin terlibat dalam menentukan penerus Khamenei.
Trump juga menolak kandidat pengganti Khamenei yang juga anaknya, Mojtaba Khamenei. Trump menyebut Mojtaba dianggap sebagai sosok yang ""tak berbobot.""
""Kami ingin terlibat dalam proses pemilihan orang yang akan memimpin Iran di masa depan,"" kata dia dalam wawancara telepon dengan Reuters, Kamis (5/3)."
https://www.cnnindonesia.com/internasional/20260309070451-120-1335735/putra-khamenei-jadi-pemimpin-tertinggi-iran-baru-apa-kata-as-israel,"Putra Khamenei Jadi Pemimpin Tertinggi Iran Baru, Apa Kata AS-Israel?","Putra Khamenei Jadi Pemimpin Tertinggi Iran Baru, Apa Kata AS-Israel?
Putra mendiang Ayatollah Ali Khamenei, Mojtaba Khamenei , resmi terpilih sebagai pemimpin tertinggi baru Iran menggantikan sang ayah pada Senin (9/3).
Penunjukan ini terjadi sepekan lebih setelah Ali Khamenei tewas dalam serangan gabungan Amerika Serikat dan Israel pada 28 Februari lalu yang memicu perang makin meluas di Timur Tengah hingga hari ini.
ADVERTISEMENT
SCROLL TO CONTINUE WITH CONTENT
""Dengan suara yang menentukan, Majelis Ahli menunjuk Ayatollah Seyyed Mojtaba Hosseini Khamenei sebagai Pemimpin ketiga sistem sakral Republik Islam Iran,"" demikian pernyataan majelis tersebut.
Mojtaba adalah putra kedua Khamenei dan dikenal memiliki pengaruh signifikan atas Iran. Ia juga diyakini punya hubungan kuat dengan Korps Garda Revolusi Islam Iran (IRGC), badan militer paling kuat di negara itu.
Mojtaba juga dipercaya dekat dengan pasukan paramiliter sukarelawan Iran, Basij.
Mojtaba bukan ulama pangkat tinggi dan tidak punya peran resmi dalam pemerintahan Iran sebelumnya.
Menurut mantan direkur CIA, David Petraeus, penunjukan Mojtaba sebagai pemimpin tertinggi baru Iran adalah ""hal yang disayangkan"". Pasalnya, Mojtaba tampaknya juga merupakan sosok garis keras seperti ayahnya, meskipun bukan ulama pangkat tinggi.
""Kami berasumsi bahwa dia akan melanjutkan jejak ayahnya, yang merupakan ulama ideologis garis keras,"" katanya kepada CNN , Minggu (8/3).
""Saya rasa dia bahkan bukan seorang Ayatollah selain (fakta) bahwa dia baru saja dipromosikan, yang juga terjadi pada ayahnya. Omong-omong, ayahnya (juga) tidak begitu terkenal ketika terpilih beberapa dekade lalu,"" lanjut Petraeus.
[Gambas:Video CNN]
Petraeus berujar banyak pihak berharap Iran dipimpin oleh seseorang yang ""lebih pragmatis"" dan mau menuruti tuntutan AS, seperti menghentikan program nuklir dan rudal.
""Tampaknya bukan itu masalahnya saat ini. Kecuali, tentu saja, dia muncul sebagai seseorang yang berbeda ketika dia benar-benar berkuasa,"" ucapnya.
Presiden AS Donald Trump sementara itu juga telah bersuara mengenai potensi Mojtaba dipilih sebagai pengganti Khamenei. Sama seperti Petraeus, Trump menilai Mojtaba tidak cocok menjadi pemimpin Iran.
""Putra Khamenei tidak bisa saya terima. Kami ingin seseorang yang akan membawa harmoni dan perdamaian ke Iran,"" kata Trump kepada Axios pada Kamis (5/3) lalu.
Perbandingan Biaya Rudal hingga Drone AS-Israel vs Iran
Akademisi soal Klaim Trump Sebut Iran Menyerah: Cuma Retorika Politik
Bangladesh Krisis BBM di Tengah Konflik Timur Tengah, Antrean Mengular
Dalam wawancara dengan CNN pada Jumat (6/3), Trump sempat mengidentifikasi tipe pemimpin yang ia inginkan di Iran. Yaitu, seseorang yang adil dan bijaksana, yang dapat menjalin hubungan baik dengan AS-Israel serta dengan negara-negara Arab.
""Harus ada seorang pemimpin yang adil dan bijaksana, yang melakukan pekerjaan dengan baik, memperlakukan Amerika Serikat dan Israel dengan baik, dan memperlakukan negara-negara lain di Timur Tengah (dengan baik). Mereka semua mitra kami,"" kata Trump.
Saat ditanya mengenai pandangan bahwa ulama Iran menjadi pemimpin baru, Trump mengaku ia terima-terima saja. Asalkan, orang tersebut memiliki sikap seperti yang ia mau.
""Saya tidak keberatan dengan pemimpin agama. Saya berurusan dengan banyak pemimpin agama dan mereka luar biasa,"" ucap Trump.
Berbeda dengan AS, Israel justru bereaksi lebih keras terhadap potensi munculnya pemimpin tertinggi baru Iran. Pada Minggu, militer Negeri Zionis bersumpah akan membunuh siapa saja yang menggantikan Khamenei, serta siapa pun yang berusaha mencari penggantinya.
""Tangan Israel akan terus memburu pengganti (Khamenei) dan siapa pun yang mencoba menunjuknya,"" demikian pernyataan militer Israel.
""Saya ragu rakyat Iran ingin mengganti satu Ayatollah dengan Ayatollah lainnya,"" kata seorang pejabat Israel kepada CNN pada Minggu."
https://www.cnnindonesia.com/internasional/20260309100417-120-1335800/mojtaba-khamenei-ulama-pemimpin-tertinggi-iran-berharta-rp3-t-lebih,"Mojtaba Khamenei, Ulama Pemimpin Tertinggi Iran Berharta Rp3 T Lebih","Mojtaba Khamenei, Ulama Pemimpin Tertinggi Iran Berharta Rp3 T Lebih
Putra mendiang Ayatollah Ali Khamenei, Mojtaba Khamenei , resmi ditunjuk sebagai Pemimpin Tertinggi Iran menggantikan sang ayah, setelah dipilih oleh Majelis Ahli pada Senin (9/3).
Di tengah perannya memimpin Iran, perhatian publik juga tertuju pada laporan mengenai kekayaan serta jaringan properti internasional yang diduga dimilikinya.
ADVERTISEMENT
SCROLL TO CONTINUE WITH CONTENT
Meski jumlah pasti kekayaannya tidak diketahui secara publik, tetapi sejumlah laporan media menyebut ia merupakan seorang miliuner.
Dilansir ND TV, sejumlah laporan menyebut ia memiliki rekening bank di Swiss, properti mewah di Inggris senilai lebih dari US$138 juta (sekitar Rp2,343 miliar) serta bisnis pelayaran di kawasan Teluk Persia.
Ia juga memiliki sejumlah properti mewah di kawasan elit London, Inggris, termasuk satu properti yang dibeli pada 2014 dengan harga sekitar 33,7 juta pound sterling (sekitar Rp690 miliar).
Selain itu, Mojtaba disebut memiliki vila mewah di Dubai dan hotel di berbagai kota di Eropa, seperti Frankfurt di Jerman dan Mallorca di Spanyol.
Dana untuk pembelian aset-aset itu dikirim melalui rekening bank di berbagai negara, seperti Inggris, Swiss, Liechtenstein dan Uni Emirat Arab (UEA).
[Gambas:Video CNN]
Sumber dalam laporan itu menyatakan sebagian besar dana itu berasal dari penjualan minyak Iran.
Laporan tentang dugaan kekayaan tersembunyi Mojtaba memicu pertanyaan mengenai citra kepemimpinan Iran.
Hal ini menjadi sorotan terutama ketika banyak warga Iran sedang menghadapi kesulitan ekonomi dan protes terhadap pemerintah meningkat.
Selain itu, Mojtaba juga dijatuhi sanksi oleh Kementerian Keuangan AS sejak 2019.
Laporan dari Bloomberg juga menyebutkan bahwa ia diduga membangun jaringan investasi dan properti internasional yang besar serta menanamkan jutaan dolar di negara-negara Barat.
Menurut Kepala investigasi senior di Transparency International Inggris, Ben Cowdock, orang-orang dekat elite politik Iran semakin banyak berinvestasi di Inggris.
Sosok Mojtaba Khamenei, Pemimpin Tertinggi Iran Baru Target AS-Israel
Putra Khamenei Jadi Pemimpin Tertinggi Iran Baru, Apa Kata AS-Israel?
Video Ungkap Rudal AS Hantam SD Iran, Patahkan Klaim Seenaknya Trump
""Semakin jelas orang-orang yang dekat dengan para pemimpin politik Iran telah banyak berinvestasi di Inggris,"" ujar, Cowdock.
Mojtaba sendiri merupakan putra kedua dari Ali Khamenei.
Meski belum pernah memegang jabatan resmi dalam pemerintahan dan sosoknya yang tertutup bahkan di antara para ulama dan pejabat Iran, ia diyakini memiliki hubungan dekat dengan Islamic Revolutionary Guard Corps."
https://www.cnnindonesia.com/internasional/20260309081427-120-1335751/rayakan-pemimpin-tertinggi-baru-iran-tembak-rentetan-rudal-ke-israel,"Rayakan Pemimpin Tertinggi Baru, Iran Tembak Rentetan Rudal ke Israel","Rayakan Pemimpin Tertinggi Baru, Iran Tembak Rentetan Rudal ke Israel
Iran menembakkan rentetan rudal ke arah Israel pada Senin (9/3) tak lama setelah resmi menunjuk pemimpin tertinggi baru, Ayatollah Mojtaba Khamenei .
Majelis Ahli Iran memilih Mojtaba Khamenei untuk menggantikan sang ayah, Ayatollah Ali Khamenei, yang tewas dalam serangan gabungan Amerika Serikat-Israel pada 28 Februari lalu.
ADVERTISEMENT
SCROLL TO CONTINUE WITH CONTENT
""Iran menembakkan gelombang pertama rudal di bawah kepemimpinan Ayatollah Seyyed Mojtaba Khamenei menuju wilayah pendudukan,"" bunyi laporan lembaga penyiaran negara Iran IRIB di kanal Telegramnya.
Dikutip AFP , media tersebut menayangkan gambar sebuah proyektil rudal yang bertuliskan slogan ""At Your Command, Sayyid Mojtaba"" sebelum diluncurkan oleh pelontar.
Ledakan juga terdengar pada Senin dini hari di Qatar, yang menjadi lokasi pangkalan udara besar milik AS, meski belum jelas asal muasal ledakan tersebut.
Mojtaba ditunjuk sebagai Pemimpin Tertinggi Iran yang baru sepuluh hari setelah perang melawan AS-Israel pecah.
[Gambas:Video CNN]
Seorang penyiar televisi pemerintah dengan khidmat membacakan pernyataan dari Majelis Ahli yang beranggotakan 88 orang saat mengumumkan penunjukan Mojtaba Khamenei.
Sang penyiar terlihat membacakan pernyataan di samping foto pemimpin berusia 56 tahun tersebut, yang dicap memiliki kemiripan mencolok dengan ayahnya.
""Mojtaba Khamenei ditunjuk dan diperkenalkan sebagai pemimpin ketiga sistem suci Republik Islam Iran, berdasarkan suara menentukan dari para perwakilan terhormat Majelis Ahli,"" demikian bunyi pernyataan tersebut.
Perbandingan Biaya Rudal hingga Drone AS-Israel vs Iran
Kronologi 3 ABK WNI Hilang di Selat Hormuz, RI Minta Penyelidikan
Pernyataan itu juga mengatakan bahwa badan ulama tersebut ""tidak ragu sedetik pun"" untuk memilih pemimpin baru meskipun ada ""agresi brutal Amerika yang kriminal dan rezim Zionis yang jahat"".
Korps Garda Revolusi Islam Iran juga dengan cepat menyatakan dukungan kepada Mojtaba, yang mengambil peran dengan pengalaman jauh lebih sedikit dibanding ayahnya.
Korps Garda Revolusi dalam sebuah pernyataan mengatakan pihaknya ""siap untuk ketaatan penuh dan pengorbanan diri dalam melaksanakan perintah ilahi"" dari Khamenei muda."
https://www.cnnindonesia.com/internasional/20260309153408-120-1335989/trump-soal-kemungkinan-akhiri-perang-keputusan-bersama-netanyahu,Trump soal Kemungkinan Akhiri Perang: Keputusan Bersama Netanyahu,"Trump soal Kemungkinan Akhiri Perang: Keputusan Bersama Netanyahu
Presiden Amerika Serikat Donald Trump mengatakan keputusan kapan perang dengan Iran untuk berakhir akan ditentukan bersama Perdana Menteri Israel Benjamin Netanyahu.
Dalam wawancara dengan Times of Israel pada Minggu (8/3), Trump tetap memperhitungkan masukan Netanyahu meski keputusan akhir ada di tangannya.
ADVERTISEMENT
SCROLL TO CONTINUE WITH CONTENT
""Saya pikir itu keputusan bersama sampai batas tertentu. Kami terus berdiskusi. Saya akan membuat keputusan pada waktu yang tepat, tetapi semua pertimbangan akan diperhitungkan,"" ujar Trump.
Trump menegaskan Iran akan menghancurkan Israel jika dirinya dan Netanyahu tidak berada di posisi mereka saat ini.
""Iran akan menghancurkan Israel dan wilayah di sekitarnya. Kami bekerja sama. Kami telah menghancurkan sebuah negara yang ingin menghancurkan Israel,"" ujarnya.
Ketika ditanya apakah Israel bisa melanjutkan perang setelah AS menghentikan serangannya, Trump menolak membahas kemungkinan tersebut.
""Saya rasa itu tidak akan diperlukan,"" kata Trump.
Ia juga menghindari penetapan jadwal pasti perang, meski juru bicara Gedung Putih Karoline Leavitt mengatakan konflik diperkirakan berlangsung empat hingga enam pekan.
Jawaban Trump menunjukkan pengaruh besar Netanyahu terhadap pengambilan keputusan AS dalam perang, yang diluncurkan bersama AS dan Israel pada 28 Februrari.
Serangan itu menewaskan Pemimpin Tertinggi Iran Ayatollah Ali Khamenei, Menteri Pertahanan Amir Hatami dan Komando Korps Garda Revolusi Islam Iran (IRGC) Mohammed Pakpour.
Wawancara telepon itu dilakukan tidak lama setelah media pemerintah Iran mengumumkan Majelis Ahli Iran menunjuk putra Khamenei, Mojtaba Khamenei, sebagai pemimpin tertinggi berikutnya.
Beberapa jam sebelumnya, Trump mengatakan kepada ABC News bahwa pemimpin Iran berikutnya tidak akan ""bertahan lama"" jika tidak mendapat persetujuan Gedung Putih.
""Kita lihat saja nanti apa yang akan terjadi,"" ujar Trump menanggapi terpilihnya Mojtaba."
https://www.cnnindonesia.com/internasional/20260309182354-134-1336074/putin-dukung-mojtaba-khamenei-yang-terpilih-jadi-pemimpin-baru-iran,Putin Dukung Mojtaba Khamenei yang Terpilih Jadi Pemimpin Baru Iran,"Putin Dukung Mojtaba Khamenei yang Terpilih Jadi Pemimpin Baru Iran
Presiden Rusia Vladimir Putin menyatakan dukungan terhadap Mojtaba Khamenei , yang terpilih menjadi Pemimpin Tertinggi baru Iran pada Senin (9/3).
Dalam pesan yang dikirim ke Mojtaba, Putin berjanji akan terus memberi dukungan ke pemimpin Iran tersebut.
ADVERTISEMENT
SCROLL TO CONTINUE WITH CONTENT
""Saya ingin menegaskan kembali dukungan teguh kami untuk Teheran dan solidaritas dengan teman-teman Iran kami,"" kata Putin dalam pesan kepada Mojtaba, dikutip AFP.
Putin juga menyatakan Rusia sudah dan akan terus menjadi mitra yang bisa diandalkan bagi Iran. Presiden Rusia tersebut turut memuji Mojtaba dan nasib Iran di masa depan.
""Di saat Iran menghadapi agresi bersenjata, masa jabatan Anda di posisi tinggi ini tidak diragukan lagi akan membutuhkan keberanian dan dedikasi yang besar,"" ungkap Putin.
Rusia memiliki hubungan yang dekat dengan Iran. Relasi keduanya kian erat saat Negeri Beruang Merah meluncurkan invasi ke Ukraina.
Iran dilaporkan turut membantu Rusia dengan mengirim atau menjual senjata ke negara tersebut. Tak cuma Rusia, negara yang punya hubungan dekat dengan Iran juga memberi tanggapan usai Mojtaba terpilih.
Juru bicara Kementerian Luar Negeri China Guo Jiakun mengatakan pemilihan pemimpin baru merupakan urusan internal Iran.
""Ini adalah keputusan pihak Iran berdasarkan konstitusinya,"" kata Guo saat konferensi pers pada Senin, dikutip AFP.
Dia juga mengatakan China menolak segala intervensi atau serangan satu pihak terhadap negara lain.
""China menolak segala campur tangan urusan dalam negara lain dengan dalih apapun, dan kedaulatan, keamanan Iran, serta wilayah Iran yang harus dihormati,"" imbuh Guo.
Mojtaba naik tampuk kekuasaan usai Pemimpin Tertinggi Iran Ayatollah Ali Khamenei tewas dalam operasi Amerika Serikat dan Israel ke negara itu pada 28 Februari.
Dalam misinya meluncurkan operasi di Iran, Presiden Donald Trump menegaskan keinginannya untuk mengganti rezim di negara tersebut.
Namun, kepemimpinan ulama Iran telah mengakar kuat sehingga sulit digoyah."
https://www.cnnindonesia.com/internasional/20260308150032-120-1335608/israel-ancam-kejar-semua-penerus-pemimpin-tertinggi-iran,Israel Ancam Kejar Semua Penerus Pemimpin Tertinggi Iran,"Israel Ancam Kejar Semua Penerus Pemimpin Tertinggi Iran
Militer Israel memperingatkan akan terus memburu siapa pun yang berpotensi menjadi penerus pemimpin tertinggi Iran , Ayatollah Ali Khamenei, di tengah meningkatnya ketegangan antara kedua negara.
Dalam sebuah unggahan di platform X yang ditulis dalam bahasa Persia, militer Israel menegaskan akan mengejar setiap sosok yang berpeluang menggantikan Khamenei sebagai pemimpin tertinggi Iran.
Tidak hanya itu, militer Israel juga mengancam akan menargetkan pihak-pihak yang terlibat dalam proses penunjukan pengganti pemimpin tertinggi tersebut, seperti dikutip Reuters .
ADVERTISEMENT
SCROLL TO CONTINUE WITH CONTENT
Pernyataan itu merujuk pada lembaga ulama yang memiliki kewenangan memilih pemimpin tertinggi Iran, yakni badan keagamaan yang bertugas menentukan siapa yang akan menggantikan posisi Khamenei di masa depan.
Hubungan antara Israel dan Iran selama ini memang diwarnai permusuhan tajam. Israel kerap menuding Iran sebagai ancaman utama bagi keamanan regional, sementara Teheran secara konsisten menentang keberadaan negara Israel."
https://www.cnnindonesia.com/internasional/20260309142957-134-1335949/as-habiskan-rp101-t-selama-sepekan-perang-lawan-iran,AS Habiskan Rp101 T Selama Sepekan Perang Lawan Iran,"AS Habiskan Rp101 T Selama Sepekan Perang Lawan Iran
Militer Amerika Serikat telah menghabiskan dana hingga US$6 miliar atau Rp101 triliun dalam sepekan pertama menggempur Iran .
Jumlah pengeluaran itu disampaikan pejabat Kementerian Pertahanan ke Kongres AS pada pekan ini, demikian dikutip Anadolu Agency , Minggu (9/3).
ADVERTISEMENT
SCROLL TO CONTINUE WITH CONTENT
Dari angka yang ada, sebanyak US$4 miliar atau sekitar Rp67 triliun dialokasikan untuk amunisi dan pencegat dalam menembak rudal Iran.
Media New York Times, yang juga dilansir Anadolu, melaporkan AS berhasil menghantam 4.000 rudal, termasuk peluncur rudal, kapal angkatan laut, dan pertahanan udara Iran.
Kepala Komando Pusat AS, Laksamana Brad Cooper, mengatakan peluncuran rudal balistik Iran turun 90 persen sejak hari pertama pertempuran, dan serangan drone turun hingga 83 persen.
Namun, Iran dilaporkan tetap punya persenjataan yang tangguh, termasuk sekitar 50 persen dari program rudal mereka.
Di luar pencapaian tersebut, pengeluaran anggaran militer AS memicu kritik dari berbagai pihak. Mereka menilai rudal pencegat yang bernilai jutaan dolar menyebabkan kekurangan di medan strategis lain.
Saat ini, anggota parlemen sedang khawatir menghadapi permintaan anggaran tambahan dari pemerintah beberapa pekan mendatang.
Namun, pejabat Pentagon ingin menekankan momentum melawan kemampuan Iran sembari menyeimbangkan prioritas pertahanan nasional jangka panjang.
Amerika Serikat dan Israel menggempur habis-habisan Iran sejak akhir Februari. Serangan mereka menyebabkan pemimpin tertinggi Iran, Ayatollah Ali Khamenei, dan keluarganya meninggal.
Hingga kini, korban tewas akibat serangan bersama AS-Israel mencapai lebih dari 1.000 jiwa.
Di hari yang sama, Iran meluncurkan serangan balasan ke Israel dan aset militer AS di negara-negara Timur Tengah."
https://www.cnnindonesia.com/internasional/20260309203326-134-1336102/nato-cegat-lagi-rudal-kedua-iran-masuk-wilayah-udara-turki,NATO Cegat Lagi Rudal Kedua Iran Masuk Wilayah Udara Turki,"NATO Cegat Lagi Rudal Kedua Iran Masuk Wilayah Udara Turki
Aliansi militer pakta pertahanan Atlantik Utara ( NATO ) kembali menangkal rudal kedua Iran di wilayah udara Turki pada hari ini, Senin (9/3).
Kementerian Pertahanan Turki mengonfirmasi NATO mencegat rudal di negara tersebut.
ADVERTISEMENT
SCROLL TO CONTINUE WITH CONTENT
""Rudal balistik diluncurkan dari Iran dan memasuki wilayah udara Turki yang dinetralisir aset pertahanan udara dan rudal NATO di Mediterania,"" demikian pernyataan Kemhan Turki, dikutip AFP.
Puing-puing rudal tersebut, lanjut mereka, jatuh di area Gaziantep, sekitar 200 km dari timur Adana. Kemhan Turki menyebut tak ada laporan korban luka akibat rudal tersebut.
Sementara itu, kepala komunikasi kepresidenan Burhanettin Dureen mengatakan Turki tak akan ragu melindungi wilayah udara dan keamanan mereka.
""Kami sekali lagi menegaskan kembali peringatan kami kepada semua pihak, khususnya Iran, untuk menahan diri dari tindakan yang bisa membahayakan keamanan regional dan membahayakan warga sipil,"" kata Dureen.
Sebelum rilis Kemhan muncul, Kedutaan Besar AS di Turki menutup kantor diplomatik mereka di Adana dan menyarankan staf untuk meninggalkan area tersebut.
Kementerian Luar Negeri AS juga mendesak semua warga untuk meninggalkan wilayah tenggara Turki, menyusul serangan balasan Iran ke aset militer Negeri Paman Sam.
""Pada 9 Maret 2026, Kementerian Luar Negeri memerintahkan pegawai pemerintah AS yang bukan dalam keadaan darurat dan anggota keluarga pemerintah AS untuk meninggalkan Konsulat Jenderan Adana karena risiko keselamatan,"" demikian rilis Kedubes AS.
Iran meluncurkan serangan balasan ke aset AS di Timur Tengah termasuk di Turki, usai pasukan Negeri Paman dan Israel membombardir negara tersebut. Serangan AS-Israel juga menewaskan pemimpin tertinggi Ayatollah Ali Khamenei dan keluarganya.
Selama beberapa dekade, pasukan AS menggunakan pangkalan udara Incirlik yang juga jadi fasilitas NATO.
Serangan balasan Iran yang melewati wilayah udara Turki bukan kali pertama. Pada 4 Maret, pasukan NATO juga mencegat rudal yang menuju wilayah udara negara tersebut."
https://www.cnnindonesia.com/nasional/20260308153612-20-1335626/jk-tekankan-ri-boleh-dukung-bop-kalau-trump-mau-mengakui-palestina,JK Tekankan RI Boleh Dukung BoP Kalau Trump Mau Mengakui Palestina,"JK Tekankan RI Boleh Dukung BoP Kalau Trump Mau Mengakui Palestina
Wakil Presiden RI ke-10 dan ke-12, Jusuf Kalla (JK) menilai dukungan terhadap Board of Peace ( BoP ) harus diukur dari sejauh mana lembaga bentukan Presiden Amerika Serikat (AS) Donald Trump itu mampu menciptakan perdamaian, termasuk melalui pengakuan terhadap negara Palestina .
""Ya kita lihat dulu apa yang dilakukan beberapa bulan akan datang. Kalau BOP itu bisa membuat kedamaian di Palestina, contohnya, oke kita dukung,"" kata JK dalam keterangan tertulis, Minggu (8/3).
Ia mengatakan ada sejumlah negara Islam yang pada prinsipnya memiliki keinginan untuk mendukung upaya perdamaian tersebut.
ADVERTISEMENT
SCROLL TO CONTINUE WITH CONTENT
Namun, menurutnya, dinamika politik internasional, termasuk hak veto dari Amerika Serikat, kerap menjadi kendala dalam proses tersebut.
JK juga mengingatkan agar dukungan terhadap kebijakan internasional tidak sekadar menjadi simbolis, melainkan benar-benar berorientasi pada penyelesaian konflik dan terciptanya perdamaian yang nyata.
""Jangan hanya menjadi lambang atau pengikut saja. Kita lihat buktinya seperti ini, bicara kedamaian yang tidak diperangi,"" ujarnya.
Lebih lanjut, ia menilai salah satu ujian penting dalam proses perdamaian adalah adanya pengakuan terhadap negara Palestina sebagai bagian dari solusi dua negara.
""Cara mendamaikannya adalah dengan memberikan pengakuan kepada Palestina. Kalau tidak, hanya mendukung Israel, buat apa,"" katanya.
Keanggotaan Indonesia di BoP belakangan kembali menjadi sorotan di tengah serangan AS-Israel terhadap Iran.
Serangan yang digencarkan AS ke Iran itu dinilai tak sejalan padahal, mereka juga yang menggagas BoP. Selain itu, AS juga melancarkan serangan ini di tengah masih berjalannya negosiasi nuklir dengan Iran di Jenewa, Swiss.
AS dan Israel meluncurkan serangan bersama pada 28 Februari lalu.Imbas operasi itu, Pemimpin Tertinggi Iran Ayatollah Ali Khamenei gugur. Khamenei dilaporkan gugur pada serangan pada Sabtu. Iran mengonfirmasi keesokan harinya.
Di hari pertama AS-Israel meluncurkan operasi, Iran langsung membalas serangan mereka.
Iran juga membalas serangan dengan skala lebih besar dari sebelumnya usai gugurnya Khamenei. Mereka menargetkan Israel dan pangkalan militer AS di kawasan Timur Tengah."
https://www.cnnindonesia.com/ekonomi/20260309173746-85-1336055/kilang-minyak-bahrain-diserang-bapco-energies-umumkan-force-majeur,"Kilang Minyak Bahrain Diserang, Bapco Energies Umumkan Force Majeur","Kilang Minyak Bahrain Diserang, Bapco Energies Umumkan Force Majeur
Perusahaan energi milik negara Bahrain, Bapco Energies , mengumumkan status kejadian kahar ( force majeure ) pada sebagian operasinya usai salah satu unit kilang minyaknya menjadi sasaran serangan di tengah meningkatnya konflik Iran dengan Amerika Serikat (AS) dan Israel.
Pengumuman tersebut disampaikan perusahaan pada Senin (9/3) setelah serangan yang menargetkan salah satu unit kilang milik Bapco Refining, anak usaha dari Bapco Energies.
Meski demikian, perusahaan memastikan pasokan energi untuk kebutuhan domestik Bahrain tetap aman.
ADVERTISEMENT
SCROLL TO CONTINUE WITH CONTENT
Perusahaan menyatakan berbagai skema darurat yang telah disiapkan sebelumnya memungkinkan distribusi energi tetap berjalan tanpa gangguan.
""Seluruh kebutuhan pasar domestik tetap terjamin melalui rencana kontinjensi yang telah disiapkan sebelumnya, sehingga pasokan dan pemenuhan permintaan lokal tetap berlanjut tanpa gangguan,"" demikian pernyataan perusahaan yang dikutip kantor berita Bahrain News Agency.
Perusahaan juga menyatakan akan terus memberikan pembaruan informasi kepada mitra bisnis dan pihak terkait mengenai perkembangan terbaru dari situasi tersebut.
Serangan terhadap kilang minyak Bahrain terjadi di tengah meningkatnya eskalasi konflik di Timur Tengah sejak 28 Februari, ketika AS dan Israel melancarkan serangan bersama ke Iran.
Serangan tersebut menewaskan lebih dari 1.200 orang, termasuk Pemimpin Tertinggi Iran Ayatollah Ali Khamenei.
Sebagai balasan, Iran melancarkan serangkaian serangan menggunakan drone dan rudal yang menargetkan sejumlah aset militer AS serta fasilitas strategis di kawasan Teluk.
Menurut laporan radio pemerintah Iran yang mengutip Markas Pusat Khatam Al Anbiya, serangan terbaru menargetkan beberapa aset AS di Timur Tengah, termasuk kapal tanker minyak di perairan Kuwait serta kilang minyak milik Bahrain.
Markas tersebut merupakan lembaga yang memegang komando operasional angkatan bersenjata Iran dalam situasi perang.
Selain itu, Korps Garda Revolusi Islam Iran (IRGC) menyatakan rudal generasi terbaru mereka juga menghantam sejumlah pangkalan militer AS di kawasan Teluk serta beberapa lokasi di Israel, termasuk Bandara Ben Gurion, Haifa, dan Tel Aviv.
Militer Iran juga mengklaim unit drone angkatan laut mereka menyerang posisi pasukan Amerika Serikat di Camp Udairi di Kuwait menggunakan drone tempur.
Camp Udairi, yang sebelumnya dikenal sebagai Camp Buehring, merupakan salah satu fasilitas militer utama AS di wilayah barat laut Kuwait.
Di Bahrain, serangan tersebut sempat memicu kebakaran di kilang minyak milik negara yang berada di Pulau Sitra. Pusat Komunikasi Bahrain menyatakan api berhasil dikendalikan dan tidak ada laporan korban luka.
Kendati terjadi serangan, pemerintah Bahrain memastikan operasional kilang tetap berjalan normal
[Gambas:Video CNN]"
https://www.cnnindonesia.com/internasional/20260301120927-120-1333020/petinggi-irak-berduka-khamenei-tewas-pemimpin-syuhada,Petinggi Irak Berduka Khamenei Tewas: Pemimpin Syuhada,"Petinggi Irak Berduka Khamenei Tewas: Pemimpin Syuhada
Sejumlah pemimpin Irak , termasuk ulama berpengaruh Moqtada al-Sadr, berduka atas kematian Pemimpin Tertinggi Iran Ayatollah Ali Khamenei , yang tewas dalam serangan besar-besaran oleh Amerika Serikat dan Israel pada Sabtu (28/2).
The Coordination Framework, aliansi pemerintahan kelompok-kelompok Syiah, menyebut Ayatollah Ali Khamenei sebagai pemimpin syuhada. Mereka sangat terpukul atas kematian Khamenei.
ADVERTISEMENT
SCROLL TO CONTINUE WITH CONTENT
""Darahnya akan tetap menjadi cahaya penuntun bagi semua generasi, dan kutukan akan terus menghantui Zionis pembunuh selamanya,"" kata aliansi tersebut dalam keterangan resminya, Minggu (1/3), melansir AFP .
Al-Sadr mengatakan dalam sebuah pernyataan, ""kami menyampaikan belasungkawa kepada dunia Islam,"" dan mengumumkan masa berkabung selama tiga hari.
Sebelumnya, pihak berwenang Iran lewat media semi pemerintah setempat, Fars, telah mendeklarasikan masa berkabung usai Pemimpin Tertinggi mereka Ayatollah Ali Khamenei resmi dinyatakan tewas.
Khamenei tewas dalam serangan militer gabungan Amerika Serikat (AS)-Israel ke wilayah Iran pada Sabtu (28/2).
Media semi pemerintah Iran, Fars, yang dikutip Al Jazeera melaporkan pemerintahan Iran mendeklarasikan 40 hari berkabung dan tujuh hari libur nasional
Selain Fars, Stasiun Televisi pemerintah Iran IRIB turut melaporkan informasi soal kematian Ali Khamenei setelah serangan habis-habisan AS-Israel ke Iran.
""Pemimpin tertinggi Iran telah syahid,"" demikian laporan IRIB, dikutip CNN , Minggu (1/3)."
https://www.cnnindonesia.com/internasional/20260308141600-120-1335604/israel-serang-hotel-di-beirut-lebanon-4-orang-tewas,"Israel Serang Hotel di Beirut Lebanon, 4 Orang Tewas","Israel Serang Hotel di Beirut Lebanon, 4 Orang Tewas
Sedikitnya empat orang tewas dalam serangan udara Israel di ibu kota Lebanon, Beirut, pada Minggu (8/3).
Kementerian Kesehatan Lebanon melaporkan serangan Israel menghantam ""sebuah kamar hotel"" di pusat kota hingga menewaskan empat orang dan melukai 10 orang lainnya.
ADVERTISEMENT
SCROLL TO CONTINUE WITH CONTENT
Militer Israel mengeklaim serangan itu menargetkan ""komandan-komandan kunci"" di Pasukan Quds, sayap Korps Garda Revolusi Islam Iran (IRGC) di luar negeri.
Pasukan Pertahanan Israel ( IDF ) menuduh para komandan merencanakan ""serangan teror terhadap Negara Israel dan warga sipilnya.""
Militer menegaskan akan terus ""melenyapkan para komandan rezim teror Iran di mana pun mereka beroperasi.""
Berdasarkan kesaksian fotografer AFP di lokasi, serangan di hotel tepi laut itu mengakibatkan sebuah kamar di lantai empat hancur. Kaca kamar pecah dan dindingnya hangus.
Pasukan keamanan Lebanon telah menutup lokasi tersebut. Puluhan tamu panik melarikan diri dengan memboyong barang-barang bawaan mereka.
Hotel ini berada di kawasan Raouche, yang merupakan destinasi wisata utama Lebanon sekaligus yang tidak tersentuh serangan Israel ketika Tel Aviv berperang dengan kelompok milisi Hizbullah beberapa tahun lalu. Israel dan Hizbullah telah sepakat gencatan senjata pada November 2024.
Meski begitu, Israel meluncurkan lagi gelombang serangan ke Lebanon pekan ini dan mengirim pasukan darat ke daerah perbatasan.
Lebanon telah terseret perang Iran vs Amerika Serikat (AS) dan Israel setelah Hizbullah menyerang Negeri Zionis untuk membalas tewasnya Pemimpin Tertinggi Iran Ayatollah Ali Khamenei.
Ini adalah serangan kedua Israel terhadap sebuah hotel di Beirut pekan ini.
Pada Rabu (4/3), serangan udara Israel menyambar sebuah hotel di kawasan Hazmieh, yang penduduknya mayoritas beragama Kristen. Wilayah itu berada di luar ibu kota Beirut dan dekat dengan istana kepresidenan serta beberapa kementerian."
https://www.cnnindonesia.com/internasional/20260301121938-120-1333026/khamenei-tewas-presiden-iran-ancam-balas-israel-amerika-serikat,"Khamenei Tewas, Presiden Iran Ancam Balas Israel-Amerika Serikat","Khamenei Tewas, Presiden Iran Ancam Balas Israel-Amerika Serikat
Presiden Iran Masoud Pezeshkian mengecam pembunuhan Pemimpin Tertinggi mereka Ayatollah Ali Khamenei oleh Amerika Serikat dan Israel. Ia menyebut pembunuhan ini sebagai 'kejahatan besar' dan berjanji akan membalas kedua negara tersebut atas kematian Khamenei.
Dalam pernyataan resminya, Pezeshkian menyebut kematian Khamenei sebagai titik balik yang akan menorehkan babak baru dalam sejarah dunia Islam dan Syiah.
ADVERTISEMENT
SCROLL TO CONTINUE WITH CONTENT
Ia juga menegaskan bahwa pengorbanan sang pemimpin tertinggi akan menjadi simbol perlawanan terhadap apa yang disebutnya ""penindasan dan kejahatan Amerika-Zionis."" ""Kejahatan besar ini tidak akan dibiarkan tanpa jawaban dan akan membuka halaman baru dalam sejarah dunia Islam dan Syiah. Darah murni pemimpin tinggi ini akan mengalir seperti mata air yang deras dan akan menyingkirkan penindasan dan kejahatan Amerika-Zionis,"" ujar Pezeshkian, melansir Al Jazeera , Minggu (1/3).
Presiden Iran itu menambahkan, dengan seluruh kekuatan dan tekad negara, serta dukungan umat Islam dan rakyat bebas di seluruh dunia, Teheran akan memastikan para pelaku dan komandan serangan tersebut menyesal atas tindakan mereka.
""Dengan seluruh kekuatan dan tekad kami, dengan dukungan umat islam dan rakyat bebas di seluruh dunia, kami akan membuat para pelaku dan komandan besar ini menyesal,"" katanya.
Selain itu, Pezeshkian mengumumkan tujuh hari libur nasional, menyusul 40 hari berkabung resmi yang telah ditetapkan sebelumnya, sebagai bentuk penghormatan terhadap Khamenei.
Iran Konfirmasi Ali Shamkhani dan Panglima IRGC Mohammad Pakpour Tewas
Iran Mulai Proses Transisi Kekuasaan Usai Kematian Khamenei
Iran Mulai Balas AS-Israel usai Khamenei Tewas, Serang 27 Pangkalan
Sebelumnya, pihak berwenang Iran lewat media semi pemerintah setempat, Fars, telah mendeklarasikan masa berkabung usai Pemimpin Tertinggi mereka Ayatollah Ali Khamenei resmi dinyatakan tewas.
Khamenei tewas dalam serangan militer gabungan Amerika Serikat (AS)-Israel ke wilayah Iran pada Sabtu (28/2).
Media semi pemerintah Iran, Fars, yang dikutip Al Jazeeramelaporkan pemerintahan Iran mendeklarasikan 40 hari berkabung dan tujuh hari libur nasional
Selain Fars, Stasiun Televisi pemerintah Iran IRIB turut melaporkan informasi soal kematian Ali Khamenei setelah serangan habis-habisan AS-Israel ke Iran.
""Pemimpin tertinggi Iran telah syahid,"" demikian laporan IRIB, dikutip CNN , Minggu (1/3)."
https://www.cnnindonesia.com/internasional/20260308082228-120-1335499/makin-panas-trump-mau-kirim-kapal-induk-ketiga-buat-serang-iran,"Makin Panas, Trump Mau Kirim Kapal Induk Ketiga buat Serang Iran","Makin Panas, Trump Mau Kirim Kapal Induk Ketiga buat Serang Iran
Presiden Amerika Serikat (AS) Donald Trump dikabarkan sedang bersiap untuk mengerahkan kapal induk ketiga ke Timur Tengah. Kapal itu diperkirakan berlayar dalam waktu dekat dari lepas pantai Pulau Hatteras, North Carolina.
Fox News pada Jumat (6/3) melaporkan USS George HW Bush milik Angkatan Laut AS telah merampungkan persiapan pada Kamis (5/3) untuk berangkat ke Mediterania Timur.
ADVERTISEMENT
SCROLL TO CONTINUE WITH CONTENT
""Kami tahu rekan-rekan prajurit kami sedang beroperasi di zona berbahaya saat ini,"" kata komandan Batalyon Bush, Kapten Robert Bibeau, dalam sebuah pernyataan, seperti dikutip dari US Naval Institute ( USNI ) News.
""Tugas kami adalah memastikan bahwa ketika mereka membutuhkan kami, baik untuk superioritas udara, serangan, perang elektronik, atau kehadiran, kami siap memberi bantuan sesegera mungkin,"" lanjut Bibeau.
Dilansir dari Anadolu Agency, USS George HW Bush akan diiringi oleh sejumlah kapal perusak berpeluru kendali. Kapal ini juga dilengkapi puluhan pesawat tempur.
Saat ini, dua kapal induk AS mangkal di Timur Tengah dan terlibat dalam perang melawan Iran. Kapal induk USS Abraham Lincoln terdeteksi aktif di Laut Arab. Sedangkan kapal induk USS Gerald R. Ford beroperasi di Laut Merah.
AS dan Israel berperang dengan Iran sejak 28 Februari lalu. Serangan brutal AS-Israel telah menewaskan lebih dari 1.000 orang di Iran, termasuk 150 siswi dan Pemimpin Tertinggi Iran Ayatollah Ali Khamenei.
Iran telah membalas dengan menyerang berbagai wilayah Israel dan pangkalan AS di Timur Tengah. Iran juga menyerang kapal-kapal di Selat Hormuz yang dicap terkait dengan AS-Israel."
https://www.cnnindonesia.com/internasional/20260307162513-120-1335429/ditekan-trump-presiden-iran-bersumpah-tak-akan-nyerah-ke-as-israel,"Ditekan Trump, Presiden Iran Bersumpah Tak Akan Nyerah ke AS-Israel","Ditekan Trump, Presiden Iran Bersumpah Tak Akan Nyerah ke AS-Israel
Presiden Iran Masoud Pezeshkian bersumpah negaranya tidak akan pernah menyerah kepada Israel dan Amerika Serikat di saat peperangan masih berkecamuk dan memasuki pekan kedua pada Sabtu (7/3).
""Musuh-musuh Iran harus membawa keinginan mereka agar rakyat Iran menyerah tanpa syarat ke dalam kubur mereka,"" kata Pezeshkian dalam pidato yang disiarkan televisi pemerintah seperti dikutip AFP .
ADVERTISEMENT
SCROLL TO CONTINUE WITH CONTENT
Israel dan Amerika Serikat melancarkan serangan terhadap Iran pada 28 Februari yang menewaskan pemimpin tertinggi Republik Islam tersebut, Ayatollah Ali Khamenei hingga memicu perang yang meluas ke Timur Tengah.
Sebab, sejak digempur AS-Israel, Iran membalas dengan melancarkan serangan rudal dan drone terhadap Israel serta pangkalan militer Amerika Serikat di sejumlah negara kawasan, terutama di negara Arab.
[Gambas:Video CNN]
Pezeshkian merupakan salah satu dari tiga anggota dewan kepemimpinan sementara yang memimpin Iran sejak Khamenei terbunuh.
Dalam pidatonya, Pezeshkian juga menyampaikan permintaan maaf kepada negara-negara tetangga atas serangan Iran di kawasan tersebut.
Ia menjamin negara Arab tidak akan menjadi sasaran serangan balasan Iran kecuali jika Teheran mendapati serangan yang berasal dari wilayah mereka.
Iran Drone Situs AS di Arab Lagi, Pesawat ke Dubai Tertahan di Langit
Serangan Drone Iran Targetkan Kapal Tanker Malta di Teluk Persia
Iran Setop Serang Negara Tetangga di Timteng: Kecuali Mereka Meyerang
""Saya harus meminta maaf atas nama pribadi saya dan atas nama Iran kepada negara-negara tetangga yang diserang oleh Iran,"" ujarnya.
""Dewan kepemimpinan sementara kemarin telah menyepakati bahwa tidak akan ada lagi serangan terhadap negara-negara tetangga dan tidak ada rudal yang akan ditembakkan kecuali jika serangan terhadap Iran berasal dari negara-negara tersebut."""
https://www.cnnindonesia.com/hiburan/20260306135505-234-1335057/berhasil-pulang-gading-marten-tiba-dengan-selamat-di-jakarta,"Berhasil Pulang, Gading Marten Tiba dengan Selamat di Jakarta","Berhasil Pulang, Gading Marten Tiba dengan Selamat di Jakarta
Gading Marten mengabarkan dirinya sudah tiba di Jakarta dengan selamat setelah sempat tertunda untuk pulang dari Paris, Prancis, gegara Perang Iran vs Israel-Amerika Serikat.
Dalam unggahan di media sosial, Jumat (6/3), Gading Marten sempat mengunggah sebuah foto yang menunjukkan dirinya dan Medina Dina bersiap naik ke pesawat.
ADVERTISEMENT
SCROLL TO CONTINUE WITH CONTENT
""Let's go home,"" tulis Gading dalam unggahan tersebut.
Lima jam kemudian, Gading mengunggah sebuah foto yang menunjukkan dirinya berada di dalam sebuah mobil yang melaju di tol ke arah Andara dan Cilandak Jakarta Selatan.
""Puji Tuhan, mendarat dengan selamat di Jakarta. Home sweet home,"" kata Gading dalam unggahan itu.
CNNIndonesia.com sudah meminta izin kepada Gading Marten untuk mengutip unggahan tersebut.
Gading Marten yang menjalani liburan bersama kekasihnya ke Eropa itu sebelumnya mengatakan mendapat banyak pertanyaan soal kondisinya di Eropa. Ia menjadi salah satu dari banyak orang yang penerbangannya terganggu gegara konflik di Timur Tengah.
""Emang ya cuma di text ' Ding, are you okay? Gimana pulangnya?' Senang dan terharu punya teman-teman kayak begitu,"" katanya.
"" Well memang belum bisa pulang, jadi mencari jalan lain dari kota lain dan pesawat lain untuk pulang. Makasih ya guys . Doakan aman-aman saja dan kembali ke Jakarta soon , buat teman-teman yang senasib lagi traveling stay safe ya,"" lanjutnya.
Meski begitu, Gading Marten mengatakan dirinya bertemu sejumlah mahasiswa dan diaspora Indonesia di Paris. Bahkan Gading juga menyempatkan makan makanan Indonesia di Paris yang membuatnya merasa seperti di rumah.
AS dan Israel meluncurkan serangan bersama pada 28 Februari. Imbas bombardir ini, pemimpin tertinggi Ayatollah Ali Khamenei tewas. Pada hari yang sama Iran langsung meluncurkan serangan balasan. Namun, saat itu mereka belum mengonfirmasi kematian Khamenei.
Britney Spears Ditangkap karena Nyetir Sambil Mabuk
Britney Spears Diduga Mabuk Bukan Cuma karena Alkohol
Kasasi Vadel Badjideh Ditolak, Keluarga Kecewa
Keesokan harinya atau pada 1 Maret 2026, Iran baru mengumumkan kematian Khamenei. Pasukan Garda Revolusi Islam membalas dengan menggempur Israel dan aset militer AS di Timur Tengah.
Sejumlah lokasi pangkalan militer AS di Yordania, Kuwait, Bahrain, Qatar, Irak, Arab Saudi, dan Uni Emirat Arab ikut kena serangan rudal balasan dari Iran. Perang itu menyebabkan berbagai penerbangan dan bandara di kawasan tersebut ditutup.
CNN menyebut pada Kamis (5/3), banyak penerbangan telah meninggalkan bandara di negara-negara Teluk Persia yang bersahabat dengan AS, termasuk kota Dubai dan Abu Dhabi di Uni Emirat Arab.
Hampir 2.000 penerbangan telah dibatalkan pada Rabu sore waktu UEA, menambah ribuan penerbangan internasional yang telah dibatalkan sejak Minggu, menurut data dari FlightAware.com.
Di luar wilayah tersebut, maskapai penerbangan lain terus mengubah rute atau membatalkan penerbangan yang dijadwalkan terbang di dekat zona konflik."
https://www.cnnindonesia.com/internasional/20260307151626-120-1335390/putin-telepon-presiden-iran-bahas-stop-perang-ucapkan-duka-cita,"Putin Telepon Presiden Iran, Bahas Stop Perang & Ucapkan Duka Cita","Putin Telepon Presiden Iran, Bahas Stop Perang & Ucapkan Duka Cita
Presiden Rusia Vladimir Putin menyampaikan belasungkawa kepada Presiden Iran atas banyaknya korban sipil yang tewas akibat agresi bersenjata Israel-Amerika Serikat (AS) terhadap Iran. Ia juga menyerukan penghentian segera aksi militer tersebut.
Dalam percakapan telepon pada Jumat (6/3) malam dengan Presiden Iran Masoud Pezeshkian, Putin menyampaikan belasungkawa yang mendalam atas terbunuhnya Pemimpin Tertinggi Iran Ayatollah Ali Khamenei, anggota keluarga Khamenei, pemimpin politik dan militer Iran, serta ""banyak warga sipil"".
""Vladimir Putin menegaskan kembali posisi prinsipil Rusia untuk menghentikan segera aksi militer, menolak penggunaan kekuatan sebagai metode untuk menyelesaikan masalah apa pun yang berkaitan dengan Iran atau yang timbul di Timur Tengah, serta kembali segera ke jalur penyelesaian diplomatik,"" kata Kremlin, dikutip dari Reuters.
ADVERTISEMENT
SCROLL TO CONTINUE WITH CONTENT
Selain itu, Putin mengatakan ia berkomunikasi terus dengan para pemimpin negara-negara anggota Dewan Kerjasama Teluk.
""Masoud Pezeshkian mengucapkan terima kasih atas solidaritas Rusia dengan rakyat Iran saat mereka mempertahankan kedaulatan dan kemerdekaan negara mereka. Ia juga memberikan pembaruan rinci tentang perkembangan selama fase aktif terbaru konflik,"" kata Kremlin.
Konflik antara Iran, Israel, dan AS terus memanas setelah rangkaian serangan dan balasan terjadi di berbagai wilayah Timur Tengah.
Ketegangan meningkat sejak AS dan Israel melancarkan serangan udara ke Iran pada 28 Februari lalu, yang kemudian dibalas oleh Teheran dengan rentetan serangan rudal, drone, dan operasi militer di sejumlah negara Teluk.
Perkembangan terbaru menunjukkan eskalasi yang meluas, mulai dari serangan ke aset militer AS di kawasan Teluk, rudal yang menghantam wilayah Israel, hingga klaim kerusakan pada kapal dan fasilitas energi di beberapa negara.
Iran juga melontarkan ancaman terhadap fasilitas nuklir Israel di Dimona. Hal ini menandai meningkatnya risiko konflik regional yang lebih besar.
Di sisi lain, AS menyatakan telah menenggelamkan puluhan kapal Iran selama perang berlangsung. Serangkaian peristiwa ini terjadi bersamaan dengan laporan korban luka di pihak Israel serta klaim serangan terhadap aset militer dan kapal perang di laut."
https://www.cnnindonesia.com/internasional/20260309171236-120-1336049/iran-perang-habis-habisan-lawan-as-kenapa-houthi-masih-diam,"Iran Perang Habis-habisan Lawan AS, Kenapa Houthi Masih Diam?","Iran Perang Habis-habisan Lawan AS, Kenapa Houthi Masih Diam?
Serangan gabungan Amerika Serikat (AS) dan Israel terhadap Iran telah menjerumuskan Timur Tengah ke dalam kekacauan.
Dari Teheran, ketegangan telah menyebar ke kota-kota negara tetangganya, termasuk Abu Dhabi di Uni Emirat Arab, Doha di Qatar, Manama di Bahrain, hingga Beirut di Lebanon.
ADVERTISEMENT
SCROLL TO CONTINUE WITH CONTENT
Di tengah gelombang eskalasi militer ini, Yaman, secara mengherankan, tetap tenang. Negara yang dipimpin gerakan Houthi di utara itu relatif diam saat sekutu dekatnya diserang.
Sejak perang Iran vs AS-Israel meletus pada 28 Februari lalu, Houthi tampak membatasi dukungannya kepada Iran hanya pada retorika. Belum ada tindakan nyata yang mereka lakukan.
Padahal, saat genosida Israel dimulai di Jalur Gaza pada Oktober 2023, Houthi terus meluncurkan serangan terhadap Negeri Zionis dan entitas-entitas terkait AS.
Lantas, kenapa Houthi belum beraksi?
Menurut analis senior Yaman dan Teluk di lembaga pemantau konflik ACLED, Luca Nevola, sikap diam Houthi saat ini tampaknya merupakan bagian dari strategi kesabaran. Ia meyakini Houthi pada akhirnya akan terlibat dalam peperangan, cepat atau lambat.
""Intervensi Houthi akan tetap menjadi kemungkinan, dan itu bisa berupa eskalasi bertahap,"" kata Nevola.
""Pada tahap saat ini, prioritas utama Houthi tetap menghindari pembalasan langsung dari AS dan Israel,"" lanjutnya.
Nevola menerangkan pada Agustus tahun lalu, Houthi telah kehilangan sedikitnya 12 anggota pemerintahan berpangkat tinggi imbas serangan Israel. Mereka termasuk Perdana Menteri Ahmed Al Rahawi dan kepala staf Mohammed Al Ghumari.
Ini merupakan kerugian terberat yang dialami Houthi selama konfrontasinya dengan AS-Israel. Insiden ini, ditambah dengan serangan-serangan lain tahun lalu, tentu mendorong Houthi lebih berhati-hati dalam mengambil sikap.
""Kelompok itu tampaknya takut pada intelijen Israel dan pada kemungkinan serangan terhadap pemimpin mereka,"" ujar Nevola.
Pengamat politik Yaman, Sadam Al Huraibi, sementara itu memandang sikap tenang Houthi kemungkinan karena serangan AS-Israel menewaskan Pemimpin Tertinggi Iran Ayatollah Ali Khamenei. Ia menilai wafatnya Khamenei telah memberikan pukulan telak terhadap moral Houthi.
""Iran adalah ikon keagamaan bagi [Houthi]. Ketika ikon ini dikalahkan, moral tidak akan tetap sama. Kejatuhan rezim Iran bisa menjadi pendahuluan bagi keruntuhan proksi-proksinya di kawasan tersebut, termasuk di Yaman,"" kata Huraibi kepada Al Jazeera.
Berlanjut ke sebelah...
Kendati demikian, Huraibi percaya Houthi akan memasuki perang apabila Iran memintanya. Menurutnya, keterlibatan Houthi di perang ini hanyalah masalah waktu.
""Teheran tidak ingin menggunakan semua kartunya sekaligus, dan berniat menyimpan Houthi untuk fase berikutnya,"" kata Huraibi.
""Saya yakin keterlibatan Houthi dalam perang hanyalah soal waktu,"" tambahnya.
Menurut Huraibi, jika serangan AS-Israel terhadap Iran tak kunjung berhenti, Houthi tentu akan langsung bersikap. Kelompok itu saat ini pasti sudah mempersiapkan perlawanan di Sanaa dan provinsi-provinsi yang mereka kuasai.
Lebih lanjut, Huraibi juga menilai Houthi masih bisa menciptakan kekacauan di Laut Merah, tempat mereka biasa menyerang kapal-kapal terkait AS dan Israel. Houthi bahkan bisa meluncurkan drone dan rudal langsung ke wilayah Israel jika memang diperlukan.
""Langkah ini kemungkinan akan terwujud, dan ini bergantung pada waktu yang ditetapkan Houthi dan Iran,"" ucapnya.
Nevola senapas dengan Huraibi soal ini. Ia berujar Houthi tampaknya sedang dijadikan kartu AS oleh Iran yang menganggap Yaman sebagai ""tempat berlindung yang aman"".
""Sekarang setelah semua kelompok aktor Poros [Perlawanan] terlibat serangan langsung, maka memastikan keberlanjutan operasional jangka panjang dari Yaman, dan menjaga rezim Houthi sebagai tempat berlindung yang aman, mungkin telah menjadi prioritas strategis (Iran),"" ucap Nevola.
Trump: Iran Sendiri yang Mengebom Sekolah SD Mereka
Trump soal Kemungkinan Akhiri Perang: Keputusan Bersama Netanyahu
China Minta Negara Lain Jangan Ganggu Iran
Incar sistem pertahanan AS-Israel
Menurut Nevola, Houthi memiliki kemampuan untuk menyerang banyak target dengan rudal dan drone. Jika perang AS-Israel vs Iran memanas, dan Houthi mulai merasa terancam, serangan udara mereka bisa menyerbu dan membuat kewalahan Israel dan AS.
""Apabila konfil berlanjut, dan Houthi merasa terancam oleh serangan langsung, mereka bisa memperluas target hingga mencakup wilayah Israel, kapal perang AS, dan aset militer AS di kawasan tersebut. Serta juga mitra Israel di kawasan seperti UEA dan Somaliland,"" kata Nevola.
Selama lebih dari sepekan, rentetan rudal dan drone Iran telah mengusik sistem pertahanan udara AS dan Israel. Oleh karena itu, serangan udara dari Houthi bisa lebih merusak lagi.
""Serangan drone dan rudal jarak jauh Houthi terhadap negara-negara Teluk dan Israel bisa jadi lebih efektif pada tahap berikutnya dari konflik, ketika sistem pertahanan udara mungkin menghadapi kendala pasokan. Terbukanya front selatan tambahan dapat semakin menambah tekanan pada pertahanan udara Israel,"" papar Nevola.
Dari akhir tahun 2023 hingga 2025, Houthi telah menggencarkan serangan terhadap kapal-kapal di sepanjang Laut Merah. Kampanye militer itu menewaskan sedikitnya sembilan pelaut dan menenggelamkan empat kapal.
Serangan itu juga mengganggu lalu lintas di Laut Merah, yang sebelum perang dilalui oleh barang senilai sekitar 1 triliun dolar AS setiap tahun."
https://www.cnnindonesia.com/internasional/20260306210144-120-1335231/fakta-hari-ke-8-perang-iran-as-trump-rugi-rp62-t-4-hari-rusia-untung,"Fakta Hari Ke-8 Perang Iran-AS: Trump Rugi Rp62 T 4 Hari, Rusia Untung","Fakta Hari Ke-8 Perang Iran-AS: Trump Rugi Rp62 T 4 Hari, Rusia Untung
Israel Berdalih Pembunuhan Khamenei Sesuai Hukum Internasional
Iran Klaim Hancurkan 20 Aset Militer AS di Bahrain, Kuwait & UEA
AS-Israel Habiskan Rp62 T Gempur Iran Hanya dalam 100 Jam Pertama
Perang Iran vs AS-Israel ternyata Bikin Rusia Untung Besar
Gelombang serangan Iran terbaru sasar kapal tanker AS hingga kilang Bahrain
Perang antara Iran vs Amerika Serikat dan Israel telah memasuki hari kedelapan pada Sabtu (7/3).
Iran dan Israel-AS masih saling melancarkan serangan rudal dan drone setiap hari. Bahkan, Iran masih tegap dengan melancarkan serangan udara balasan terbaru yang menyasar kapal tanker AS di lepas pantai Kuwait hingga kilang minyak Bahrain.
ADVERTISEMENT
SCROLL TO CONTINUE WITH CONTENT
Berikut sejumlah fakta terkini perkembangan peperangan yang makin meluas di Timur Tengah itu:
Israel Berdalih Pembunuhan Khamenei Sesuai Hukum Internasional
Israel menyatakan bahwa pembunuhan Pemimpin Tertinggi Iran Ayatollah Ali Khamenei sesuai dengan hukum internasional yang mengatur konflik bersenjata, Kamis (5/3).
Juru bicara militer Israel, Nadav Shoshani mengatakan bahwa serangan yang menewaskan Khamenei ""sesuai dengan hukum internasional"".
""Berdasarkan hukum internasional tentang konflik bersenjata, komandan militer yang memimpin angkatan bersenjata selama perang dapat menjadi target militer yang sah,"" kata Shoshani di X, dikutip dari AFP .
""Sebagai Pemimpin Tertinggi Iran, Ali Khamenei menjabat sebagai Panglima Tertinggi Angkatan Bersenjata Iran,"" tambahnya, menggambarkan ayatollah sebagai ""pengambil keputusan akhir dalam operasi militer Iran"".
Iran Klaim Hancurkan 20 Aset Militer AS di Bahrain, Kuwait & UEA
Korps Garda Revolusi Iran (IRGC) mengeklaim berhasil menghancurkan sejumlah aset militer Amerika Serikat di sejumlah negara-negara Teluk.
Mengutip dari Al Jazeera , IRGC menyatakan mereka berhasil membuat 20 aset militer AS di Kuwait, Bahrain, hingga Uni Emirat Arab (UEA) rusak parah.
[Gambas:Video CNN]
Iran juga mengeklaim berhasil menyerang kapal tanker milik perusahaan AS di wilayah perairan Teluk.
Departemen publikasi dari IRGC menyatakan kepada media pemerintah Iran IRNA bahwa Angkatan Laut Iran ""sukses menargetkan kapal tanker Amerika.""
AS-Israel Habiskan Rp62 T Gempur Iran Hanya dalam 100 Jam Pertama
AS dan Israel dilaporkan telah menghabiskan sekitar US$3,7 miliar atau sekitar Rp62,4 triliun hanya dalam 100 jam pertama operasi militer terhadap Iran atau sekitar empat hari perang. Sementara itu, perang Iran vs Israel-AS ini telah menginjak hari ke-8 pada Sabtu (7/3).
Laporan itu disampaikan lembaga Center for Strategic and International Studies (CSIS) yang berbasis di Washington.
Dilansir CSIS, sebagian kecil biaya itu telah dianggarkan, namun senilai US$3,5 miliar (sekitar Rp59 triliun) belum masuk dalam anggaran.
Biaya itu mencakup pengeluaran operasional sekitar US$196 juta (sekitar Rp3,3 triliun) penggantian amunisi sekitar US$3,1 miliar (sekitar Rp52,2 triliun).
Selain itu, terdapat biaya penggantian kerugian tempur dan perbaikan infrastruktur sekitar US$350 juta (sekitar Rp5,9 triliun).
Perang Iran vs AS-Israel ternyata Bikin Rusia Untung Besar
Rusia ternyata meraup untung besar dari peperangan yang sedang berlangsung antara sekutu dekatnya, Iran, melawan Amerika Serikat sejak sepekan terakhir.
Kremlin menyatakan perang di Iran telah memicu peningkatan permintaan terhadap produk energi Rusia.
""Kami melihat ada peningkatan yang signifikan dalam permintaan terhadap sumber energi Rusia seiring dengan perang yang terjadi di Iran,"" ujar juru bicara Kremlin, Dmitry Peskov, pada Jumat (6/3) dikutip Al Jazeera.
Gelombang serangan Iran terbaru sasar kapal tanker AS hingga kilang Bahrain
Angkatan bersenjata Iran melancarkan serangan balasan terbaru ke sejumlah aset Amerika Serikat di Timur Tengah, termasuk kapal tanker minyak di pantai Kuwait dan kilang minyak milik Bahrain, Jumat (6/3).
Mengutip Markas Pusat Khatam Al Anbiya, radio pemerintah Iran melaporkan kapal AS tersebut terkena serangan dan terbakar. Markas Pusat Khatam Al Anbiya merupakan badan yang mengambil alih komando operasional angkatan bersenjata Iran pada masa perang.
Selain itu, di hari yang sama, Korps Garda Revolusi Islam (IRGC) juga menyatakan bahwa ""rudal generasi baru"" mereka telah menghantam pangkalan-pangkalan Amerika di negara-negara Teluk serta sejumlah lokasi di Israel, termasuk Bandara Ben Gurion, Haifa, dan Tel Aviv.
""Unit drone angkatan laut angkatan bersenjata menargetkan lokasi pasukan AS di Camp Udairi di Kuwait menggunakan drone tempur,"" demikian pernyataan militer yang disiarkan televisi pemerintah seperti dikutip Al Jazeera."
https://www.cnnindonesia.com/internasional/20240815153715-120-1133453/pemimpin-tertinggi-iran-ali-khamenei-lawan-perang-psikologis,Pemimpin Tertinggi Iran Ali Khamenei: Lawan Perang Psikologis,"Pemimpin Tertinggi Iran Ali Khamenei: Lawan Perang Psikologis
Pemimpin tertinggi Ayatollah Ali Khamenei meminta Iran melawan perang psikologis yang digencarkan negara-negara Barat dan Israel.
Khamenei menyampaikan seruan itu saat rapat dengan anggota Kongres Nasional Para Martir Provinsi Kohgiluyeh dan Boyer Ahmad pada Rabu (14/8).
ADVERTISEMENT
SCROLL TO CONTINUE WITH CONTENT
""Perang psikologis musuh di ranah militer ditujukan untuk menimbulkan rasa takut,"" kata Khamenei, dikutip Mehr News .
Dia lalu berujar, ""Para syuhada melawan perang psikologis. Dalam mengenang mereka, kebenaran ini harus disoroti dan diperingati.""
Pernyataan itu mengacu ke warga Iran yang dianggap berjuang melawan rezim Saddam Hussein. Pemerintahan dia didukung sepenuhnya oleh Barat.
Khamenei juga meminta Iran mengandalkan kekuatan dalam negeri dan menghindari untuk mengglorifikasi kekuatan musuh.
""Sejak kemenangan Revolusi, mereka menggunakan berbagai cara untuk menjelaskan dan membujuk bangsa kita agar takut kepada Amerika, Inggris, dan kaum Zionis [Israel],"" ujar dia.
Pemerintah bisa menolak tuntutan mereka dengan mengandalkan kemampuan negara dan mengetahui kekuatan musuh.
Musuh, menurut dia, punya rencana jahat di bidang budaya dengan menyasar gaya hidup rakyat.
Sebelumnya, Juru bicara dan wakil kepala Departemen Hubungan Masyarakat Korps Garda Revolusi Islam IRGC), Jenderal Ali Mohammad Naeini, menyatakan musuh menggunakan terorisme dalam perang psikologis anti-Iran.
Naeini mengatakan musuh telah menggunakan perang hibrida terhadap Iran dalam dimensi ekonomi, politik, psikologis, dan budaya.
""Bagian terpenting dari peperangan ini adalah aspek kognitifnya,"" kata dia dalam laporan Mehr News .
Naeni lalu mengatakan jika musuh menang dalam bidang kognitif perang hibrida, ia mencapai segalanya.
Dia juga menyebut musuh menggunakan perang psikologis dalam operasi teroris baru-baru ini dengan membunuh Haniyeh di Teheran, komandan Hizbullah di Lebanon, dan Mohammad Reza Zahedi di Damaskus.
Lebih lanjut, Naeni mengatakan rezim Zionis memutuskan untuk membunuh Haniyeh di Teheran dengan tujuan memulai pengkhianatan dan menciptakan perbedaan antara kaum Syiah dan Sunni.
Iran menuding Israel dalang pembunuhan Haniyeh atas restu Amerika Serikat (AS). Mereka juga bersumpah akan membalas rezim Zionis usai kematian bos Hamas itu.
Sejauh ini, belum ada waktu pasti Iran melancarkan serangan. Meski demikian, Israel tetap siaga tinggi.
AS juga meminta sekutu dekatnya untuk melakukan upaya diplomatik guna mencegah serangan atau meminimalisir serangan Iran."
https://www.cnnindonesia.com/internasional/20260307205612-120-1335467/presiden-iran-minta-maaf-ke-negara-arab-yang-kena-imbas-perang-vs-as,Presiden Iran Minta Maaf ke Negara Arab yang Kena Imbas Perang Vs AS,"Presiden Iran Minta Maaf ke Negara Arab yang Kena Imbas Perang Vs AS
Presiden Iran Masoud Pezeshkian meminta maaf kepada negara-negara tetangga di Timur Tengah atas serangan yang menyasar di seluruh wilayah tersebut.
Sejak perang Iran vs Amerika Serikat-Israel pecah 28 Februari lalu, Iran memang melancarkan serangkaian serangan balasan yang menyasar pangkalan militer dan aset AS di Timur Tengah, menyebabkan sejumlah wilayah negara Arab iku terkena serangan.
ADVERTISEMENT
SCROLL TO CONTINUE WITH CONTENT
Pezeshkian berjanji negara-negara Arab tidak akan menjadi sasaran serangan balasan Iran kecuali Teheran mendapat ancaman serangan dari negara-negara itu.
""Saya harus meminta maaf atas nama saya sendiri dan atas nama Iran kepada negara-negara tetangga yang diserang oleh Iran,"" katanya dalam pidatonya yang disiarkan televisi pemerintah Iran, Sabtu (7/3).
""Dewan kepemimpinan sementara kemarin sepakat bahwa tidak akan ada lagi serangan terhadap negara-negara tetangga dan tidak akan ada rudal yang ditembakkan kecuali serangan terhadap Iran berasal dari negara-negara tersebut,"" paparnya menambahkan seperti dikutip AFP .
[Gambas:Video CNN]
Dewan kepemimpinan telah memimpin Iran sejak pembunuhan pemimpin tertinggi Iran, Ayatollah Ali Khamenei pekan lalu, dalam serangan Amerika Serikat dan Israel yang memicu perang di Timur Tengah.
Pezeshkian juga mengatakan bahwa negaranya tidak akan pernah menyerah kepada Israel dan Amerika Serikat, saat perang Timur Tengah memasuki minggu kedua.
""Musuh-musuh Iran harus membawa keinginan mereka untuk penyerahan tanpa syarat rakyat Iran ke kuburan mereka,"" kata Pezeshkian.
Hingga Sabtu, Iran kembali melancarkan serangkaian serangan balasan terbaru ke Israel dan sejumlah aset militer AS di Timur Tengah.
Sejumlah laporan memaparkan beberapa titik di Uni Emirat Arab, Bahrain, hingga Kuwait kembali menjadi sasaran serangan drone. Bandara Dubai sampai tutup dan menghentikan operasional setelah pencegatan proyektil menyasar lokasi strategis itu hingga memicu kepulan asap di atas langit bandara.
Situs pelacakan penerbangan Flightradar24 menunjukkan sejumlah pesawat berputar di atas bandara Dubai dalam pola menunggu (holding pattern)."
https://www.cnnindonesia.com/internasional/20260306183636-106-1335166/jk-soal-bop-kalau-semua-berpihak-ke-as-israel-buat-apa-jadi-anggota,JK soal BoP: Kalau Semua Berpihak ke AS-Israel Buat Apa Jadi Anggota?,"JK soal BoP: Kalau Semua Berpihak ke AS-Israel Buat Apa Jadi Anggota?
Wakil Presiden RI Ke-10 dan Ke-12 Jusuf Kalla (JK) menuturkan Indonesia harus memastikan tujuan Dewan Perdamaian atau Board of Peace (BoP) dibentuk untuk mendukung dan membela Palestina.
Dalam wawancara bersama CNN Indonesia pada Jumat (6/3), JK mengatakan keanggotaan Indonesia di Board of Peace relevan selama dewan tersebut berpihak pada Palestina.
ADVERTISEMENT
SCROLL TO CONTINUE WITH CONTENT
""Selama dia (BoP) berpihak kepada Palestina atau setidaknya netral itu penting. Kalau semua berpihak ke Amerika-Israel buat apa jadi anggota?"" kata JK ketika ditanya seputar keanggotaan Indonesia di BoP.
JK menuturkan Indonesia harus berani dan bisa menyuarakan kepentingan Palestina di BoP meski dewan tersebut dibentuk dan dipimpin oleh Presiden Amerika Serikat Donald Trump, sekutu dekat Israel.
""Kita tahu ketuanya Trump, dia punya hak veto, namun demikian anggota berhak untuk bicara, kalau perlu minta rapat darurat,"" papar JK.
""Kalau itu (bersuara) tidak bisa, buat apa jadi anggota?[...]Jadi (BoP) baik selama itu lembaga betul-betul independen, jangan hanya jadi alat Amerika,"" katanya menambahkan.
[Gambas:Video CNN]
Dalam kesempatan itu, JK turut mengungkap isi pertemuannya dengan Duta Besar Iran untuk Indonesia, Mohammad Boroujerdi di Jakarta.
JK menuturkan Boroujerdi menemuinya dan menyampaikan apa yang sedang terjadi di negaranya hingga kematian pemimpin tertingginya, Ayatollah Ali Khamenei.
JK memaparkan Iran meminta dukungan moral dan doa dari masyarakat serta pemerintah Indonesia terkait apa yang sedang mereka hadapi.
Sebelumnya, Kementerian Luar Negeri Indonesia menanggapi soal ramai-ramai organisasi masyarakat meminta Indonesia keluar dari Dewan Perdamaian (Board of Peace/BoP) menyusul serangan bersama Amerika Serikat dan Israel ke Iran.
Juru bicara Kemlu RI Yvonne Mewengkang mengatakan partipasi Indonesia dalam Dewan Perdamaian atau organisasi internasional lain berdasarkan konstitusi dan kepentingan nasional.
""Terkait dengan Board of Peace, kami menyadari sepenuhnya pertanyaan masyarakat saat ini sehubungan dengan Board of Peace,""kata Yvonne saat konferensi pers di Gedung Palapa Kemlu, Jumat (6/3).
Dia menegaskan bahwa setiap keputusan mengenai keikutsertaan Indonesia dalam mekanisme internasional apapun akan didasarkan pada prinsip politik luar negeri Indonesia dan kepentingan nasional."
https://www.cnnindonesia.com/internasional/20260310041409-134-1336131/mojtaba-diklaim-punya-apartemen-mewah-di-london-dekat-kedubes-israel,Mojtaba Diklaim Punya Apartemen Mewah di London Dekat Kedubes Israel,"Mojtaba Diklaim Punya Apartemen Mewah di London Dekat Kedubes Israel
Pemimpin tertinggi baru Iran Mojtaba Khamenei diklaim memiliki dua apartemen mewah di London dekat Kedutaan Besar Israel.
Posisi apartemen mewah tersebut persis menghadap ke gedung Kedutaan Besar Israel, menimbulkan kekhawatiran dari pihak Tel Aviv.
ADVERTISEMENT
SCROLL TO CONTINUE WITH CONTENT
Mojtaba Khamenei menggantikan mendiang sang ayah, Ali Khamenei, yang terbunuh oleh serangan udara Amerika Serikat dan Israel.
Menurut laporan Bloomberg, dikutip dari Standard UK , Mojtaba memperoleh apartemen mewah melalui rekan-rekannya. Unit apartemen milik Mojtaba disebut berada di lantai enam dan tujuh dekat Istana Kensington.
Nilai dua apartemen tersebut ditaksir mencapai 50 juta poundsterling atau Rp1,1 triliun.
Properti-properti itu termasuk unit tempat tinggal nelayan di lantai dasar, terletak tidak jauh dari Kedubes Israel, satu area diplomatik yang paling dijaga ketat di London.
Bloomberg melaporkan bahwa aset apartemen mewah dimiliki Mojtaba Khamenei sejak 2014. Media itu juga mengeklaim bahwa Mojtaba mengendalikan portofolio properti lainnya di Inggris.
Sebuah investigasi media itu menyebutkan bahwa 11 rumah mewah di Bishops Avenue Hampstead, yang sering disebut sebagai Billionaire's Row, dibeli melalui perantara dan perusahaan cangkang di Isle of Man.
Bloomberg melaporkan bahwa ulama Iran itu telah mengumpulkan aset properti senilai ratusan juta poundsterling di seluruh dunia, dengan pembelian yang diduga didanai melalui program minyak Iran yang melanggar sanksi.
Pengungkapan bahwa kepemilikan apartemen mewah yang dikaitkan dengan Khamenei menghadap Kedubes Israel telah menimbulkan kekhawatiran di kalangan pakar keamanan. Mereka memperingatkan bahwa lokasi tersebut berpotensi digunakan untuk memantau aktivitas di misi diplomatik tersebut.
Perkembangan ini terjadi setelah empat pria Iran ditangkap di London utara pada Jumat dini hari karena dicurigai memata-matai untuk dinas intelijen Iran.
Para tersangka yang diyakini sebagai warga negara Iran dan warga negara ganda Inggris-Iran, dituduh melakukan aksi mata-mata terhadap lokasi dan individu Yahudi."
https://www.cnnindonesia.com/internasional/20260307115946-134-1335328/as-klaim-akan-kuasai-penuh-wilayah-udara-iran-sekitar-4-6-pekan-lagi,"AS Klaim Akan Kuasai Penuh Wilayah Udara Iran, Sekitar 4-6 Pekan Lagi","AS Klaim Akan Kuasai Penuh Wilayah Udara Iran, Sekitar 4-6 Pekan Lagi
Gedung Putih menyatakan Amerika Serikat (AS) semakin mendekati kendali atas wilayah udara Iran . Diperkirakan, AS bisa menguasai wilayah udara Iran dalam empat hingga enam pekan ke depan.
Juru bicara Gedung Putih Karoline Leavitt mengatakan, operasi militer yang dijalankan AS menunjukkan perkembangan signifikan dalam beberapa pekan terakhir.
""Kami berada di jalur yang sangat baik untuk mengendalikan wilayah udara Iran,"" kata Leavitt kepada wartawan di Gedung Putih, Jumat (6/3), melansir Reuters .
ADVERTISEMENT
SCROLL TO CONTINUE WITH CONTENT
Ia menyebut, pemerintah AS menilai target operasi militer yang dinilai realistis dapat tercapai dalam waktu relatif singkat.
Menurut Leavitt, pemerintah juga tengah mempertimbangkan sejumlah kandidat yang berpotensi memimpin Iran di masa mendatang. Pernyataan itu muncul sehari setelah Presiden AS Donald Trump mengatakan Washington harus terlibat dalam menentukan pemimpin baru Iran.
Fakta Terkini Perang Iran: Ada Ancaman Targetkan Reaktor Nuklir Israel
Trump Persulit Jalur Diplomasi: Iran Harus Menyerah Tanpa Syarat!
AS Santai soal Dugaan Bantuan Intelijen Rusia buat Iran
""Saya tahu ada sejumlah orang yang sedang dilihat oleh badan intelijen kami dan pemerintah Amerika Serikat, tetapi saya tidak akan membahasnya lebih jauh,"" ujarnya.
Dalam wawancara dengan Reuters sehari sebelumnya, Trump juga menyatakan, pemimpin Iran berikutnya kemungkinan besar bukan putra mendiang Pemimpin Tertinggi Iran Ayatollah Ali Khamenei, yang sebelumnya disebut sebagai salah satu kandidat kuat penerus ayahnya.
Trump juga menegaskan bahwa AS tak akan mencapai kesepakatan dengan Iran kecuali jika Teheran menyerah tanpa syarat.
Di sisi lain, Iran menyebut konflik dengan AS dan Israel telah menimbulkan korban besar di pihak sipil. Duta Besar Iran untuk PBB Amir Saeid Iravani mengatakan sedikitnya 1.332 warga sipil tewas dan ribuan lainnya terluka sejak perang dimulai.
Ia menuduh AS dan Israel menargetkan infrastruktur sipil selama serangan berlangsung, sementara Iran mengklaim hanya menyerang fasilitas militer.
Konflik antara Iran dengan AS dan Israel sendiri pecah pada 28 Februari, setelah Washington dan Tel Aviv melancarkan serangan militer ke Teheran saat negosiasi mengenai program nuklir Iran masih berlangsung."
https://www.cnnindonesia.com/internasional/20260308130837-113-1335598/china-kecam-perang-timur-tengah-minta-as-kelola-perbedaan,"China Kecam Perang Timur Tengah, Minta AS Kelola Perbedaan","China Kecam Perang Timur Tengah, Minta AS Kelola Perbedaan
Minta kelola perbedaan
China bidik mitra baru
Taiwan disebut garis merah
Menteri Luar Negeri China , Wang Yi, mengecam keras perang di Timur Tengah dan mendesak Amerika Serikat untuk mengelola perbedaan dengan Beijing di tengah hubungan yang semakin tegang.
Dalam konferensi pers di Beijing pada Minggu, Wang mengatakan konflik yang dipicu oleh serangan militer AS dan Israel terhadap Iran ""seharusnya tidak pernah terjadi"".
""Tinju yang kuat tidak berarti alasan yang kuat. Dunia tidak boleh kembali pada hukum rimba,"" ujar Wang kepada para wartawan, mengutip AFP.
ADVERTISEMENT
SCROLL TO CONTINUE WITH CONTENT
Ia menyampaikan pernyataan tersebut di sela-sela pertemuan politik tahunan China yang dikenal sebagai Two Sessions. Forum ini mempertemukan parlemen China dan badan konsultatif politik negara tersebut, yang setiap tahun menjadi sorotan karena memberi gambaran mengenai prioritas para pemimpin China di tengah dinamika geopolitik global yang semakin rapuh.
Dalam kesempatan itu, Wang membahas berbagai isu internasional, mulai dari perang dagang dengan AS, ketegangan di Laut China Selatan, hingga konflik di Timur Tengah dan perang di Ukraina.
""Tahun ini benar-benar menjadi tahun penting bagi hubungan China-AS,"" kata Wang.
Tugboat Berbendera UEA Meledak-Tenggelam di Selat Hormuz, 3 WNI Hilang
Fakta-fakta Hari ke-8 Perang Iran vs AS-Israel
Filipina Terapkan 4 Hari Kerja buntut Perang Iran vs AS-Israel
Minta kelola perbedaan
Hubungan Beijing dan Washington kembali memanas sejak Donald Trump kembali menjabat sebagai presiden AS tahun lalu. Ketegangan tersebut diperparah oleh perang dagang yang membuat kedua negara saling mengenakan tarif terhadap produk masing-masing.
Menurut Wang, ada negara yang membangun hambatan tarif serta mendorong pemutusan hubungan ekonomi dan rantai pasok dengan China.
""Tindakan seperti itu ibarat mencoba memadamkan api dengan bahan bakar. Pada akhirnya justru akan berbalik merugikan diri sendiri,"" katanya.
Meski mengakui China dan AS tidak bisa mengubah satu sama lain, Wang menilai kedua negara masih dapat memperbaiki cara berinteraksi.
Ia pun mendesak kedua pihak untuk ""menciptakan lingkungan yang tepat, mengelola perbedaan yang ada, dan menghilangkan gangguan yang tidak perlu"".
Namun, berbagai perbedaan tetap membayangi hubungan kedua negara. Beijing sebelumnya mengecam keras serangan militer AS dan Israel terhadap Iran, negara yang memiliki hubungan diplomatik dan perdagangan dengan China.
China juga mengecam pembunuhan pemimpin tertinggi Iran, Ali Khamenei.
Selain itu, Wang menegaskan hubungan Beijing dengan Rusia tetap ""teguh dan tak tergoyahkan"", meskipun negara-negara Barat mengkritik kedekatan tersebut karena dianggap turut menopang perang di Ukraina.
China bidik mitra baru
Di tengah kebijakan luar negeri Washington yang dinilai tidak menentu, Beijing berupaya memposisikan diri sebagai mitra yang lebih stabil bagi banyak negara.
Sejumlah pemimpin dunia, termasuk dari Prancis, Kanada, Finlandia, dan Britania Raya, dalam beberapa waktu terakhir berkunjung ke Beijing.
Kunjungan tersebut terjadi setelah kontroversi kebijakan Trump, mulai dari rencana mengambil alih Greenland hingga ancaman tarif terhadap sesama anggota NATO.
Wang menyambut kunjungan para pemimpin Eropa itu. Ia mengatakan semakin banyak pihak di Eropa yang memandang China bukan sebagai pesaing, melainkan mitra global.
""Kami menyambut teman-teman Eropa untuk keluar dari 'loteng kecil' proteksionisme dan datang ke 'gym' pasar China, tempat mereka bisa memperkuat otot dan meningkatkan daya saing,"" ujarnya.
Sebagai bagian dari upaya mempererat hubungan, Beijing juga memberikan fasilitas bebas visa kepada sekitar 50 negara, termasuk Prancis, Jerman, dan Inggris. China juga menyepakati penurunan tarif untuk sejumlah ekspor dari Kanada dan Inggris.
Taiwan disebut garis merah
Wang juga menyinggung hubungan China dengan Jepang yang memanas setelah Perdana Menteri Jepang Sanae Takaichi pada November lalu menyatakan Tokyo dapat melakukan intervensi militer jika terjadi serangan terhadap Taiwan.
Pernyataan itu memicu kemarahan Beijing yang memandang Taiwan sebagai bagian dari wilayahnya dan tidak menutup kemungkinan menggunakan kekuatan untuk mengambil alih pulau tersebut.
Wang menegaskan Beijing ""tidak akan pernah membiarkan siapa pun atau kekuatan apa pun memisahkan Taiwan dari China"".
Ia juga memperingatkan Jepang agar tidak ""mengulangi kesalahan besar di masa lalu"", merujuk pada sejarah kolonial Tokyo pada masa Perang Dunia II.
Menurut Wang, isu Taiwan berada di jantung kepentingan inti China dan merupakan ""garis merah yang tidak boleh dilanggar""."
https://www.cnnindonesia.com/internasional/20260307091540-106-1335281/kemlu-ri-pembahasan-board-of-peace-ditangguhkan,Kemlu RI: Pembahasan Board of Peace Ditangguhkan,"Kemlu RI: Pembahasan Board of Peace Ditangguhkan
Kementerian Luar Negeri ( Kemlu ) Indonesia mengatakan pembahasan mengenai Dewan Perdamaian ( Board of Peace /BoP) ditangguhkan sementara, menyusul meningkatnya ketegangan geopolitik di kawasan Timur Tengah .
Juru Bicara Kementerian Luar Negeri Yvonne Mewengkang menyebut tidak ada pembahasan terkait BoP dalam supekan terakhir. Fokus utama diplomasi pemerintah saat ini memastikan keselamatan dan pelindungan WNI di wilayah terdampak perang.
""Sebagaimana yang disampaikan oleh Pak Menlu juga beberapa hari yang lalu bahwa segala pembahasan tentang BoP saat ini ditangguhkan atau istilahnya on hold,"" kata dalam press briefing Kemlu di Jakarta, Jumat (6/3).
ADVERTISEMENT
SCROLL TO CONTINUE WITH CONTENT
Selain memastikan keselamatan dan keamaan WNI di Timur Tengah, Kemlu juga tengha fokus menyiapkan langkah-langkah antisipatif dalam menghadapi dampak eskalasi tersebut.
Ia juga mendengar desakan sejumlah organisasi masyarakat meminta Indonesia keluar dari BoP menyusul serangan bersama Amerika Serikat dan Israel ke Iran.
Yvonne menjelaskan partipasi Indonesia dalam BoP atau organisasi internasional lain berdasarkan konstitusi dan kepentingan nasional.
""Saya tekankan sekali lagi bahwa setiap keputusan mengenai keikutsertaan Indonesia dalam mekanisme internasional apapun akan didasarkan pada prinsip politik luar negeri Indonesia dan yang terpenting adalah kepentingan nasional kita,"" ujarnya.
Lebih lanjut, Yvonne mengatakan hal yang juga penting digarisbawahi adalah partisipasi Indonesia untuk berkontribusi pada perdamaian dan stabilitas di Palestina.
""Partisipasi kita di BoP tetap konsisten untuk mendukung stabilisasi dan rekonstruksi di Palestina,"" imbuh Yvonne.
""Jadi, setiap keputusan mengenai partisipasi Indonesia akan diambil melalui pertimbangan komprehensif dari semua faktor tersebut,"" pungkasnya.
Sebelumnya, sejumlah organisasi masyarakat seperti Majelis Ulama Indonesia (MUI), Muhammadiyah, meminta Indonesia keluar dari BOP usai Amerika Serikat dan Israel meluncurkan serangan brutal ke Iran.
AS merupakan inisiator sekaligus ketua Dewan Perdamaian, sementara Israel adalah salah satu anggotanya.
Presiden Donald Trump saat mengumumkan pembentukan BoP sesumbar bahwa dewan ini akan menciptakan perdamaian abadi di Timur Tengah. Namun, peristiwa pekan lalu menggambarkan situasi sebaliknya.
Tak cuma ormas, lebih dari 60 tokoh dan 70 organisasi masyarakat sipil menandatangani petisi yang meminta pemerintah menarik partisipasi Indonesia dari BoP karena tindakan AS dan Israel melanggar hukum internasional serta merusak perdamaian dunia.
AS dan Israel menggempur Iran pada 28 Februari. Imbas serangan provokasi itu, Pemimpin Tertinggi Ayatollah Ali Khamenei dan keluarganya, Panglima Korps Garda Revolusi Islam, hingga Menteri Pertahanan tewas.
Iran membalas dengan meluncurkan serangan balasan ke Israel dan aset AS di Timur Tengah. Balasan Iran kian intensif setelah Khamenei dinyatakan meninggal.
Sejumlah pejabat Iran menegaskan serangan balasan mereka tak menargetkan negara-negara Arab tetapi pangkalan militer AS di sana yang digunakan untuk menyerang negara itu.
[Gambas:Video CNN]"
https://www.cnnindonesia.com/internasional/20260308075607-120-1335496/fakta-fakta-hari-ke-8-perang-iran-vs-as-israel,Fakta-fakta Hari ke-8 Perang Iran vs AS-Israel,"Fakta-fakta Hari ke-8 Perang Iran vs AS-Israel
Berikut fakta terkini perang Iran vs AS-Israel per Minggu (8/3). 1. Kapal berbendera Malta diserang IRGC 2. Tugboat berbendera UEA meledak-tenggelam di Selat Hormuz, 3 WNI hilang 3. Presiden Iran minta maaf ke negara Arab 4. Iran bersumpah bakal perang sampai titik darah penghabisan 5. AS klaim kuasai penuh ruang udara Iran dalam 4-6 pekan ini
1. Kapal berbendera Malta diserang IRGC
2. Tugboat berbendera UEA meledak-tenggelam di Selat Hormuz, 3 WNI hilang
3. Presiden Iran minta maaf ke negara Arab
4. Iran bersumpah bakal perang sampai titik darah penghabisan
5. AS klaim kuasai penuh ruang udara Iran dalam 4-6 pekan ini
Perang panas antara Iran vs Amerika Serikat (AS) dan Israel telah memasuki hari kedelapan pada Minggu (8/3). Rentetan serangan udara masih terjadi, dengan kapal-kapal tanker di Selat Hormuz menjadi korban.
Berikut fakta terkini perang Iran vs AS-Israel per Minggu (8/3).
1. Kapal berbendera Malta diserang IRGC
Korps Garda Revolusi Islam Iran (IRGC) menyerang sebuah kapal tanker minyak berbendera Malta, Prima, di kawasan Teluk Persia pada Sabtu (7/3).
ADVERTISEMENT
SCROLL TO CONTINUE WITH CONTENT
IRGC menyatakan pihaknya menembak kapal tersebut lantaran kapal ""mengabaikan peringatan berulang dari Angkatan Laut mengenai larangan melintas dan kondisi Selat Hormuz yang tidak aman"".
Iran telah melancarkan serangan ke sejumlah kapal tanker yang dicap terkait AS dan sekutu di Selat Hormuz sejak perang pecah 28 Februari lalu.
Saat ini, Iran menutup Selat Hormuz dan mengancam akan menyerang siapa saja yang melintas. Meski begitu, Iran menjamin keamanan bagi kapal-kapal sekutunya, China dan Rusia.
2. Tugboat berbendera UEA meledak-tenggelam di Selat Hormuz, 3 WNI hilang
Tiga dari empat anak buah kapal (ABK) warga negara Indonesia (WNI) dikabarkan hilang setelah kapal tugboat berbendera Uni Emirat Arab (UEA) meledak dan tenggelam di Selat Hormuz, Jumat (6/3) lalu.
Plt Direktur Pelindungan WNI Kementerian Luar Negeri RI Heni Hamidah menjelaskan keempat WNI tercatat bekerja di kapal Musaffah 2 yang berbendera UEA.
""Insiden terjadi di Selat Hormuz, diantara perairan Persatuan Emirat Arab (PEA) dan Oman pada tanggal 6 Maret 2026 pukul 02.00 dini hari waktu setempat,"" kata Heni dalam keterangan tertulis, Sabtu (7/3).
Heni menjelaskan berdasarkan keterangan saksi mata, kapal Musaffah 2 meledak hingga menyebabkan kebakaran sebelum akhirnya tenggelam di Selat Hormuz. Saat ini otoritas UEA dan Oman tengah menyelidiki penyebab pasti ledakan kapal.
3. Presiden Iran minta maaf ke negara Arab
Presiden Iran Masoud Pezeshkian meminta maaf kepada negara-negara Arab atas serangan yang menyasar wilayah mereka.
Pezeshkian berjanji tidak akan menargetkan negara-negara tetangganya itu kecuali Teheran mendapat ancaman dari mereka.
""Saya harus meminta maaf atas nama saya sendiri dan atas nama Iran kepada negara-negara tetangga yang diserang oleh Iran,"" katanya dalam pidato yang disiarkan televisi pemerintah Iran, Sabtu (7/3).
""Dewan kepemimpinan sementara kemarin sepakat tidak akan ada lagi serangan terhadap negara-negara tetangga dan tidak akan ada rudal yang ditembakkan kecuali serangan terhadap Iran berasal dari negara-negara tersebut,"" paparnya menambahkan seperti dikutip AFP.
Iran telah dipimpin Dewan Kepemimpinan sementara pasca Pemimpin Tertinggi Ayatollah Ali Khamenei tewas dibunuh dalam serangan di Teheran pada 28 Februari lalu.
[Gambas:Video CNN]
4. Iran bersumpah bakal perang sampai titik darah penghabisan
Pezeshkian bersumpah negaranya tidak akan pernah menyerah kepada AS dan Israel dalam perang kali ini. Ia bertekad membela Iran sampai titik darah penghabisan.
""Musuh-musuh Iran harus membawa keinginan mereka agar rakyat Iran menyerah tanpa syarat ke dalam kubur mereka,"" kata Pezeshkian dalam pidato yang disiarkan televisi pemerintah seperti dikutip AFP.
""Kami berdiri dan melawan sampai mati untuk membela negara. Operasi pertahanan Iran secara eksklusif ditujukan terhadap target dan fasilitas yang merupakan sumber dan awal mula tindakan agresif terhadap bangsa Iran,"" tegasnya, dalam unggahan di media sosial X-nya.
[Gambas:Twitter]
5. AS klaim kuasai penuh ruang udara Iran dalam 4-6 pekan ini
Amerika Serikat mengeklaim wilayah udara Iran akan mereka kuasai dalam empat hingga enam pekan mendatang.
Juru bicara Gedung Putih Karoline Leavitt mengatakan operasi militer AS di Timur Tengah menunjukkan perkembangan signifikan dalam beberapa pekan terakhir.
""Kami berada di jalur yang sangat baik untuk mengendalikan wilayah udara Iran,"" kata Leavitt kepada wartawan di Gedung Putih, Jumat (6/3), melansir Reuters.
Menurut Leavitt, Washington juga tengah mempertimbangkan sejumlah kandidat yang berpotensi memimpin Iran di masa mendatang."
https://www.cnnindonesia.com/internasional/20240801153215-120-1128133/penyataan-lengkap-khamenei-soal-kematian-pemimpin-hamas-haniyeh,Penyataan Lengkap Khamenei soal Kematian Pemimpin Hamas Haniyeh,"Penyataan Lengkap Khamenei soal Kematian Pemimpin Hamas Haniyeh
Pemimpin tertinggi Iran , Ayatollah Ali Khamenei , bersumpah bakal membalas Israel atas kematian pemimpin biro politik Hamas, Ismail Haniyeh , pada Rabu (31/7).
Dalam sebuah pernyataan, Khamenei menyampaikan duka mendalam atas meninggalnya Ismail Haniyeh, pemimpin pemberani Hamas sekaligus mujahid terkemuka Palestina.
ADVERTISEMENT
SCROLL TO CONTINUE WITH CONTENT
Dia kemudian mengatakan Negeri Zionis telah bersiap untuk menerima ""hukuman berat"" karena telah membunuh tamu tercinta Iran dan membuat masyarakat Teheran meratap.
""Rezim Zionis yang kriminal dan teroris telah membunuh tamu tercinta kita di wilayah kita dan telah menimbulkan kesedihan bagi kita, namun rezim ini juga telah mempersiapkan dasar untuk hukuman yang berat,"" kata Khamenei dalam pernyataan resmi.
Khamenei menuturkan Haniyeh telah mengorbankan nyawanya yang terhormat dalam ""pertempuran bermartabat"" selama bertahun-tahun ini.
Dia berujar Haniyeh bahkan telah begitu ikhlas ketika sanak keluarganya menjadi korban serangan Israel. Haniyeh sudah lama bersiap untuk mati syahid di jalan ini.
""Haniyeh rela mengorbankan nyawanya yang terhormat dalam pertempuran bermartabat selama bertahun-tahun ini. Dia bersiap untuk mati syahid dan telah mengorbankan anak-anaknya serta orang-orang yang dicintainya di jalan ini. Dia tidak takut menjadi syahid di jalan Tuhan dan demi menyelamatkan nyawa hamba Tuhan,"" kata Khamenei.
""Namun, setelah peristiwa pahit dan tragis yang terjadi di wilayah Republik Islam, kami yakin kini adalah tugas kami untuk membalas dendam,"" lanjut Khamenei.
Di akhir pernyataannya, Khamenei menyampaikan belasungkawa kepada seluruh Umat Islam, Front Perlawanan, rakyat Palestina, serta kepada keluarga Haniyeh dan sahabat-sahabatnya.
""Semoga Tuhan Yang Maha Kuasa meninggikan derajat mereka,"" tutup Khamenei.
Ismail Haniyeh dinyatakan tewas dalam serangan di kediamannya di Teheran pada Rabu (31/7) dini hari. Hamas menuduh Israel dalang di balik serangan ini.
Menurut media Iran, kediaman Haniyeh diserang oleh ""proyektil berpemandu udara"". Sumber Iran mengatakan kepada media Lebanon pro-Hizbullah al Mayadeen bahwa rudal tersebut ditembakkan dari luar Iran. Otoritas Iran belum mengonfirmasi hal ini.
Haniyeh sendiri sedang menempati salah satu kediaman veteran perang di utara Teheran dalam serangan tersebut.
Ia berada di Iran untuk menghadiri pelantikan Presiden baru Iran Masoud Pezeshkian pada Selasa (30/7). Ia juga sempat menemui Khamenei pada hari yang sama.
Ismail Haniyeh merupakan kepala biro politik Hamas sejak 2017, menggantikan Khaled Mashal. Haniyeh merupakan tokoh terkenal, terutama usai menjabat Perdana Menteri Palestina pada 2006, menyusul kemenangan Hamas pada pemilu parlemen.
Haniyeh tinggal di pengasingan dan berpindah antara Turki dan Qatar. Dia bergabung dengan Hamas pada tahun 1987, saat peristiwa Intifada Pertama.
Selama agresi Israel ke Palestina, keluarga Haniyeh turut jadi sasaran serangan Israel. Pada April lalu, tiga anak dan empat cucu Haniyeh tewas dibunuh Israel.
Israel menolak berkomentar mengenai kematian Haniyeh di Iran.
Penyelidikan mengenai insiden pembunuhan Haniyeh pun hingga kini masih berlangsung."
https://www.cnnindonesia.com/internasional/20260307081315-134-1335274/pemuka-agama-as-doakan-trump-terus-berikan-presiden-kami-kekuatan,Pemuka Agama AS Doakan Trump: Terus Berikan Presiden Kami Kekuatan,"Pemuka Agama AS Doakan Trump: Terus Berikan Presiden Kami Kekuatan
Sekitar 20 pemuka agama berkumpul di Gedung Putih untuk mendoakan Presiden Amerika Serikat (AS) Donald Trump secara langsung pada Kamis (5/3) waktu setempat.
Doa bersama itu berlangsung di Oval Office saat AS dan Israel masih terlibat konflik militer dengan Iran .
ADVERTISEMENT
SCROLL TO CONTINUE WITH CONTENT
Momen tersebut dibagikan oleh Asisten Presiden sekaligus Wakil Kepala Staf Gedung Putih Dan Scavino melalui akun X miliknya. Dalam video yang diunggah, para pemuka agama terlihat mengelilingi Trump yang duduk di meja kerjanya di Oval Office.
Para pemuka agama itu kemudian memegang pundak Trump sambil memanjatkan doa bagi presiden dan negara. Trump tampak menundukkan kepala, memejamkan mata, serta menangkupkan kedua tangannya di atas meja saat doa dipanjatkan.
""Sedang terjadi saat ini di Oval Office di Gedung Putih. Tuhan memberkati USA!,"" tulis Scavino dalam keterangan unggahannya.
24 Negara Bagian AS Ajukan Gugatan Massal Blokir Rencana Tarif Trump
Trump: Kuba Akan Segera Jatuh, Saya Kirim Menlu Rubio ke Sana
Utusan Iran di PBB: 1.332 Warga Sipil Tewas dalam Perang
Salah satu pemuka agama terlihat memimpin doa dan menyampaikan harapan bagi Trump serta militer AS.
""Saya berdoa agar Engkau memberikan rahmat dan perlindungan-Mu kepadanya. Saya berdoa agar Engkau juga memberikan rahmat dan perlindungan-Mu kepada pasukan kami serta seluruh pria dan wanita yang bertugas dalam angkatan bersenjata kami. Dan Bapa, kami berdoa agar Engkau terus memberikan Presiden kami kekuatan yang ia butuhkan untuk memimpin bangsa kami saat kami kembali menjadi satu bangsa di bawah Tuhan.""
Doa bersama tersebut berlangsung di tengah meningkatnya ketegangan antara AS dan Iran. Kedua negara masih berada dalam konflik terbuka setelah serangan awal yang dilancarkan AS bersama Israel ke Teheran pada 28 Februari lalu.
Serangan gabungan tersebut menewaskan sejumlah petinggi Iran, termasuk Pemimpin Tertinggi Ayatollah Ali Khamenei.
Di sisi lain, AS juga menghadapi potensi serangan balasan dari Iran terhadap aset-aset militer AS di kawasan Timur Tengah. Presiden Trump bahkan meminta sejumlah negara sekutu untuk membantu operasi militer Washington serta bersiap menghadapi kemungkinan respons dari Iran."
https://www.cnnindonesia.com/internasional/20260306133642-106-1335050/kemlu-belum-rencana-evakuasi-wni-dari-lebanon-mayoritas-personel-tni,"Kemlu Belum Rencana Evakuasi WNI dari Lebanon, Mayoritas Personel TNI","Kemlu Belum Rencana Evakuasi WNI dari Lebanon, Mayoritas Personel TNI
Kementerian Luar Negeri menyatakan pemerintah belum merencanakan evakuasi warga negara Indonesia ( WNI ) di Lebanon menyusul serangan Israel ke milisi Hizbullah di negara tersebut.
Plt Direktur Pelindungan WNI Kemlu RI Heni Hamidah mengatakan mayoritas WNI di Lebanon adalah personel TNI yang bertugas sebagai pasukan penjaga perdamaian di bawah PBB (UNIFIL).
""Di Lebanon kita ada 939 WNI tapi sebagian besar merupakan personel TNI [untuk] UNIFIL. Dan sampai saat ini belum ada rencana untuk evakuasi,"" kata Heni saat konferensi pers di Gedung Palapa, Kemlu, Jumat (6/3).
ADVERTISEMENT
SCROLL TO CONTINUE WITH CONTENT
Namun, Heni menjelaskan, perwakilan Indonesia di Lebanon terus memantau kondisi di lapangan, terus mengupdate rencana kontingensi, dan opsi evakuasi apabila memang itu diperlukan.
""Tapi, saat ini belum ada rencana evakuasi,"" ujar dia.
Lebanon turut membara usai digempur habis-habisan Israel di tengah perang mereka dengan Iran.
Milisi di Lebanon, Hizbullah, mengakui ikut membalas Israel usai Pemimpin Tertinggi Iran, Ayatollah Ali Khamenei, tewas dalam gempuran pasukan Zionis dan AS pekan lalu.
Israel sementara itu, dengan cepat merespons serangan udara di Beirut selatan, dan menargetkan beberapa desa di Lebanon selatan, serta Lembah Bekaa. Dalam operasi tersebut, Israel mengerahkan jet-jet untuk membombardir Beirut.
Kementerian Kesehatan Masyarakat Lebanon melaporkan per Kamis, korban tewas imbas konflik Israel-Hizbullah mencapai 102 orang, dan 638 lainnya mengalami luka-luka.
Eskalasi baru ini bisa memicu krisis ekonomi yang mendalam di Lebanon, yang sudah berlangsung selama bertahun-tahun.
Hizbullah dan Israel sepakat gencatan senjata pada November 2024. Namun, berulang kali melanggar perjanjian dan melakukan serangan di seluruh Lebanon hampir setiap hari."
https://www.cnnindonesia.com/internasional/20260310032017-134-1336127/trump-soal-mojtaba-pemimpin-baru-iran-mereka-bikin-kesalahan-besar,Trump soal Mojtaba Pemimpin Baru Iran: Mereka Bikin Kesalahan Besar,"Trump soal Mojtaba Pemimpin Baru Iran: Mereka Bikin Kesalahan Besar
Presiden Amerika Serikat Donald Trump kembali mengomentari terpilihnya Mojtaba Khamenei sebagai pemimpin tertinggi Iran.
Ia mengatakan pemilihan anak mendiang pemimpin tertinggi Iran Ayatollah Ali Khamenei tersebut sebagai kesalahan besar.
ADVERTISEMENT
SCROLL TO CONTINUE WITH CONTENT
""Mereka membuat kesalahan besar. Saya tidak apakah itu akan bertahan lama. Saya pikir mereka membuat kesalahan besar,"" kata Trump kepada NBC News, seperti dikutip dari CNN .
Sebelumnya, Trump mengatakan tidak menerima Mojtaba sebagai pemimpin tertinggi Iran, Ali Khamenei. Ia dianggap sebagai penerus garis keras dari mendiang ayahnya yang terbunuh oleh serangan AS dan Israel.
""Kita akan lihat nanti,"" ujar Trump ketika ditanya soal terpilihnya Mojtaba Khamenei tulis Al Jazeera , Senin (9/3).
Sementara itu, Middle East Eye melaporkan bahwa Trump 'tidak senang' dengan terpilihnya Mojtaba Khamenei. Sebagian laporan menyebut Trump menganggap pemilihan Mojtaba 'tidak bisa diterima'.
Trump sebelumnya menyebut pemimpin Iran yang terpilih harus sesuai persetujuannya. Ia bahkan menegaskan harus intervensi dalam pemilihan pemimpin Iran.
""Mereka membuang-buang waktu. Putra Khamenei tidak berpengaruh. Saya harus terlibat dalam penunjukan ini, seperti halnya dengan Delcy [Rodriguez] di Venezuela,"" kata Trump pekan lalu."
https://www.cnnindonesia.com/internasional/20260303145726-120-1333868/iran-sebut-pengganti-khamenei-segera-dipilih-siapakah-dia,"Iran Sebut Pengganti Khamenei Segera Dipilih, Siapakah Dia?","Iran Sebut Pengganti Khamenei Segera Dipilih, Siapakah Dia?
Iran menyatakan proses pemilihan pemimpin tertinggi baru yang akan mengganti mendiang Ayatollah Ali Khamenei ""tidak akan berlangsung lama.""
Seorang anggota Majelis Ahli Iran, Ali Moalemi, mengatakan para anggota majelis juga telah disumpah untuk memilih para calon penerus Khamenei sesuai dengan prinsip-prinsip agama.
""Proses tersebut tidak akan memakan waktu lama"", kata Moalemi seperti dikutip kantor berita ISNA pada Selasa (3/3).
ADVERTISEMENT
SCROLL TO CONTINUE WITH CONTENT
Dilansir Al Jazeera, Majelis Ahli Iran merupakan lembaga yang bertugas memilih Pemimpin Tertinggi Iran.
Setiap anggota majelis disumpah tidak akan menjadikan preferensi pribadi terhadap individu tertentu maupun faksi politik dan partai ""tidak akan menjadi faktor"" dalam proses pemilihan pemimpin.
""Majelis Ahli, seperti di masa lalu, akan memilih sosok seperti Pemimpin Revolusi yang gugur,"" ujarnya merujuk pada Khamenei.
[Gambas:Video CNN]
Sejak kematian Khamenei terkonfirmasi, Iran saat ini sibuk mencari sosok pengganti yang akan berkuasa penuh atas negara tersebut di saat masih menghadapi kemungkinan serangan Israel dan AS.
Iran telah menunjuk ulama senior, Ayatollah Alireza Arafi, memimpin Dewan Kepemimpinan Sementara yang akan mengambil alih tugas Pemimpin Tertinggi setelah kematian Khamenei.
CBS mengutip laporan kantor berita mahasiswa Iran ISNA , menyatakan Arafi akan memimpin bersama Presiden Iran Masoud Pezeshkian dan Kepala Kehakiman Gholamhossein Mohseni Ejei dalam Dewan Kepemimpinan sementara itu."
https://www.cnnindonesia.com/internasional/20260306062827-120-1334877/israel-berdalih-pembunuhan-khamenei-sesuai-hukum-internasional,Israel Berdalih Pembunuhan Khamenei Sesuai Hukum Internasional,"Israel Berdalih Pembunuhan Khamenei Sesuai Hukum Internasional
Israel menyatakan bahwa pembunuhan Pemimpin Tertinggi Iran Ayatollah Ali Khamenei sesuai dengan hukum internasional yang mengatur konflik bersenjata, Kamis (5/3).
Juru bicara militer Israel, Nadav Shoshani mengatakan bahwa serangan yang menewaskan Khamenei ""sesuai dengan hukum internasional"".
""Berdasarkan hukum internasional tentang konflik bersenjata, komandan militer yang memimpin angkatan bersenjata selama perang dapat menjadi target militer yang sah,"" kata Shoshani di X, dikutip dari AFP .
ADVERTISEMENT
SCROLL TO CONTINUE WITH CONTENT
""Sebagai Pemimpin Tertinggi Iran, Ali Khamenei menjabat sebagai Panglima Tertinggi Angkatan Bersenjata Iran,"" tambahnya, menggambarkan ayatollah sebagai ""pengambil keputusan akhir dalam operasi militer Iran"".
Shoshani menyebut selama konflik yang sedang berlangsung, Khamenei mengarahkan penggunaan kekuatan terhadap Israel dan mengawasi pendanaan, persenjataan, dan koordinasi proksi teror.
""Menetralisir Panglima Tertinggi rezim memberikan keuntungan militer yang jelas dengan menurunkan kemampuan Iran untuk merencanakan dan mengoordinasikan serangan terhadap Israel,"" kata Shoshani.
Media Iran melaporkan bahwa istri Khamenei, menantu laki-laki, dan dua cucunya yang masih di bawah umur juga gugur dalam serangan Israel dan AS pada 28 Februari lalu.
Iran menanggapi pembunuhan Khamenei ini dengan meluncurkan gelombang serangan rudal ke Israel dan target di seluruh Timur Tengah, termasuk situs militer dan diplomatik AS.
Israel dan Amerika Serikat terus membombardir target di Iran sampai hari ini. Media pemerintah Iran menyatakan korban tewas dalam serangan AS-Israel mencapai 1.045 jiwa.
Sementara itu Jurnalis Al Jazeera , Mohamed Vall, melaporkan dari Teheran bahwa 200 anak dan remaja dirawat di rumah sakit, dengan lebih dari 6.000 orang terluka.
""Ada serangan berkelanjutan dan terus-menerus di seluruh negeri, yang tidak menyisakan wilayah, kota, atau daerah mana pun,"" katanya."
https://www.cnnindonesia.com/internasional/20260307064928-120-1335264/utusan-iran-di-pbb-1332-warga-sipil-tewas-dalam-perang,Utusan Iran di PBB: 1.332 Warga Sipil Tewas dalam Perang,"Utusan Iran di PBB: 1.332 Warga Sipil Tewas dalam Perang
Duta Besar Iran untuk PBB, Amir Saeid Iravani mengatakan sedikitnya 1.332 warga sipil tewas dalam perang melawan Amerika Serikat (AS) dan Israel , sementara ribuan lainnya terluka.
Iravani menegaskan AS dan Israel sengaja menargetkan infrastruktur sipil. Sementara pihaknya menargetkan lokasi militer, bukan area warga sipil.
Ia juga mengatakan Iran tidak menargetkan fasilitas non-militer di negara-negara tetangga, serta sedang menyelidiki tuduhan itu.
ADVERTISEMENT
SCROLL TO CONTINUE WITH CONTENT
""Penilaian awal kami menunjukkan beberapa insiden mungkin terjadi akibat intersepsi atau gangguan dari sistem pertahanan AS, yang bisa saja mengalihkan rudal dari target militer yang dimaksud,"" katanya kepada wartawan di markas PBB di New York City, Jumat (6/3) dikutip Reuters .
Ia juga menyinggung ucapan Presiden AS Donald Trump yang memaksa ingin punya suara dalam pemilihan pemimpin tertinggi Iran yang baru.
Iravani menilai pernyataan Trump sebagai pelanggaran jelas terhadap prinsip tidak mencampuri urusan dalam negeri negara lain, sebagaimana tercantum dalam Piagam PBB.
""Pemilihan kepemimpinan Iran akan dilakukan sepenuhnya sesuai prosedur konstitusi kami dan semata-mata berdasarkan kehendak rakyat Iran tanpa campur tangan asing,"" tambahnya.
Dalam wawancara dengan Reuters Kamis lalu, Trump juga memaksa dirinya harus memiliki suara dalam proses pemilihan pemimpin tertinggi yang baru.
Ia juga menuntut Iran menyerah tanpa syarat sembari mendesak Teheran menerima pemimpin tertinggi baru, pengganti Ayatollah Ali Khamenei yang tewas pada hari pertama perang.
Beberapa jam setelah pernyataan Trump, Presiden Iran mengumumkan sejumlah negara telah memulai upaya mediasi, yang dianggap menjadi salah satu sinyal pertama adanya inisiatif diplomatik untuk mengakhiri konflik dengan AS dan Israel.
Kepada Reuters, dua pejabat AS mengatakan penyelidik meyakini kemungkinan besar pasukan AS bertanggung jawab atas serangan ke sebuah sekolah perempuan di Iran. Aksi keji itu menewaskan ratusan anak. Namun, kesimpulan akhir belum dicapai.
Perang Iran melawan AS dan Israel pecah pada 28 Februari lalu. Konflik terjadi lantaran serangan provokasi Washington dan Tel Aviv melancarkan serangan terlebih dahulu ke Teheran, saat negosiasi program nuklir Iran sedang berjalan."
https://www.cnnindonesia.com/hiburan/20260306163942-220-1335138/video-propaganda-gempur-iran-as-comot-klip-top-gun-hingga-superman,"Video Propaganda Gempur Iran, AS Comot Klip Top Gun hingga Superman","Video Propaganda Gempur Iran, AS Comot Klip Top Gun hingga Superman
Gedung Putih mencomot klip beberapa film ternama dan dijadikan konten video propaganda saat berperang dengan Iran . Video itu juga digunakan untuk merayakan pemboman baru-baru ini oleh AS dan Israel di Iran.
Kompilasi cuplikan film itu disatukan dengan rekaman drone yang menampilkan pemboman. Video tersebut kemudian diunggah di media sosial resmi White House.
ADVERTISEMENT
SCROLL TO CONTINUE WITH CONTENT
"" KEADILAN DENGAN CARA AMERIKA ,"" tulis Gedung Putih.
Mereka comot klip film Minority Report yang dibintangi Tom Cruise, ada pula video juga yang Cruise dalam Top Gun: Maverick, serta Tropic Thunder.
Video propaganda itu juga menampilkan cuplikan dari Gladiator, Patriot, John Wick, Superman, Transformers, Deadpool, Halo, hingga Breaking Bad, dan Star Wars.
[Gambas:Video CNN]
Unggahan terbaru ini muncul setelah Kesha mengecam pemerintahan Donald Trump karena menggunakan lagu Blow di untuk unggahan TikTok mereka pada 10 Februari yang menampilkan jet meluncurkan rudal yang menghancurkan kapal.
Berhasil Pulang, Gading Marten Tiba dengan Selamat di Jakarta
Dilraba Dilmurat Berhasil Keluar Dubai dan Tiba di Malaysia
Pekan lalu, televisi pemerintah Iran mengonfirmasi Pemimpin Tertinggi Ali Khamenei meninggal setelah Donald Trump menyatakan pemerintahan keras ulama tersebut selama 37 tahun telah berakhir dengan serangan AS dan Israel terhadap Iran.
Dengan puluhan anggota kepemimpinan Iran lainnya juga tewas, Khamenei dilaporkan meninggal di kantor resminya pada dini hari gelombang pertama serangan terhadap Iran oleh angkatan udara AS dan Israel.
Sejak itu, Trump memproyeksikan perang selama empat hingga lima minggu karena pemerintahannya berjanji untuk melakukan ""apa pun yang diperlukan,"" membenarkan serangan tersebut sebagai tindakan yang diperlukan untuk menghancurkan kemampuan nuklir Iran.
Mereka juga melumpuhkan Angkatan Lautnya, mencegah Iran memperoleh senjata nuklir, dan memastikan bahwa rezim tersebut tidak dapat mengarahkan pasukan di luar perbatasannya.
[Gambas:Twitter]"
https://www.cnnindonesia.com/internasional/20260302213153-120-1333596/khamenei-tewas-bagaimana-proses-iran-tunjuk-pemimpin-tertinggi,"Khamenei Tewas, Bagaimana Proses Iran Tunjuk Pemimpin Tertinggi?","Khamenei Tewas, Bagaimana Proses Iran Tunjuk Pemimpin Tertinggi?
Posisi Pemimpin Tertinggi Iran terus menjadi sorotan menyusul kematian Ayatollah Ali Khamenei yang terbunuh dalam serangan gabungan Israel dan Amerika Serikat pada Sabtu pekan lalu.
Sejak kematian Khamenei terkonfirmasi, Iran saat ini sibuk mencari sosok pengganti yang akan berkuasa penuh atas negara tersebut di saat masih menghadapi kemungkinan serangan Israel dan AS.
ADVERTISEMENT
SCROLL TO CONTINUE WITH CONTENT
Iran telah menunjuk ulama senior, Ayatollah Alireza Arafi, memimpin Dewan Kepemimpinan Sementara yang akan mengambil alih tugas Pemimpin Tertinggi setelah kematian Khamenei.
CBS mengutip laporan kantor berita mahasiswa Iran ISNA , menyatakan Arafi akan memimpin bersama Presiden Iran Masoud Pezeshkian dan Kepala Kehakiman Gholamhossein Mohseni Ejei dalam Dewan Kepemimpinan sementara itu.
Lalu, bagaimana Iran memilih Pemimpin Tertinggi pengganti tetap Khamenei?
Pemimpin Iran dipilih badan ulama beranggotakan 88 orang yang disebut Majelis Ahli (Assembly of Expert). Badan ini dipilih publik setiap delapan tahun sekali.
[Gambas:Video CNN]
Namun, para kandidat yang mencalonkan diri untuk Majelis harus diperiksa dan disetujui Dewan Penjaga (Guardian Council). Ini adalah badan pengawas yang anggotanya sebagian ditunjuk pemimpin tertinggi, demikian dikutip Al Jazeera .
Saat kursi pemimpin tertinggi kosong, karena kematian atau pengunduran diri, Majelis Ahli berkumpul untuk memilih pengganti.
Sesuai dengan konstitusi Iran, kandidat harus laki-laki, ulama dengan kompetensi politik, otoritas moral, dan loyalitas kepada Republik Islam.
Dia juga harus merupakan ahli hukum senior dengan pengetahuan mendalam soal yurisprudensi Islam Syiah, serta punya keberanian, dan kemampuan administrasi.
Menurut berbagai laporan, sebelum meninggal Khamenei juga menyiapkan nama-nama yang akan menggantikan dirinya.
Bunuh Khamenei, Israel Ultimatum Bos Hizbullah Jadi Target Selanjutnya
Iran Membabi-buta, Gempur Kilang Minyak Terbesar Timteng Milik Saudi
Salah Tembak, 3 Jet Tempur AS Jatuh Ditembak Sistem Rudal Kuwait
Selama Republik Islam Iran berdiri, baru satu kali pemilihan pemimpin tertinggi yakni pada 1989, usai tokoh Revolusi Islam Ayatollah Ruhollah Khomeini meninggal.
Apa yang terjadi saat kekosongan kepimpinan?
Pasal 111 konstitusi Iran mengamanatkan bahwa dewan sementara harus menangani tugas-tugas sampai pemimpin tertinggi yang baru terpilih.
Dewan tersebut akan mencakup Presiden Masoud Pezeshkian, Ketua Mahkamah Agung Gholam Hossein Mohseni Ejei, dan ulama dari Dewan Penjaga Konstitusi dalam hal ini Ayatollah Alireza Arafi dari Dewan Penjaga Konstitusi.
Mereka akan memimpin negara hingga majelis secara resmi memilih pemimpin tertinggi yang baru.
Kepala keamanan Iran dan orang kepercayaan dekat mendiang Khamenei, Ali Larijani, mengatakan bahwa proses transisi sedang berlangsung."
https://www.cnnindonesia.com/internasional/20260303100712-120-1333694/istri-khamenei-meninggal-terluka-parah-imbas-serangan-israel-as,Istri Khamenei Meninggal Terluka Parah Imbas Serangan Israel-AS,"Istri Khamenei Meninggal Terluka Parah Imbas Serangan Israel-AS
Istri mendiang Pemimpin Tertinggi Iran Ayatollah Ali Khamenei meninggal dunia imbas serangan brutal Amerika Serikat dan Israel pada akhir pekan lalu.
Media semi pemerintah Iran, Tasnim, melaporkan istri Khamenei, Mansoureh Khojasteh Bagherzadeh, sempat koma sebelum akhirnya meninggal.
ADVERTISEMENT
SCROLL TO CONTINUE WITH CONTENT
Mansoureh juga dilaporkan mengalami luka serius imbas serangan AS-Israel, demikian dikutip Anadolu Agency , Senin (2/3).
Sebelum laporan kematian istrinya muncul, Khamenei lebih dulu dilaporkan meninggal imbas serangan AS dan Israel pada Sabtu. Iran baru mengonfirmasi kematian Khamenei keesokan harinya.
Mereka juga mengumumkan anak perempuan Khamenei, menantu, dan cucunya ikut tewas.
Tak cuma mereka, Menteri Pertahanan dan Panglima Pasukan Garda Revolusi Islam Iran juga jadi korban tewas imbas serangan brutal AS-Israel.
Di hari pertama AS-Israel meluncurkan operasi, Iran langsung membalas serangan mereka.
Iran juga membalas serangan dengan skala lebih besar dari sebelumnya usai Khamenei resmi dinyatakan meninggal. Mereka menargetkan Israel dan pangkalan militer AS di Timur Tengah."
https://www.cnnindonesia.com/internasional/20260306075551-120-1334907/iran-siap-bikin-malu-as-jika-berani-invasi-darat-kami-tunggu-mereka,Iran Siap Bikin Malu AS jika Berani Invasi Darat: Kami Tunggu Mereka,"Iran Siap Bikin Malu AS jika Berani Invasi Darat: Kami Tunggu Mereka
Iran menyatakan akan membuat malu Amerika Serikat saat Presiden Donald Trump membuka peluang untuk meluncurkan invasi di negara tersebut.
Sekretaris Dewan Keamanan Nasional Iran, Ali Larijani, mengatakan Pasukan Garda Revolusi Islam siap menangkap dan membunuh pasukan AS jika mereka betul-betul memasuki negara ini.
""Beberapa pejabat Amerika menyatakan mereka bermaksud memasuki wilayah Iran melalui jalur darat dengan beberapa ribu pasukan,"" kata Ali, dikutip Al Jazeera, Kamis (5/3).
ADVERTISEMENT
SCROLL TO CONTINUE WITH CONTENT
Dia lalu memperingatkan Washington konsekuensi jika tetap memaksa masuk Iran. Meski begitu, Larijani menegaskan negara ini siap dengan skenario apa pun.
Lebih lanjut, ia mengatakan putra-putri bangsa yang pernah dipimpin Ruhollah Khomenei dan Ali Khamenei ini bakal terus melanjutkan perjuangan melawan AS-Israel.
""Anak-anak Imam Khomeini dan Imam Khamenei yang gagah berani sedang menunggu kalian, siap mempermalukan para pejabat Amerika yang korup itu dengan membunuh dan menangkap ribuan orang,"" ujar Larijani.
Menteri Luar Negeri Iran Abbas Araghchi turut menggemakan pernyataan Larijani. Menlu itu menegaskan Iran tak takut kemungkinan invasi AS.
""Tidak, kami sedang menunggu mereka,"" kata Araghchi kepada NBC News.
Araghchi lalu mengatakan serangan darat akan menjadi ""bencana besar"" bagi pasukan AS.
Komentar para pejabat Iran itu muncul usai Trump membuka kemungkinan pasukan darat masuk Iran.
""Saya tak merasa gugup soal pengerahan pasukan darat - seperti yang selalu dikatakan setiap presiden, 'Tidak akan ada pasukan darat.' Saya tidak mengatakannya,"" kata Trump saat wawancara dengan New York Times awal pekan ini.
""Saya mengatakan 'mungkin tidak membutuhkannya,' [atau] 'jika memang diperlukan',"" imbuh dia.
Menteri Pertahanan AS Pete Hegseth juga mengulangi kemungkinan pengerahan pasukan ke Iran. Ia mengonfirmasi saat ini tidak ada pasukan AS di dalam Iran, tetapi tetap membuka opsi tersebut.
""Anda tidak perlu mengirimkan 200.000 orang ke sana dan tinggal selama 20 tahun,"" kata Hegseth, dikutip Al Jazeera.
AS dan sekutu dekatnya Israel sedang terlibat perang dengan Iran sejak pekan lalu. Konflik ini bermula setelah Washington dan Tel Aviv menggempur negara Timur Tengah itu hingga menyebabkan Khamenei serta ribuan warga lainnya tewas."
https://www.cnnindonesia.com/internasional/20260307073832-134-1335270/trump-persulit-jalur-diplomasi-iran-harus-menyerah-tanpa-syarat,Trump Persulit Jalur Diplomasi: Iran Harus Menyerah Tanpa Syarat!,"Trump Persulit Jalur Diplomasi: Iran Harus Menyerah Tanpa Syarat!
Presiden Amerika Serikat (AS) Donald Trump memaksa Iran untuk menyerah tanpa syarat usai perang berlangsung lebih dari sepekan.
""Tidak akan ada kesepakatan dengan Iran kecuali penyerahan tanpa syarat!"" tulis Trump dalam akun Truth Social, Jumat (6/3).
Desakan Trump dinilai dapat mempersulit upaya diplomatik untuk segera mengakhiri konflik. Sebab, pernyataan itu muncul beberapa jam setelah Presiden Iran Masoud Pezeshkian menyatakan sejumlah negara telah memulai upaya mediasi untuk menghentikan perang.
ADVERTISEMENT
SCROLL TO CONTINUE WITH CONTENT
Trump menambahkan setelah tuntutannya dipenuhi dan terpilih pemimpin tertinggi yang dapat diterima AS, maka pihaknya dan sekutu akan membantu Iran bangkit kembali secara ekonomi.
Beberapa jam sebelumnya, Presiden Iran Masoud Pezeshkian mengatakan sejumlah negara telah mulai melakukan upaya mediasi, meski tidak menyebutkan negara mana saja.
""Kami berkomitmen pada perdamaian yang berkelanjutan di kawasan, tetapi tidak akan ragu membela martabat dan kedaulatan negara kami,"" katanya.
Pernyataan serampangan Trump memicu kegelisahan di pasar keuangan global. Indeks saham Eropa dan AS anjlok tajam, sementara harga minyak melonjak ke level tertinggi sejak 2023 gara-gara aliran pasokan energi terganggu.
Sebelumnya, Trump juga mendesak ingin punya peran dalam menentukan siapa pemimpin tertinggi baru Iran untuk menggantikan Ayatollah Ali Khamenei, yang tewas pada hari pertama perang. Juru bicara Gedung Putih Karoline Leavitt mengatakan pemerintah AS sudah mulai mempertimbangkan sejumlah kandidat.
Namun, Duta Besar Iran untuk PBB, Amir Saeid Iravani menegaskan pemimpin baru Iran akan dipilih sesuai konstitusi negara tersebut, tanpa campur tangan asing.
Iran mencatat sedikitnya 1.332 warga sipil tewas dalam perang melawan AS dan Israel, sementara ribuan lainnya terluka.
Iravani menegaskan AS dan Israel sengaja menargetkan infrastruktur sipil. Sementara pihaknya menargetkan lokasi militer, bukan area warga sipil.
Ia juga mengatakan Iran tidak menargetkan fasilitas non-militer di negara-negara tetangga, serta sedang menyelidiki tuduhan itu.
Kepada Reuters , dua pejabat AS mengatakan penyelidik militer menduga pasukan AS kemungkinan bertanggung jawab atas serangan yang mengenai sebuah sekolah perempuan di Iran pada hari pertama perang dan menewaskan ratusan anak-anak. Namun penyelidikan masih berlangsung.
Serangan Iran juga telah menewaskan 11 orang di Israel, sementara enam tentara AS dilaporkan tewas sejak konflik dimulai.
Perang Iran melawan AS dan Israel pecah pada 28 Februari lalu.
Konflik terjadi lantaran serangan provokasi Washington dan Tel Aviv melancarkan serangan terlebih dahulu ke Teheran, saat negosiasi program nuklir Iran sedang berjalan."
https://www.cnnindonesia.com/internasional/20260301094139-120-1332983/siapa-pengganti-khamenei-setelah-tewas-dibunuh-as-israel,Siapa Pengganti Khamenei Setelah Tewas Dibunuh AS-Israel?,"Siapa Pengganti Khamenei Setelah Tewas Dibunuh AS-Israel?
Media Iran, Tasnim dan Fars News Agency , mengonfirmasi Pemimpin Tertinggi Iran Ayatollah Ali Khamene i tewas dalam serangan Amerika Serikat dan Israel di Teheran pada Sabtu (28/2) waktu setempat.
Dikutip dari siaran langsung Al Jazeera , media yang berafiliasi dengan Korps Garda Revolusi Islam (IRGC) serta sejumlah pejabat tinggi Iran sebelumnya sempat membantah kabar kematian tersebut dan menyebutnya sebagai berita palsu.
ADVERTISEMENT
SCROLL TO CONTINUE WITH CONTENT
Namun, Tasnim dan Fars kemudian memastikan kematian Khamenei tanpa memberikan rincian lebih lanjut terkait kronologi serangan maupun dampak lanjutan di dalam negeri.
Sebelumnya, Presiden Amerika Serikat Donald Trump menyatakan melalui akun Truth Social miliknya bahwa Khamenei telah tewas dalam serangan Washington dan Israel ke Teheran.
""Ali Khamenei sudah tewas. Ini adalah peluang tunggal terbesar bagi rakyat Iran untuk merebut kembali negara mereka,"" tulis Trump, seperti dilansir Reuters .
Perdana Menteri Israel Benjamin Netanyahu juga lebih dahulu mengklaim kematian Khamenei sebelum pernyataan Trump tersebut.
Pertanyaan berikutnya, siapa yang akan menggantikan Khamenei?
Melansir laporan langsung Al Jazeera, Konstitusi Iran telah mengatur proses suksesi apabila Pemimpin Tertinggi meninggal dunia.
Dalam mekanisme tersebut, kekuasaan sementara akan dipegang oleh sebuah dewan yang terdiri dari tiga orang, yakni Presiden Iran, Kepala Kehakiman, serta satu ulama dari Dewan Garda (Guardian Council).
Dewan ini akan mengambil alih kendali pemerintahan hingga Majelis Ahli (Assembly of Experts) menunjuk Pemimpin Tertinggi yang baru.
Selain itu, Al Jazeera melaporkan adanya kabar bahwa kewenangan tertentu juga diberikan kepada Ali Larijani, Sekretaris Dewan Keamanan Nasional Iran. Meski demikian, laporan tersebut belum dapat dikonfirmasi secara independen.
Sejauh ini, belum ada pernyataan resmi yang merinci bagaimana proses transisi akan berlangsung dan siapa kandidat terkuat untuk menggantikan Khamenei secara permanen.
Apabila kematian Khamenei terkonfirmasi sepenuhnya dan proses suksesi berjalan, kondisi ini dinilai akan menjadi titik balik besar (game changer) dalam politik domestik Iran maupun dinamika geopolitik kawasan Timur Tengah."
https://www.cnnindonesia.com/internasional/20240801071732-120-1127878/khamenei-perintah-iran-serang-langsung-israel-balas-kematian-bos-hamas,Khamenei Perintah Iran Serang Langsung Israel Balas Kematian Bos Hamas,"Khamenei Perintah Iran Serang Langsung Israel Balas Kematian Bos Hamas
Pemimpin Tertinggi Iran Ayatollah Ali Khamenei telah mengeluarkan perintah untuk melancarkan serangan langsung ke Israel sebagai balasan atas serangan ke Teheran yang tewaskan pemimpin politik Hamas , Ismail Haniyeh , di Teheran, Rabu (31/7).
Menurut tiga pejabat Iran termasuk dua anggota Pasukan Garda Revolusi (militer), Khamenei melayangkan perintah itu dalam rapat darurat Dewan Keamanan Tertinggi Nasional pada Rabu (31/7) pagi.
ADVERTISEMENT
SCROLL TO CONTINUE WITH CONTENT
Dikutip New York Times , rapat itu digelar beberapa jam setelah serangan yang menewaskan Haniyeh terjadi.
Sebelumnya, Khamenei juga telah mengeluarkan pernyataan keras menanggapi serangan rudal ke Teheran yang diduga kuat dilakukan Israel itu.
Dalam sebuah pernyataan yang dikutip media Iran, IRNA , Khamenei mengatakan bahwa Negeri Zionis telah ""menggali kuburannya sendiri"" karena membunuh Haniyeh di wilayah teritori Iran.
Haniyeh merupakan pemimpin Hamas, kelompok milisi Palestina yang dibekingi Iran. Haniyeh tewas di kediamannya usai bertemu dengan Khamenei dan menghadiri pelantikan Presiden baru Iran Masoud Pezeshkian pada Selasa (30/7).
""Dengan tindakan ini, rezim Zionis yang kriminal dan teroris menyiapkan dasar untuk hukuman berat bagi dirinya sendiri. Kami akan menganggap tugas kami untuk membalas dendam atas darah (Haniyeh) karena dia mati syahid di wilayah Iran,"" kata Khamenei dalam sebuah pernyataan seperti dikutip media Iran, IRNA .
Khameneijuga mengatakan negaranya berkewajiban melancarkan pembalasan terhadap Israel lantaran serangan yang menewaskan Haniyeh terjadi di tanah Iran
""Kami menganggap ini sebagai kewajiban kami untuk membalaskan darahnya atas insiden pahit dan sulit yang terjadi di wilayah Republik Islam (Iran),"" ucap Khamenei seperti dikutip Al Jazeera.
Ismail Haniyeh dinyatakan tewas dalam serangan di kediamannya di Teheran pada Rabu (31/7) dini hari. Hamas menuduh Israel dalang di balik serangan ini.
Menurut media Iran, kediaman Haniyeh diserang oleh ""proyektil berpemandu udara"". Sumber Iran mengatakan kepada media Lebanon pro-Hizbullah al Mayadeen bahwa rudal tersebut ditembakkan dari luar Iran. Otoritas Iran belum mengonfirmasi hal ini.
Bos Hamas Ismail Haniyeh Tewas Dirudal Israel sampai Bikin Syok Iran
Sesumbar Jenderal Israel Usai Bos Hamas dan Komandan Hizbullah Tewas
Houthi Usai Haniyeh Hamas Tewas: Israel Hadapi Gelombang Pembalasan
Haniyeh sendiri sedang menempati salah satu kediaman veteran perang di utara Teheran dalam serangan tersebut.
Ismail Haniyeh merupakan kepala biro politik Hamas sejak 2017, menggantikan Khaled Meshaal. Haniyeh jadi tokoh terkenal, terutama usai menjadi Perdana Menteri Palestina pada 2006, menyusul kemenangan Hamas pada pemilu parlemen.
Haniyeh tinggal di pengasingan dan berpindah antara Turki dan Qatar. Dia bergabung dengan Hamas pada tahun 1987, saat peristiwa Intifada Pertama.
Selama agresi Israel ke Palestina, keluarga Haniyeh turut jadi sasaran serangan. Pada April lalu, tiga anak dan empat cucu Haniyeh tewas dibunuh Israel."
https://www.cnnindonesia.com/internasional/20260301083937-120-1332966/media-iran-konfirmasi-khamenei-tewas-dalam-serangan-as-israel,Media Iran Konfirmasi Khamenei Tewas dalam Serangan AS-Israel,"Media Iran Konfirmasi Khamenei Tewas dalam Serangan AS-Israel
Media Iran , Tasnim dan Fars News Agency mengonfirmasi Pemimpin Tertinggi Iran Ayatollah Ali Khamenei tewas terbunuh dalam serangan Amerika Serikat dan Israel di Teheran pada Sabtu (28/2).
Dikutip dari Al Jazeera , media itu memastikan kematian Khamenei tanpa memberikan rincian lebih lanjut.
ADVERTISEMENT
SCROLL TO CONTINUE WITH CONTENT
Sebelumnya, Presiden AS Donald Trump menyatakan melalui akun Truth Social miliknya bahwa Khamenei telah tewas dalam serangan Washington dan Israel ke Teheran.
""Ali Khamenei sudah tewas. Ini adalah peluang tunggal terbesar bagi rakyat Iran untuk merebut kembali negara mereka. ""Ini adalah peluang tunggal terbesar bagi rakyat Iran untuk merebut kembali negara mereka,"" tulis Trump dalam unggahannya di media sosial Truth Social, seperti dilansir Reuters.
Perdana Menteri Israel Benjamin Netanyahu juga lebih dahulu mengeklaim kematian Khamenei sebelum pernyataan Trump tersebut."
https://www.cnnindonesia.com/internasional/20260306083018-134-1334913/trump-ngotot-punya-hak-ikut-pilih-pemimpin-iran-pengganti-khamenei,Trump Ngotot Punya Hak Ikut Pilih Pemimpin Iran Pengganti Khamenei,"Trump Ngotot Punya Hak Ikut Pilih Pemimpin Iran Pengganti Khamenei
Presiden Amerika Serikat Donald Trump mengatakan ingin terlibat dalam menentukan penerus pemimpin tertinggi Iran , usai Ayatollah Ali Khamenei tewas dalam serangan brutal AS-Israel pekan lalu.
Trump merasa punya hak untuk menentukan masa depan Iran.
ADVERTISEMENT
SCROLL TO CONTINUE WITH CONTENT
""Kami ingin terlibat dalam proses pemilihan orang yang akan memimpin Iran di masa depan,"" kata dia dalam wawancara telepon dengan Reuters, Kamis (5/3).
Di kesempatan terpisah, Trump juga menolak kandidat pengganti Khamenei yang juga anaknya, Mojtaba Khamenei. Di mata Trump, Mojtaba dianggap sebagai sosok yang ""tak berbobot.""
Trump sebelumnya mengatakan telah memilih tiga orang yang sangat bagus sebagai pengganti Khamenei. Namun dia enggan memberi rincian lebih lanjut.
""Saya tidak akan menyebutkan namanya. Mari kita selesaikan ini dulu,"" kata Trump kepada New York Times yang dikutip AFP, Senin.
Iran saat ini dalam proses transisi. Selama kursi pemimpin tertinggi kosong, tugas-tugas jabatan ini dipegang dewan sementara.
Dewan tersebut mencakup Presiden Masoud Pezeshkian, Ketua Mahkamah Agung Gholam Hossein Mohseni Ejei, dan ulama dari Dewan Penjaga Konstitusi Ayatollah Alireza Arafi.
Iran punya mekanisme sendiri dalam memilih pemimpin tertinggi. Pemilihan akan dilakukan badan ulama beranggotakan 88 orang yang disebut Majelis Ahli (Assembly of Expert). Badan ini dipilih publik setiap delapan tahun sekali.
Mereka yang ingin jadi anggota Majelis Ahli harus diperiksa dan disetujui Dewan Penjaga (Guardian Council). Ini adalah badan pengawas yang anggotanya sebagian ditunjuk pemimpin tertinggi."
https://www.cnnindonesia.com/internasional/20260307064758-120-1335263/tudingan-serangan-iran-ke-timteng-dan-false-flag-operation-israel,Tudingan Serangan Iran ke Timteng dan False Flag Operation Israel,"Tudingan Serangan Iran ke Timteng dan False Flag Operation Israel
Iran masih terus melancarkan serangan balasan yang menargetkan situs militer Amerika Serikat di negara-negara Timur Tengah di hari kedelapan perang melawan AS-Israel, Sabtu (7/3).
Serangan balasan dilancarkan Iran menyusul gempuran AS-Israel ke Teheran sejak 28 Februari lalu, yang menewaskan sejumlah komandan dan pejabat tinggi Iran termasuk Pemimpin Tertinggi Ayatollah Ali Khamenei.
ADVERTISEMENT
SCROLL TO CONTINUE WITH CONTENT
Meski begitu, Iran membantah sejumlah serangan drone yang menyasar situs sipil dan energi di negara-negara Arab.
Teheran menuding sejumlah serangan itu dilakukan Israel dalam false flag operation untuk ""mengalihkan perhatian negara-negara kawasan dari kejahatan Israel dan menyerang lokasi sipil di Iran.""
False flag operation merupakan tindakan rahasia yang dirancang untuk disalahartikan dan memanipulasi persepsi publik seolah-olah dilakukan oleh pihak lain dan memfitnah pihak tersebut (kambing hitam) sehingga bisa membenarkan tindakan pembalasan/perang.
Berikut tudingan-tudingan serangan drone dan rudal di Timur Tengah yang dibantah Teheran hingga ada yang terkonfirmasi:
Serangan drone ke Kedubes AS hingga kilang di Saudi
Otoritas Arab Saudi menyatakan dua drone menyerang kompleks kedutaan besar AS di ibu kota Riyadh, memicu kebakaran kecil dan kerusakaan material.
Insiden pada Kamis (5/3) itu turut memicu penutupan kedubes AS sementara waktu.
Namun, Dikutip Arab News , Duta Besar Iran di Riyadh, Alireza Enayati, menegaskan negaranya tidak melancarkan serangan ke kedubes AS di ibu kota tersebut.
""Kami mengonfirmasi bahwa Iran tidak terlibat dalam serangan ke Kedubes AS di Riyadh. Jika komando operasi di Teheran melancarkan serangan ke suatu tempat maka akan bertanggung jawab atas hal tersebut,"" ucap Alireza.
Alireza juga membantah Iran melancarkan serangan ke kilang minyak Ras Tanura di Saudi, yang menjadi salah satu kilang minyak terbesar di Timur Tengah.
[Gambas:Video CNN]
Bantahan itu dinyatakan Alireza menyusul tuduhan Saudi bahwa kilang Ras Tanura sempat diserang dua drone Iran meski berhasil dicegat. Insiden itu memicu kebakaran kecil di kompleks strategis tersebut.
Serangan drone dan rudal juga menyasar fasilitas minyak lainnya di Saudi dan Iran pun kekeh membantah berada di balik serangan-serangan tersebut.
Sementara itu, dikutip Al Jazeera , Menteri Luar Negeri Iran Abbas Araghchi mengatakan Teheran tidak akan menargetkan fasilitas sipil, kecuali memang situs tersebut digunakan untuk pasukan AS.
Serangan drone ke Bandara Azerbaijan
Perang Iran vs AS-Israel makin meluas bahkan mulai menyeret Azerbaijan, negara di Asia.
Azerbaijan mengutuk serangan drone ke Bandara Nakhchivan hingga melukai dua orang. Baku menuding serangan itu dilancarkan oleh Iran dan bahkan mengancam akan melancarkan serangan balasan.
Nakhchivan merupakan wilayah yang merupakan bagian dari kesepakatan perdamaian yang dimediasi Amerika Serikat (AS). Kesepakatan tersebut ditandatangani Armenia dan Azerbaijan.
Namun, Iran membantah telah melancarkan serangan tersebut. Menteri Luar Negeri Iran, Abbas Araghchi menelepon Menlu Azerbaijan Jeyhun Bayramov dan mengatakan bukan Teheran yang berada di balik serangan tersebut.
Araghchi bahkan menyebut Israel sebagai pihak yang bertanggung jawab dalam insiden itu.
""Serangan itu bertujuan untuk mengalihkan opini publik dan merusak hubungan baik Iran dengan negara-negara tetangganya,"" ucap Araghchi.
Baca halaman berikutnya >>>
Serangan ke Turki hingga NATO turun tangan
Pertahanan udara aliansi militer Pakta Pertahanan Atlantik Utara (NATO) menghancurkan rudal balistik diduga milik Iran yang menuju wilayah udaraTurki pada Rabu (4/3).
Kementerian Pertahanan Turki melaporkan rudal itu melewati Irak dan Suriah, lalu ditembak sistem pertahanan udara dan rudal NATO di Laut Mediterania timur.
Menteri Luar Negeri Hakan Fidan sampai menyampaikan protes langsung ke Menlu Iran Abbas Araghchi melalui telepon setelah insiden tersebut. Namun, Iran membantah serangan tersebut.
Teheran menegaskan menghormati kedaulatan Ankara.
""Angkatan Bersenjata Republik Islam Iran menghormati kedaulatan negara tetangga yang bersahabat, Turki, dan membantah telah menembakkan rudal apa pun ke teritorialnya,"" kata Kepala Staf Umum Angkatan Bersenjata Iran seperti dikutip CNN .
Serangan ke pelabuhan Oman
Serangan drone menghantam pelabuhan Duqm hingga melukai satu orang pada Minggu (1/3). Satu kapal tanker minyak di lepas pantai Oman juga ikut kena serangan udara.
Namun, Iran lagi-lagi membantah serangan ke Oman. Kepala Staf Gabungan Angkatan Bersenjata Iran membantah melancarkan agresi apa pun terhadap Oman.
Serangan drone ke Siprus dibantah Inggris dilakukan oleh Iran
Sebuah serangan drone yang awalnya diduga milik Iran menghantam pangkalan Angkatan Udara Kerajaan Inggris (RAF) di Akrortiri, Siprus, Senin (2/3).
Presiden Siprus dan Kementerian Pertahanan Inggris melaporkan serangan drone itu menyebabkan kerusakan terbatas pada pangkalan militer meski tanpa korban jiwa.
Meskipun pangkalan tersebut dianggap sebagai wilayah kedaulatan Inggris, Siprus sendiri merupakan anggota Uni Eropa dan saat ini memegang presidensi bergilir blok tersebut.
Akrotiri, yang terletak di barat daya kota pesisir Limassol, adalah satu dari dua pangkalan yang tetap dipertahankan Inggris di bekas koloninya sejak kemerdekaan pada 1960. Selain fasilitas militer, kawasan itu juga menjadi tempat tinggal keluarga personel yang bertugas.
Belakangan, Inggris mengonfirmasi bahwa serangan dron itu bukan datang dari Iran.
Semalaman, jet Typhoon dan F-35B AU Inggris melanjutkan operasi pertahanan udara di sepanjang timur tengah dengan dukungan dari pesawat BBM Voyager dalam mempertahankan kepentingan Inggris dan sekutu,"" demikian pernyataan Kemhan Inggris.
""Kementerian Pertahanan dapat memastikan bahwa drone yang menyerupai jenis Shahed yang menargetkan AU Inggris di Akrotiri, Siprus, pada tengah malam 2 Maret tidak diluncurkan dari Iran,"" lanjut pernyataan tersebut.
Namun, Inggris hingga kini belum mengonfirmasi detail lokasi asal drone tersebut diluncurkan."
https://www.cnnindonesia.com/internasional/20260306160310-106-1335119/ri-diminta-keluar-bop-saat-as-israel-bombardir-iran-kemlu-buka-suara,"RI Diminta Keluar BoP saat AS-Israel Bombardir Iran, Kemlu Buka Suara","RI Diminta Keluar BoP saat AS-Israel Bombardir Iran, Kemlu Buka Suara
Kementerian Luar Negeri Indonesia menanggapi soal ramai-ramai organisasi masyarakat meminta Indonesia keluar dari Dewan Perdamaian (Board of Peace/BoP) menyusul serangan bersama Amerika Serikat dan Israel ke Iran .
Juru bicara Kemlu RI Yvonne Mewengkang mengatakan partipasi Indonesia dalam Dewan Perdamaian atau organisasi internasional lain berdasarkan konstitusi dan kepentingan nasional.
ADVERTISEMENT
SCROLL TO CONTINUE WITH CONTENT
""Terkait dengan Board of Peace, kami menyadari sepenuhnya pertanyaan masyarakat saat ini sehubungan dengan Board of Peace,""kata Yvonne saat konferensi pers di Gedung Palapa Kemlu, Jumat (6/3).
Dia lalu berujar, ""Saya tekankan sekali lagi bahwa setiap keputusan mengenai keikutsertaan Indonesia dalam mekanisme internasional apapun akan didasarkan pada prinsip politik luar negeri Indonesia dan yang terpenting adalah kepentingan nasional kita.""
Lebih lanjut, Yvonne mengatakan hal yang juga penting digarisbawahi adalah partisipasi Indonesia untuk berkontribusi pada perdamaian dan stabilitas di Palestina.
""Partisipasi kita di BOP tetap konsisten untuk mendukung stabilisasi dan rekonstruksi di Palestina,"" ujar dia.
""Jadi, setiap keputusan mengenai partisipasi Indonesia akan diambil melalui pertimbangan komprehensif dari semua faktor tersebut,"" imbuh Yvonne.
Sebelumnya, sejumlah organisasi masyarakat seperti Majelis Ulama Indonesia (MUI), Muhammadiyah, meminta Indonesia keluar dari BOP usai Amerika Serikat dan Israel meluncurkan serangan brutal ke Iran.
AS merupakan inisiator sekaligus ketua Dewan Perdamaian, sementara Israel adalah salah satu anggotanya. Presiden Donald Trump saat mengumumkan pembentukan BoP sesumbar dewan ini akan menciptakan perdamaian abadi di Timur Tengah. Namun, peristiwa pekan lalu menggambarkan situasi sebaliknya.
Tak cuma ormas, lebih dari 60 tokoh dan 70 organisasi masyarakat sipil menandatangani petisi yang meminta pemerintah menarik partisipasi Indonesia dari BoP karena tindakan AS dan Israel melanggar hukum internasional serta merusak perdamaian dunia.
AS dan Israel menggempur Iran pada 28 Februari. Imbas serangan mereka Pemimpin Tertinggi Ayatollah Ali Khamenei dan keluarganya, Panglima Korps Garda Revolusi Islam, hingga Menteri Pertahanan tewas.
Di hari itu pula, Iran meluncurkan serangan balasan ke Israel dan aset AS di Timur Tengah. Balasan Iran kian intensif setelah Khamenei dinyatakan meninggal.
Sejumlah pejabat Iran menegaskan serangan balasan mereka tak menargetkan negara-negara Arab tetapi pangkalan militer AS di sana yang digunakan untuk menyerang negara itu."
https://www.cnnindonesia.com/internasional/20260306133352-106-1335046/perang-as-israel-vs-iran-membara-kemlu-minta-wni-tunda-umrah,"Perang AS-Israel vs Iran Membara, Kemlu Minta WNI Tunda Umrah","Perang AS-Israel vs Iran Membara, Kemlu Minta WNI Tunda Umrah
Kementerian Luar Negeri Indonesia meminta warga negara Indonesia (WNI) untuk menunda perjalanan ke Arab Saudi saat Amerika Serikat dan sekutunya Israel berperang dengan Iran sejak pekan lalu.
Perang tersebut berdampak ke sejumlah negara Timut Tengah dan pembatalan penerbangan dari dan ke kawasan tersebut.
ADVERTISEMENT
SCROLL TO CONTINUE WITH CONTENT
""Khusus terkait penanganan jemaah Umroh, Kemlu berkoordinasi dengan Kementerian Haji dan Umroh juga menyampaikan imbauan untuk penundaan perjalanan ke kawasan Timur Tengah hingga situasi lebih kondusif,"" kata Plt Direktur Pelindungan WNI Kemlu Heni Hamidah saat konferensi pers, Jumat (6/3).
Berdasarkan data Sistem Komputerisasi Pengelolaan Umrah dan Haji Khusus (SISKOPATUH), saat ini tercatat sebanyak 58.873 jemaah umrah Indonesia masih berada di Arab Saudi.
Kemudian per 1 Maret, data 13 asosasi penyelenggara ibadah haji dan umrah (PIHU) mencatat sekitar 14 ribu jemaah umrah masih tertahan di Arab Saudi dan sejumlah negara lain di Timur Tengah.
Mereka yang tertahan selain di Saudi merupakan jemaah yang sedang di negara transit. Para jemaah ini tertahan umumnya karena dua hal yakni jalur udara negara tujuan tertutup dan kebijakan maskapai.
Di kesempatan ini, Heni turut menjelaskan jemaah umrah asal Indonesia yang mengalami stranded (terjebak) imbas Timur Tengah membara.
Perwakilan Indonesi di Saudi, lanjut dia, lalu menerjunkan tim pemantauan di Bandara Internasional King Abdul Aziz Jeddah, dan Bandara Prince Muhammad bin Abdul Aziz Madinah selama 24 jam.
""Jemaah yang masih tertahan kepulangannya di bawah koordinasi perwakilan dan pihak travel, dicarikan akomodasi atau penginapan di sekitar Bandara Jeddah dan Madinah sambil menunggu tiket kepulangan yang tersedia,"" ujar Heni.
Perwakilan Indonesia juga saat ini tengah menjajaki berbagai penerbangan untuk mengupayakan penerbangan tambahan ke wilayah tersebut.
Sebelumnya, Menteri Haji dan Umrah Dahnil Anzar meminta WNI yang ingin umrah untuk mempertimbangkan perjalanna mereka mengingat situasi yang memanas.
Sementara itu, Direktur Jenderal Bina Penyelenggaraan Haji dan Umra Kementerian Haji dan Umrah, Puji Raharjo, juga meminta jemaah serta keluarga di Indonesia tetap tenang dan tidak pani.
Timur Tengah bergejolak saat AS-Israel berperang dengan Iran. Konflik ini bermula ketika dua negara tersebut menggempur Iran pada 28 Februari.
Serangan tersebut menewaskan Pemimpin Tertinggi Ayatollah Ali Khamenei, Menteri Pertahanan, hingga Panglima Korps Garda Revolusi Islam (IRGC). Akibat gempuran itu pula, lebih dari 1.000 warga di Iran tewas.
Di hari yang sama saat AS-Israel menyerang, Iran langsung meluncurkan balasan. Respons mereka kian intensif usai Khamenei resmi dinyatakan meninggal.
Iran menargetkan Israel dan aset-aset militer yang Amerika Serikat yang ada di Timur Tengah."
https://www.cnnindonesia.com/olahraga/20260306171747-178-1335146/stadion-stadion-olahraga-iran-jadi-target-rudal-as-israel,Stadion-stadion Olahraga Iran Jadi Target Rudal AS-Israel,"Stadion-stadion Olahraga Iran Jadi Target Rudal AS-Israel
Kompleks olahraga Azadi yang ikonik di kota Teheran hancur setelah menjadi sasaran rudal AS-Israel, menurut Tasnim.
Serangan brutal AS-Israel itu menghantam stadion berkapasitas 12.000 tempat duduk tersebut. Ini adalah stadion yang biasa digunakan untuk pertandingan voli, gulat, dan futsal.
Klub sepak bola Persepolis yang berbasis di Teheran, mengutuk serangan tersebut. Serangan ke fasilitas olahraga tidak dibenarkan karena olahraga melambangkan perdamaian.
ADVERTISEMENT
SCROLL TO CONTINUE WITH CONTENT
Jadwal Wakil Indonesia di Perempat Final All England: Duel vs Unggulan
All England: Misi Putri KW Menembus Tembok Tebal An Se Young
Hasil Indian Wells: Kalahkan Eks Partner, Janice Tjen Lolos 16 Besar
Dalam komplek olahraga Azadi juga terdapat gedung Federasi Balap Sepeda Iran, kolam renang utama Federasi Dayung. Semuanya luluh lantak karena serangan itu.
Menurut Tasnim, AS-Israel juga menargetkan kompleks olahraga lain bernama Besat, di selatan Teheran. Setidaknya tujuh rudal ditembakkan jet tempur AS-Israel pada Kamis (5/3).
Ini kontras dengan serangan yang dilakukan Iran. Negeri para Mullah ini juga membombardir Israel, tetapi sasaran utamanya adalah markas-markas militer AS-Israel.
Perang Iran versus AS-Israel sudah berlangsung sepekan. Perang ini pertama kali dilancarkan AS-Israel dengan menyerang pemimpin tertinggi Iran, termasuk Ali Khamenei.
Serangan ini membuat Iran yang tidak melakukan tindakan militer selama masa diplomasi, terpaksa melakukan balasan. Bahkan, kini ada potensi perang kian meluas ke wilayah lainnya.
Karena situasi ini kegiatan olahraga di Iran dihentikan sementara tanpa kepastian kapan dimulai kembali. Kompetisi sepak bola dan lainnya hingga kini masih ditunda.
[Gambas:Video CNN]"
https://www.cnnindonesia.com/internasional/20240731172249-120-1127724/khamenei-soal-kematian-bos-hamas-tugas-kami-balas-darahnya-ke-israel,Khamenei soal Kematian Bos Hamas: Tugas Kami Balas Darahnya ke Israel,"Khamenei soal Kematian Bos Hamas: Tugas Kami Balas Darahnya ke Israel
Pemimpin tertinggi Iran Ayatollah Ali Khamenei bersumpah bakal membalas Israel buntut kematian pemimpin biro politik Hamas Ismail Haniyeh di Iran pada Rabu (31/7).
Dalam sebuah pernyataan yang dikutip media Iran, IRNA , Khamenei mengatakan bahwa Negeri Zionis telah ""menggali kuburannya sendiri"" karena membunuh Haniyeh di wilayah teritori Iran.
ADVERTISEMENT
SCROLL TO CONTINUE WITH CONTENT
Haniyeh merupakan pemimpin Hamas, kelompok milisi Palestina yang dibekingi Iran. Haniyeh tewas di kediamannya usai bertemu dengan Khamenei dan menghadiri pelantikan Presiden baru Iran Masoud Pezeshkian pada Selasa (30/7).
""Dengan tindakan ini, rezim Zionis yang kriminal dan teroris menyiapkan dasar untuk hukuman berat bagi dirinya sendiri. Kami akan menganggap tugas kami untuk membalas dendam atas darah (Haniyeh) karena dia mati syahid di wilayah Iran,"" kata Khamenei dalam sebuah pernyataan seperti dikutip media Iran, IRNA .
Khamenei juga mengatakan negaranya berkewajiban melancarkan pembalasan terhadap Israel lantaran serangan yang menewaskan Haniyeh terjadi di tanah Iran
""Kami menganggap ini sebagai kewajiban kami untuk membalaskan darahnya atas insiden pahit dan sulit yang terjadi di wilayah Republik Islam (Iran),"" ucap Khamenei seperti dikutip Al Jazeera.
Ismail Haniyeh dinyatakan tewas dalam serangan di kediamannya di Teheran pada Rabu (31/7) dini hari. Hamas menuduh Israel dalang di balik serangan ini.
Menurut media Iran, kediaman Haniyeh diserang oleh ""proyektil berpemandu udara"". Sumber Iran mengatakan kepada media Lebanon pro-Hizbullah al Mayadeen bahwa rudal tersebut ditembakkan dari luar Iran. Otoritas Iran belum mengonfirmasi hal ini.
Haniyeh sendiri sedang menempati salah satu kediaman veteran perang di utara Teheran dalam serangan tersebut.
Ismail Haniyeh merupakan kepala biro politik Hamas sejak 2017, menggantikan Khaled Meshaal. Haniyeh jadi tokoh terkenal, terutama usai menjadi Perdana Menteri Palestina pada 2006, menyusul kemenangan Hamas pada pemilu parlemen.
Haniyeh tinggal di pengasingan dan berpindah antara Turki dan Qatar. Dia bergabung dengan Hamas pada tahun 1987, saat peristiwa Intifada Pertama.
Selama agresi Israel ke Palestina, keluarga Haniyeh turut jadi sasaran serangan. Pada April lalu, tiga anak dan empat cucu Haniyeh tewas dibunuh Israel."
